timestamp,open,high,low,close,volume
2015-01-01 00:00:00+00:00,100.27068971377435,100.37587817140579,100.15792532726107,100.32524485676994,842960.0928639314
2015-01-02 00:00:00+00:00,100.46683557894855,100.56294873675172,99.11445643194648,99.30714436293626,893508.3781779059
2015-01-03 00:00:00+00:00,99.29842165252094,100.262499837092,99.2694021035793,100.07521243970147,972994.0326446965
2015-01-04 00:00:00+00:00,100.0956985047928,101.28124521089609,99.82007278709636,101.0411313313059,855673.6612326676
2015-01-05 00:00:00+00:00,101.16025423571503,101.49432135950386,98.83831039463627,99.108709451507,959313.5485445295
2015-01-06 00:00:00+00:00,99.0197600814238,99.06628960606123,97.67782077106196,97.84606984052279,962536.9704922449
2015-01-07 00:00:00+00:00,97.74892368242253,98.27886032874875,97.50248026534616,97.99083284739774,1130968.3786666694
2015-01-08 00:00:00+00:00,97.97157780352973,98.16762396334944,97.62436906004284,97.70097182180396,1014253.3702291463
2015-01-09 00:00:00+00:00,97.78178740819152,97.85882026657181,97.68175241892169,97.70409717199658,1102942.9576063878
2015-01-10 00:00:00+00:00,97.57406501158323,97.83476677637654,96.8204764588206,96.89355987672069,1030167.4718809719
2015-01-11 00:00:00+00:00,96.7319380663399,97.84320525340102,96.64070344148874,97.7689493084668,946433.2728767935
2015-01-12 00:00:00+00:00,97.84948363802728,98.69796276993999,97.66676522974088,98.55206175179086,1013371.6807746511
2015-01-13 00:00:00+00:00,98.49263699589577,98.74527079663036,98.30047231026583,98.63688325901249,1072942.6333932173
2015-01-14 00:00:00+00:00,98.59819530756492,99.86221103224415,98.4572142571675,99.77500223106051,1119340.132644258
2015-01-15 00:00:00+00:00,99.58973896906427,100.37037048491135,99.46438643808888,100.26260227032797,986768.9937065567
2015-01-16 00:00:00+00:00,100.19452603738331,100.3376028381042,98.87776227850884,99.42462725594105,835248.9356147056
2015-01-17 00:00:00+00:00,99.42387488029415,99.96814584430422,99.29487134916468,99.81189353660054,828219.7742578097
2015-01-18 00:00:00+00:00,99.9047563122744,100.14382809005681,98.67423321435076,98.8791625109643,967358.7389883113
2015-01-19 00:00:00+00:00,98.80290391802384,99.94797900454577,98.71059515550118,99.77154545022674,766209.8498852027
2015-01-20 00:00:00+00:00,99.93690442713464,100.05713851731942,99.46384755661984,99.74169237347108,1179510.446573683
2015-01-21 00:00:00+00:00,99.67341359709494,99.85793791547921,99.57405301095287,99.57739133448587,1059693.3231399735
2015-01-22 00:00:00+00:00,99.50937083484203,99.90288635869487,98.72441991073867,98.92142506092895,936433.2990502755
2015-01-23 00:00:00+00:00,99.07350266079087,100.42942822180456,99.04302811096721,100.15823267041817,889035.2405991204
2015-01-24 00:00:00+00:00,100.17941214555917,100.25796525028697,99.70602018053025,100.02358091222176,1102811.909597611
2015-01-25 00:00:00+00:00,99.96836542207392,100.17045774759016,99.40438382223593,99.61598952347343,888636.2844348993
2015-01-26 00:00:00+00:00,99.60053578310301,99.67765882437247,99.28404897840005,99.28568023823763,898177.3236398947
2015-01-27 00:00:00+00:00,99.42002106879627,99.84533016876759,99.28616958688441,99.83556129410128,923405.4059973308
2015-01-28 00:00:00+00:00,99.98194047556962,100.27629769908692,99.94386500165916,100.22111410711317,1011408.7414574324
2015-01-29 00:00:00+00:00,100.13925418469161,100.72965364466303,99.90848948272715,100.65574326438139,1062079.7439147397
2015-01-30 00:00:00+00:00,100.65147205768834,101.17358689798846,100.56450122641057,101.11054489610933,1119267.2233415663
2015-01-31 00:00:00+00:00,101.1196607020809,103.49933067355144,100.70115248464214,103.31999276878558,1104497.12989467
2015-02-01 00:00:00+00:00,103.21809444769872,103.54559651124784,102.4846795962434,102.9215191785165,1000077.3709234743
2015-02-02 00:00:00+00:00,102.91578798830223,103.02726140144622,102.35836289912788,102.4161403494364,1102052.1973756335
2015-02-03 00:00:00+00:00,102.41668549625949,102.83553353532884,101.49411129034102,101.6064069311445,932900.0386023639
2015-02-04 00:00:00+00:00,101.7222595194481,102.38270126291594,101.47982049737506,102.254661970578,817913.3985538034
2015-02-05 00:00:00+00:00,102.37812680870277,103.48569226847133,102.13504071698588,103.4363151388767,932886.8928289493
2015-02-06 00:00:00+00:00,103.40226293180135,103.58478466325906,103.06802295890262,103.33918498331174,919373.9485723713
2015-02-07 00:00:00+00:00,103.31707523980054,103.38647242510956,102.23755448688793,102.49510807160603,936801.2928200823
2015-02-08 00:00:00+00:00,102.56319478289636,102.71422214157529,101.61814706220254,101.67386199456053,904062.5270758112
2015-02-09 00:00:00+00:00,101.61436362496352,102.39596832601114,101.56833125210761,102.35797080871762,953889.0422420288
2015-02-10 00:00:00+00:00,102.418222820186,103.31731930097085,102.41594436236004,103.14221135762256,1062001.7214093579
2015-02-11 00:00:00+00:00,103.13314448812261,103.86965778957224,102.64098456827466,103.72469973796336,1171525.7102662574
2015-02-12 00:00:00+00:00,103.62414916156102,103.78758747406742,103.01802542836025,103.05730310476294,827465.3525740977
2015-02-13 00:00:00+00:00,102.95869409362194,103.48740304340126,102.80362867590435,103.31750168600789,871226.5373099257
2015-02-14 00:00:00+00:00,103.46700817527484,103.6853144770286,103.26885339403684,103.45881860725814,920855.3741271832
2015-02-15 00:00:00+00:00,103.44263542582117,103.73520786340042,103.23677821372947,103.70605795827146,1076574.1877436591
2015-02-16 00:00:00+00:00,103.87617261500536,105.3129524101543,103.75636594391707,104.63465635082736,979505.255702695
2015-02-17 00:00:00+00:00,104.58091219719813,105.11107218069587,104.49819734474276,104.88985241310598,927589.0776896377
2015-02-18 00:00:00+00:00,104.9203968836746,105.69414035660625,104.60619245337818,105.6255096273173,1071673.3007705421
2015-02-19 00:00:00+00:00,105.87823732555952,106.06371999154631,105.59317270909902,105.71805598549614,1095639.026634197
2015-02-20 00:00:00+00:00,105.6062711144255,106.06594195794654,105.4733343742779,106.0453566187137,998124.0040576371
2015-02-21 00:00:00+00:00,105.84410220327565,107.04275888000795,105.58050960625913,106.73827152771264,918378.0773379456
2015-02-22 00:00:00+00:00,106.87559993449086,107.24101500979855,104.76951064573744,105.21524658118852,1027027.9567235392
2015-02-23 00:00:00+00:00,105.12825365728901,105.43908197060907,104.54531808501854,104.90041873179179,976673.1791547433
2015-02-24 00:00:00+00:00,104.89824662552664,105.06297721800621,104.34790169030049,104.42903821283505,975898.6756214539
2015-02-25 00:00:00+00:00,104.3678513376462,104.6299524531287,103.6306738677332,103.78474577620432,948759.9781398164
2015-02-26 00:00:00+00:00,103.81257698225241,103.9137240296841,103.48456857255721,103.52028455901741,1092498.3247322089
2015-02-27 00:00:00+00:00,103.42188478036589,105.36143953781837,103.41911268949295,105.10049552765321,1024988.0226326793
2015-02-28 00:00:00+00:00,105.08158373525139,105.39419539277341,104.16648200620321,104.21527185997039,1103570.088188963
2015-03-01 00:00:00+00:00,104.26214948651426,105.3006580168476,104.04786900743146,105.25031496309178,1133632.6145478126
2015-03-02 00:00:00+00:00,105.14419013523134,105.2542128995561,103.2865856122212,103.51461053844497,1045898.0768866641
2015-03-03 00:00:00+00:00,103.44214161277199,103.62903613627356,102.97430625220626,103.1891711748314,949352.2885114847
2015-03-04 00:00:00+00:00,103.153325028152,103.48071079806965,102.94202054356876,103.37792497215052,1104032.6232219785
2015-03-05 00:00:00+00:00,103.23021699739203,104.1171053072586,103.15582360731177,104.00652848132574,1046566.4702278355
2015-03-06 00:00:00+00:00,103.9625793804332,104.97616301274337,103.70712456473767,104.76983922669577,1260336.777680764
2015-03-07 00:00:00+00:00,104.78228552108209,105.64763309147571,104.77210665786698,105.62545667095647,1031010.2888494686
2015-03-08 00:00:00+00:00,105.5832541315388,105.90150672070591,105.24396416132247,105.27880938263294,1069768.8039014083
2015-03-09 00:00:00+00:00,105.25023918856266,105.67194934866738,104.64925938408885,104.81413518705958,1029042.3891296032
2015-03-10 00:00:00+00:00,104.81204921063473,105.89505841196647,104.62888674739726,105.73842961787301,990090.1408131882
2015-03-11 00:00:00+00:00,105.66909233392323,105.82825627613607,105.54488872384232,105.55745017194198,974120.8450412434
2015-03-12 00:00:00+00:00,105.63039697430418,105.8147217005859,104.01872556978894,104.24026685939715,1029424.3844658566
2015-03-13 00:00:00+00:00,104.38995360233073,104.62135430679103,103.04599530478195,103.08620920431501,1052117.5751813855
2015-03-14 00:00:00+00:00,103.03833799005477,103.16596484569001,102.15821172422447,102.16315537647587,1115438.7899644424
2015-03-15 00:00:00+00:00,102.21272475878672,102.81411315567168,102.09767771272908,102.69287167271138,1030885.0558303763
2015-03-16 00:00:00+00:00,102.66826469891775,102.99581976839241,102.66681778673994,102.85980686157154,953711.082457477
2015-03-17 00:00:00+00:00,102.89740081929256,103.97565405795996,102.75082731892631,103.5932130110563,967314.6003401016
2015-03-18 00:00:00+00:00,103.75541714356059,103.78100518095191,103.08730831292401,103.17218481578972,867706.3057096818
2015-03-19 00:00:00+00:00,103.2246643321703,103.45388845362676,103.11763853053347,103.35655265174441,1166121.384357231
2015-03-20 00:00:00+00:00,103.17325863859057,104.11753252637031,103.00555113375117,104.0259711529302,945882.6386479151
2015-03-21 00:00:00+00:00,104.07319848939065,104.48435904216703,103.56794498217873,103.72541064539756,1096744.0460137906
2015-03-22 00:00:00+00:00,103.8532899434421,104.5391815827577,103.73283968739467,104.22112850938905,1027655.0857442535
2015-03-23 00:00:00+00:00,104.1980335064785,104.2778223452627,103.37785863747706,103.55424877641752,1030373.1830839406
2015-03-24 00:00:00+00:00,103.6573509908207,103.86358915671855,103.18702507960832,103.19961059047694,988255.2124727663
2015-03-25 00:00:00+00:00,103.12839093536762,103.31572601074049,102.51418274814583,102.82697288475056,921220.1111373326
2015-03-26 00:00:00+00:00,102.67421938987512,102.73550177830677,101.39040901100329,101.62497321453998,903146.4599508025
2015-03-27 00:00:00+00:00,101.63931951229758,102.21898565590467,101.33924430685903,102.14149206024481,1172846.5388804937
2015-03-28 00:00:00+00:00,101.9620829072187,102.15476873427497,101.55817745124759,101.68349569860871,1011396.1078837246
2015-03-29 00:00:00+00:00,101.65911494385048,101.87228813384034,101.377598296813,101.71654222322519,1112526.774618765
2015-03-30 00:00:00+00:00,101.8474353685682,102.41674217350737,101.5657793629839,102.2271617982235,1138490.6937645252
2015-03-31 00:00:00+00:00,102.03193215666154,103.06893786422928,101.9050961066152,102.70519760437446,958915.3069900785
2015-04-01 00:00:00+00:00,102.57378663311596,103.51088030158071,102.57292936378818,103.41154155797771,1042350.5765927845
2015-04-02 00:00:00+00:00,103.30481751256801,103.51587205349179,103.20571080104264,103.33041035082249,1004501.0775491347
2015-04-03 00:00:00+00:00,103.3238674837352,103.3939083616952,102.83487161390319,102.9145197536318,884278.6196983111
2015-04-04 00:00:00+00:00,102.87688218627117,103.37634369730274,102.73022392523207,102.85307939104062,981452.0024095745
2015-04-05 00:00:00+00:00,102.99698487638611,103.01808335775934,100.81851447569935,101.15239205389312,1058750.6590239229
2015-04-06 00:00:00+00:00,101.24892667023339,101.54494630618598,99.57239751270134,99.71908542568441,950097.0744989142
2015-04-07 00:00:00+00:00,99.76847359090245,99.91619665247093,98.16819872608374,98.4284699594234,967515.6804628139
2015-04-08 00:00:00+00:00,98.44280412844398,98.45109026631954,97.31608147938886,97.47126560172772,982663.3144614355
2015-04-09 00:00:00+00:00,97.50959420576272,98.00257250544558,97.4675177192022,97.88128482862423,1211152.9331310105
2015-04-10 00:00:00+00:00,97.79691288818655,97.87462785208895,96.6227954634574,97.01839255560493,816595.106289556
2015-04-11 00:00:00+00:00,97.10155772618903,97.25039279551405,96.56979232970524,96.67153053866585,1050164.329902726
2015-04-12 00:00:00+00:00,96.56402751857021,98.11389106644184,96.40064423934159,97.95529801891234,974666.0922747835
2015-04-13 00:00:00+00:00,98.03712762130819,98.23090474961442,97.41516063597103,97.62646283091398,935934.5091497566
2015-04-14 00:00:00+00:00,97.74226172780926,98.60322948380743,97.64034864109092,98.36880662087039,972212.4292843734
2015-04-15 00:00:00+00:00,98.3895491201364,98.68710736591346,97.32935355421887,97.47418474658535,1066737.6243833422
2015-04-16 00:00:00+00:00,97.45700852232133,97.80861985928144,97.14933805277683,97.29359848796244,1072452.359402056
2015-04-17 00:00:00+00:00,97.33254607945227,97.3587517844304,96.28211016575662,96.39294121144945,1018601.7122434754
2015-04-18 00:00:00+00:00,96.11711103942486,96.17693418405125,95.81482637997017,96.0859058787071,1109274.1316456627
2015-04-19 00:00:00+00:00,96.11494863343955,97.17797233250243,95.8980295670004,96.91610676837092,1126883.2995100578
2015-04-20 00:00:00+00:00,96.90512094021365,97.0433210702068,94.79216429475285,95.27548348484665,1081637.5941950614
2015-04-21 00:00:00+00:00,95.27065986689722,95.8974834754021,95.15721406998794,95.70942302349515,945380.7548852781
2015-04-22 00:00:00+00:00,95.77704484265195,96.15478639512571,95.72689077301598,95.95641844225096,1049444.1549212877
2015-04-23 00:00:00+00:00,95.94924388432682,96.04364454605482,95.37612268765682,95.4070632786061,1049920.065913857
2015-04-24 00:00:00+00:00,95.29827949088289,95.33206743135639,93.73797712536323,94.05615859397581,918436.8566353448
2015-04-25 00:00:00+00:00,94.04285880194304,94.14782838146954,93.83632143285972,94.14285199883456,843056.1105945742
2015-04-26 00:00:00+00:00,94.14921186477409,94.35116820674638,93.57488536316276,93.66442085263677,797722.4378625444
2015-04-27 00:00:00+00:00,93.67518607090132,94.04393709876666,93.54922561951317,93.90138781613048,1006985.5490112152
2015-04-28 00:00:00+00:00,93.91659226943285,94.1905542231775,93.89445874411481,93.94069578664856,1029803.9714866917
2015-04-29 00:00:00+00:00,94.03833483790733,95.84546030804947,93.92859809578843,95.47662720253656,881821.8422347585
2015-04-30 00:00:00+00:00,95.37293628638744,95.42127089321593,94.83498309880639,95.26742338190837,1104603.2332551363
2015-05-01 00:00:00+00:00,95.28416191165422,95.41654753894674,94.3124220608875,94.31619792121988,1015221.8149296412
2015-05-02 00:00:00+00:00,94.43785918597922,94.79287247736956,94.22718670671279,94.50433451643264,1134945.2614915352
2015-05-03 00:00:00+00:00,94.34040621127004,94.85549254877158,94.1838062734209,94.73141416830369,1037053.5869983591
2015-05-04 00:00:00+00:00,94.74843235242462,96.2084414722785,94.43103527718785,96.04698933343626,893366.6428120849
2015-05-05 00:00:00+00:00,95.99076549070124,96.87602340499936,95.92313008119855,96.87181952237759,1045828.1213290148
2015-05-06 00:00:00+00:00,96.83590813291784,97.55416737775921,96.52647446592975,97.23759018358602,1067011.0694872101
2015-05-07 00:00:00+00:00,97.14960888239342,99.08988970317071,97.14675789749035,98.69066830307253,945237.6414112994
2015-05-08 00:00:00+00:00,98.67393522962878,98.83463314416929,97.39166554390697,97.54392265742445,855790.7002690125
2015-05-09 00:00:00+00:00,97.72352595267066,97.82644001493901,96.56236306000318,96.9412621295545,1010029.6064306607
2015-05-10 00:00:00+00:00,96.81868665446706,96.92689080276656,95.73284033320934,96.0663876625175,899915.5364683815
2015-05-11 00:00:00+00:00,95.95402745460541,96.02841596244949,95.60887885520664,95.71178083294448,1112088.7663061132
2015-05-12 00:00:00+00:00,95.58717035670617,95.66344502533552,94.11278629003078,94.42204100397377,959282.3319573407
2015-05-13 00:00:00+00:00,94.58514736426478,95.10041573883173,94.41523994193767,95.04267873667341,1172460.1106493298
2015-05-14 00:00:00+00:00,94.99873673257433,95.31937079182283,94.71245594295726,94.8506750712642,787584.1332481164
2015-05-15 00:00:00+00:00,94.84824318908204,95.05737721320725,93.28068240236996,93.48450967662131,1013479.5604145149
2015-05-16 00:00:00+00:00,93.44685571086589,93.64499180746624,92.42265147084952,92.55841510537965,1142939.264010132
2015-05-17 00:00:00+00:00,92.4710008205654,93.01541903480637,92.37096611904514,92.86762557999572,910969.5684112703
2015-05-18 00:00:00+00:00,92.84578769779104,93.83515006488834,92.7817553544119,93.66797644843444,984079.9064372965
2015-05-19 00:00:00+00:00,93.89823515260109,95.63639124367353,93.78683064678822,95.5761845005766,959696.4285635956
2015-05-20 00:00:00+00:00,95.70923332775753,98.64451101673502,95.5621313491061,98.42179737645422,931623.2357847717
2015-05-21 00:00:00+00:00,98.33784970337676,98.88746330364631,98.3201998021516,98.85028096138232,1024462.264111428
2015-05-22 00:00:00+00:00,98.91429384341328,98.9539520895506,97.79302133519634,97.89652081096172,870457.8399000897
2015-05-23 00:00:00+00:00,97.8151176245426,97.83883594081948,95.70764474493204,95.85058261771212,988903.1218669775
2015-05-24 00:00:00+00:00,95.68031674458545,96.51476732755326,95.64193570717092,96.12675282679366,1051599.4237684575
2015-05-25 00:00:00+00:00,96.22475510078024,96.24022773230841,95.34032843370304,95.3675383398755,978490.6288613357
2015-05-26 00:00:00+00:00,95.4781735389056,95.60578022753607,94.7166594851577,94.9912402043448,899979.5800014224
2015-05-27 00:00:00+00:00,95.09060600499038,95.31624611946982,94.31730134033785,94.43046192513452,1103018.53986015
2015-05-28 00:00:00+00:00,94.38609233260816,94.65679509706831,94.30851204585042,94.31646739449033,1073025.696161685
2015-05-29 00:00:00+00:00,94.30073769641214,95.44245604308395,94.22272913641294,95.34630739297988,895881.2828696258
2015-05-30 00:00:00+00:00,95.41779476993163,95.520964837035,95.1739514726414,95.5152661897607,870589.2434977458
2015-05-31 00:00:00+00:00,95.55266003798023,95.66059696317264,95.11055856116586,95.38294050207593,904807.5584006176
2015-06-01 00:00:00+00:00,95.34539420257181,95.40187101416629,94.10862629685626,94.41908309981535,1054527.3165487214
2015-06-02 00:00:00+00:00,94.26621182308705,94.45312967265049,92.86546447166684,92.86960149268828,1027557.2898962547
2015-06-03 00:00:00+00:00,92.88017703658815,93.03379450449185,92.37885011490884,92.4375513207501,1079008.2712445715
2015-06-04 00:00:00+00:00,92.53729232965257,92.53818593864624,92.33331967947242,92.40632883217343,967384.9781949385
2015-06-05 00:00:00+00:00,92.29566409493138,94.23667122399496,91.98793689181936,94.07334738140179,907526.5762499893
2015-06-06 00:00:00+00:00,94.13343761460732,94.57962193074377,94.10715369527209,94.21482192748762,1091884.64884145
2015-06-07 00:00:00+00:00,94.24605806925618,95.17526080324127,94.18296129338937,95.16430363054229,944655.1486548836
2015-06-08 00:00:00+00:00,95.23569096763246,95.31745868823354,94.58118699935092,94.70927664510653,1018654.8055853979
2015-06-09 00:00:00+00:00,94.79186081393718,94.8172327764353,93.5752917041927,93.61236841765508,845007.5160884626
2015-06-10 00:00:00+00:00,93.5473578815747,93.64120993374779,92.32515374554444,92.73179003393565,943018.95756772
2015-06-11 00:00:00+00:00,92.58184649434617,92.60732957449245,91.79620911939662,92.08012184831263,1100939.6320941513
2015-06-12 00:00:00+00:00,92.03099530537929,94.44178922918552,91.65329648865708,94.07984014638829,928372.5433330142
2015-06-13 00:00:00+00:00,94.16348910229102,94.22449244297854,93.124979401875,93.32890978641075,1081450.38214515
2015-06-14 00:00:00+00:00,93.27832515299468,94.18849705312337,93.0120995862446,94.13357745138741,766898.0303811807
2015-06-15 00:00:00+00:00,94.06824467040643,94.44352925869109,93.13179288784441,93.3061048780177,944060.8340356814
2015-06-16 00:00:00+00:00,93.13616177199447,94.30183939073736,93.10217528574512,94.19821841557035,982864.5354121868
2015-06-17 00:00:00+00:00,94.36331469271944,94.92371402723737,94.24532124522122,94.58044841079393,1174254.0303342405
2015-06-18 00:00:00+00:00,94.65854477725885,94.65955251338119,94.29636705483503,94.45130392473781,883093.7119985548
2015-06-19 00:00:00+00:00,94.52402160405563,94.8608855987553,94.13098433406023,94.43169548374946,1067099.3295447088
2015-06-20 00:00:00+00:00,94.52307943278572,94.66490207383345,93.81994145626743,93.83415326898303,1105693.1781248793
2015-06-21 00:00:00+00:00,93.8882682097716,94.33041265793524,93.80173123404744,94.27250890624178,927851.0352755726
2015-06-22 00:00:00+00:00,94.24947541206582,94.26184672674331,93.81309267265723,93.8633296422738,962647.6051227311
2015-06-23 00:00:00+00:00,93.847958198185,93.96508822811245,92.61632458213072,92.73850204750325,1014162.8773811904
2015-06-24 00:00:00+00:00,92.69885036880208,92.71290194790082,91.29004721230237,91.57921641630075,851851.503280747
2015-06-25 00:00:00+00:00,91.82050391005016,91.9852962727635,91.73166438433995,91.75575686548478,954489.6788138644
2015-06-26 00:00:00+00:00,91.80676499466729,93.23725421650163,91.48916632329012,93.23480933296351,1127611.2040946416
2015-06-27 00:00:00+00:00,93.19156698724557,93.46192218508779,93.0775758437542,93.4027752876635,1052265.481086442
2015-06-28 00:00:00+00:00,93.44625397825808,93.49312335502226,93.1680931198737,93.31068977684905,984324.8710516758
2015-06-29 00:00:00+00:00,93.2163649008499,93.78227973305101,93.12517797995896,93.59649506811412,1011307.2361836483
2015-06-30 00:00:00+00:00,93.73731162378051,95.07825412075157,93.53697960229529,94.84585115871995,1058090.536552977
2015-07-01 00:00:00+00:00,94.7831514976534,95.20002372396793,94.74262038240079,95.073167498883,1077241.0147910113
2015-07-02 00:00:00+00:00,95.12080727814995,95.2480005116235,94.70083098431523,94.7022261257391,944358.5852620899
2015-07-03 00:00:00+00:00,94.803176580276,95.84754194089349,94.64140592318704,95.77487583403818,1153472.0943279671
2015-07-04 00:00:00+00:00,95.81172699358424,96.49955196077481,95.74312533060815,96.20563756838256,1131634.820120466
2015-07-05 00:00:00+00:00,96.21472611417666,97.93802459146117,96.18657569695226,97.71406584656921,1067725.7630353211
2015-07-06 00:00:00+00:00,97.71512136220011,98.15800126721089,97.70093567746923,97.91285641540193,915704.0134154109
2015-07-07 00:00:00+00:00,97.9073301063865,97.95904005272082,96.72733183380383,96.74060028484934,897977.6093229407
2015-07-08 00:00:00+00:00,96.68481012684713,96.86476058282418,95.42795298799098,95.44513507063239,967339.6203403407
2015-07-09 00:00:00+00:00,95.402234063966,97.1052791319197,95.33207533330325,97.05335315739276,1006076.509764441
2015-07-10 00:00:00+00:00,97.19695236445497,99.07738384141085,97.16976946871077,98.76047924119521,823150.8134440948
2015-07-11 00:00:00+00:00,98.749760111336,99.0307230569391,98.47607906256432,98.6030628897189,1049469.3133545257
2015-07-12 00:00:00+00:00,98.52558097075044,98.84458025781807,97.7235589148107,98.24559859248201,1128746.2263848472
2015-07-13 00:00:00+00:00,98.19487462602649,99.8771201049643,97.91809602333697,99.71188670920507,1057647.4139830878
2015-07-14 00:00:00+00:00,99.82160674585688,99.8789663578254,98.51849344703047,98.6338429798837,932394.7197195765
2015-07-15 00:00:00+00:00,98.70048065845542,98.82301825679201,97.6759309030355,97.77482859821532,920559.6602599509
2015-07-16 00:00:00+00:00,97.82961468757557,98.51166326350933,97.43037331858376,98.42555105698881,1029985.2344174079
2015-07-17 00:00:00+00:00,98.40020439107725,98.63157975903232,97.7986353412524,98.05753363694333,984669.628466182
2015-07-18 00:00:00+00:00,98.11375614664847,98.45972204676514,97.98858164411826,98.07212385283782,1044304.1174255908
2015-07-19 00:00:00+00:00,98.00900844648478,98.24194381813535,97.88289597324075,97.93154720345308,1060172.1372605634
2015-07-20 00:00:00+00:00,97.90612279968767,98.34369923700909,97.84079938327221,98.28235231260928,1109189.052889466
2015-07-21 00:00:00+00:00,98.37766697891347,99.84122960283413,98.13440986706748,99.69537640173068,886787.6571070477
2015-07-22 00:00:00+00:00,99.78253784401015,100.0698561858789,99.53990076580851,99.80568542223227,1022161.8947849311
2015-07-23 00:00:00+00:00,99.70768523703431,100.47153475696697,99.617757514406,100.4705387529291,963652.4996038676
2015-07-24 00:00:00+00:00,100.384583549288,100.43201943510888,98.41317688953518,98.4513794606194,990136.4956064639
2015-07-25 00:00:00+00:00,98.46208133751423,98.68967664283441,98.05616841905237,98.42310985724362,1086440.8852668742
2015-07-26 00:00:00+00:00,98.59300117358386,98.90559119531824,97.59684083439996,97.61618699770004,1097312.5873051244
2015-07-27 00:00:00+00:00,97.42919683039895,97.43518922260743,96.29977269518103,96.45293792116651,1139844.3650383654
2015-07-28 00:00:00+00:00,96.47978395090833,96.68919048375892,95.59311909126177,95.62876613410914,1042559.0250368268
2015-07-29 00:00:00+00:00,95.49717680816373,95.59372369838289,95.00751596465086,95.32884507142857,988998.3209244205
2015-07-30 00:00:00+00:00,95.26837503042277,96.37479386426644,95.19123198072161,96.22521820264404,974712.1530549616
2015-07-31 00:00:00+00:00,96.19015099859656,96.43777719857208,94.65404683086142,94.97631451491571,826524.4997605331
2015-08-01 00:00:00+00:00,94.9363761822333,95.12609633783431,94.9082209758085,95.0244146164379,1133973.5044898605
2015-08-02 00:00:00+00:00,94.97369096974715,95.1498152131687,94.3523459145557,94.58436241358116,967810.1586214331
2015-08-03 00:00:00+00:00,94.58504408879173,94.84248596209578,94.13356723891486,94.2937990008949,1050589.706000291
2015-08-04 00:00:00+00:00,94.24332772008091,95.57622653721245,94.02567612814279,95.26314478918498,1067899.6525742433
2015-08-05 00:00:00+00:00,95.1238264995836,95.91363032654422,95.01197649021745,95.79630955949835,875468.449094986
2015-08-06 00:00:00+00:00,95.87101819031562,97.29166574975336,95.65066764048366,97.10551229707171,907665.3607540366
2015-08-07 00:00:00+00:00,97.17862033455691,97.22890568110347,96.67247863048073,96.9749876693645,1154701.9907055493
2015-08-08 00:00:00+00:00,97.05675448768206,97.29178199539011,96.17282052725895,96.32170280779391,1029043.5515683545
2015-08-09 00:00:00+00:00,96.17329663753904,96.35467096483586,95.83736360838927,96.12554253698868,941941.4335701484
2015-08-10 00:00:00+00:00,96.15427620657998,96.60941347062794,95.87244693528692,96.37820046614142,987365.2988872457
2015-08-11 00:00:00+00:00,96.44335009181725,96.60228668741895,96.29943726028098,96.56784066159972,1108623.6904832837
2015-08-12 00:00:00+00:00,96.46825970456473,96.47600110062187,95.45116258589633,95.54543491890303,1093431.4479734304
2015-08-13 00:00:00+00:00,95.54631138089022,95.78794515163452,95.3685378866776,95.65106120368031,853391.8237760356
2015-08-14 00:00:00+00:00,95.63994017567379,96.00896305066786,95.52240445297628,95.88878916767605,1163428.3843671894
2015-08-15 00:00:00+00:00,96.06543076379059,98.48773720807766,95.88387641315802,98.35307538576735,1096614.803099868
2015-08-16 00:00:00+00:00,98.54235548957527,100.25631649769416,98.36197008412469,100.23648661756755,984752.4750658415
2015-08-17 00:00:00+00:00,100.06965738022065,100.27107568079289,99.36202661134122,99.40474279532646,880827.755691328
2015-08-18 00:00:00+00:00,99.65265096788117,100.1085518809243,99.1131417668817,99.13930607745297,1105400.8640060925
2015-08-19 00:00:00+00:00,99.04857123455359,99.34719895255566,97.61559684490432,97.71856613950715,1047642.750029462
2015-08-20 00:00:00+00:00,97.81439612768013,97.87608610576709,97.1034388497338,97.16246778413664,854220.1621922234
2015-08-21 00:00:00+00:00,97.25676376293688,97.70094831278585,97.15146272893229,97.4890976741879,976792.1924641622
2015-08-22 00:00:00+00:00,97.3920287324101,98.89262233073792,97.35229288965431,98.69152625761693,1312617.294279249
2015-08-23 00:00:00+00:00,98.74020760904465,98.92555177594795,97.82901999982548,97.99419584613474,1001650.1757414422
2015-08-24 00:00:00+00:00,97.98365816333906,98.11586716412081,97.05783750185324,97.37473536093343,925802.9405664343
2015-08-25 00:00:00+00:00,97.42871309843714,97.54353690136718,95.30014333863751,95.32517067147201,899150.3374693359
2015-08-26 00:00:00+00:00,95.34715954806562,95.36169025280064,94.92581642532127,95.18927110345774,1177209.898342942
2015-08-27 00:00:00+00:00,95.30314978706242,95.36475328503091,94.15002641018765,94.2021582646968,1084775.948957769
2015-08-28 00:00:00+00:00,94.20926106439335,94.3003993661287,93.41570085752805,93.72347566328291,1140743.9113917227
2015-08-29 00:00:00+00:00,93.70774192202254,93.70882284948097,92.83571924741757,92.92382679174206,1024818.5284092157
2015-08-30 00:00:00+00:00,93.02567727468728,93.27310530081542,92.83121286647363,92.8548448015215,1125401.9235332785
2015-08-31 00:00:00+00:00,92.90873737876188,93.04397276337603,91.11715191163096,91.25521863275685,915167.961045209
2015-09-01 00:00:00+00:00,91.32200042405398,91.33167300626498,89.57226309654415,89.94422255967727,1016259.0980915058
2015-09-02 00:00:00+00:00,89.88444682811745,92.11179243086896,89.79058760437607,91.89826959700298,1028705.3514972737
2015-09-03 00:00:00+00:00,91.80221175611831,91.93215572672197,90.67472723339986,90.74088017692125,1138244.693187522
2015-09-04 00:00:00+00:00,90.68936456994658,90.97998312372647,89.24891633361382,89.76903718813655,1031884.3040140455
2015-09-05 00:00:00+00:00,89.71330665007821,91.45776704375858,89.53804121032294,91.45154358282393,937448.8258263785
2015-09-06 00:00:00+00:00,91.52344271950592,94.41013951978798,91.32193409616778,94.16606997672497,1006407.3838920373
2015-09-07 00:00:00+00:00,94.25797455910113,94.28831471873842,92.90117098946091,93.08790474932697,832358.679753976
2015-09-08 00:00:00+00:00,93.07346399571124,93.11063191543992,92.69484418023617,92.76429091010961,767903.1266729733
2015-09-09 00:00:00+00:00,92.89702909824065,93.26235152685842,92.73312201858425,93.10029240318613,1083134.1370108288
2015-09-10 00:00:00+00:00,93.22769730389048,95.07572405052014,93.18758995897963,94.74265313323619,962525.6113693657
2015-09-11 00:00:00+00:00,94.76571339234573,94.96085544117547,93.72681461416053,93.83104117902221,973858.2701019732
2015-09-12 00:00:00+00:00,93.75392221836185,93.88993933197649,93.56079561231331,93.61989854870968,1083094.6679366615
2015-09-13 00:00:00+00:00,93.76738515080585,94.47693654519031,93.74566624591604,94.36934903316812,1139701.03850446
2015-09-14 00:00:00+00:00,94.36359086547185,95.15138575007231,94.24424538463349,94.79948613475881,1053448.7954827582
2015-09-15 00:00:00+00:00,94.81144653054857,95.05313809998685,94.22374907755814,94.46245254844929,1192807.2830217814
2015-09-16 00:00:00+00:00,94.43037262483271,94.54825820156351,94.06786029544372,94.3549937525993,1050268.9134057276
2015-09-17 00:00:00+00:00,94.2710375919204,94.44058048426946,92.82830456208686,93.08520348978895,1030221.3463579995
2015-09-18 00:00:00+00:00,92.94849488956493,93.05224716203088,92.80652520559998,92.88233739699365,1024038.8822504597
2015-09-19 00:00:00+00:00,92.94111968615016,92.97106968639049,92.47702711692034,92.65376863526765,871450.4437866384
2015-09-20 00:00:00+00:00,92.5811835752713,93.0852152749076,92.34473610945791,92.88770838020018,1095599.8605640123
2015-09-21 00:00:00+00:00,93.17190122477935,93.198003415127,92.29127867497125,92.39178378829669,755453.3979984714
2015-09-22 00:00:00+00:00,92.29143951267378,93.02813858326066,92.23078846891269,92.84704296777858,941374.7142724221
2015-09-23 00:00:00+00:00,92.73029872309705,93.90207052493884,92.61278493806205,93.81085723216637,1002293.0350567611
2015-09-24 00:00:00+00:00,93.85871378238538,94.12720862071035,93.77880926646979,93.97557342630128,921023.7676586637
2015-09-25 00:00:00+00:00,94.11929153743581,94.60418550549228,93.91500033324282,94.3255838327981,954824.4076927179
2015-09-26 00:00:00+00:00,94.33167628989882,94.46479901312198,94.2120519600563,94.39461328779616,1183937.556622723
2015-09-27 00:00:00+00:00,94.44862988975662,94.62327964107712,94.15320253468514,94.41357377697184,1110402.388578168
2015-09-28 00:00:00+00:00,94.23951787686225,94.29552343041469,93.44769324154856,93.75352578245483,931417.2319193261
2015-09-29 00:00:00+00:00,93.69000668628792,94.15951500415777,93.55724343955403,94.06953239070657,953043.3489027623
2015-09-30 00:00:00+00:00,93.96853786109929,94.08590467492542,93.70880477247843,93.99685733663445,872299.6051448156
2015-10-01 00:00:00+00:00,93.81872898223051,96.07851092684456,93.78170245808,96.00430480789997,1070499.3786006137
2015-10-02 00:00:00+00:00,96.01553541394371,97.59876190547436,95.60465003740143,97.54624577923985,975025.7549589524
2015-10-03 00:00:00+00:00,97.32746636482177,98.15081085406008,97.15838683411604,97.94293829182838,803353.3529105452
2015-10-04 00:00:00+00:00,97.81343853391218,97.98590860417157,97.20635641201028,97.21786342415511,1010078.3591810059
2015-10-05 00:00:00+00:00,97.16563859125641,97.28911849225693,95.88977048047681,96.16162407515473,1043897.8883601826
2015-10-06 00:00:00+00:00,96.081686279099,97.50596923420142,95.96309574331327,97.33336018523707,1096314.0973175052
2015-10-07 00:00:00+00:00,97.37194395676288,97.80137669511653,96.88894867149932,97.60895895004546,992664.5205423224
2015-10-08 00:00:00+00:00,97.63878631445282,98.22993890604803,97.4956733602419,98.0983665691309,962732.8837213618
2015-10-09 00:00:00+00:00,98.1860467661487,98.29066118556197,96.23021393196905,96.4210805767054,1198626.468048953
2015-10-10 00:00:00+00:00,96.49362622922189,97.34216546037032,96.25738562469556,97.33895226725367,1000658.6156099553
2015-10-11 00:00:00+00:00,97.44999778890319,98.07900477160801,97.21692104954147,97.8018452147459,1071956.1831597935
2015-10-12 00:00:00+00:00,97.80165759168514,97.95960477162828,96.70310618468314,96.74117731847673,946046.0356623741
2015-10-13 00:00:00+00:00,96.77053506373892,96.92456897998522,96.2927073478227,96.30535157498747,1068990.9651635834
2015-10-14 00:00:00+00:00,96.35461308188621,96.94767243042085,96.1549683521562,96.57897440009175,854437.1007595903
2015-10-15 00:00:00+00:00,96.59265545864268,96.78504590697783,96.47398791025319,96.64898745577084,953793.2454281365
2015-10-16 00:00:00+00:00,96.61059902789417,96.80109097169546,96.29818482333224,96.38629441009698,879172.5760573946
2015-10-17 00:00:00+00:00,96.35425150610767,96.49341060779521,96.22834384396621,96.30585674492008,939502.6678130532
2015-10-18 00:00:00+00:00,96.2271210829299,96.27610089029369,95.84922611845258,96.08270787090743,1125047.004023107
2015-10-19 00:00:00+00:00,96.12321795760911,96.70189839790713,95.349267633773,96.24865374431026,938767.4110696303
2015-10-20 00:00:00+00:00,96.23960491037303,97.7354829848066,96.10654747820912,97.69495360088737,1071825.6125474083
2015-10-21 00:00:00+00:00,97.6301648720896,97.73649793276843,95.21942423167079,95.23840947670237,1151726.5182057042
2015-10-22 00:00:00+00:00,95.17533833342571,95.32452753549413,94.7854311874436,95.03210849679019,997242.2686396681
2015-10-23 00:00:00+00:00,94.91708175356715,95.28615607921479,94.79606599588472,95.21904200790607,1099376.710505628
2015-10-24 00:00:00+00:00,95.31224634269641,95.63516191992215,95.27150793776853,95.5204043503693,1053108.5958138674
2015-10-25 00:00:00+00:00,95.52791394195206,95.64062939968196,95.08307322502255,95.18484490693662,1011643.6930583533
2015-10-26 00:00:00+00:00,95.10271942088784,95.24028798857965,93.54301303387648,93.54602106877125,1075031.558931693
2015-10-27 00:00:00+00:00,93.62165749359063,94.0164141315471,93.28873586926873,93.87212408006606,1183993.8089991855
2015-10-28 00:00:00+00:00,93.81951355985252,95.62100742044868,93.58549637282148,95.52681334840837,936273.1087491447
2015-10-29 00:00:00+00:00,95.39245482553736,95.81702054012867,94.06167142902498,94.09156106550654,904079.9099823926
2015-10-30 00:00:00+00:00,94.18764946489406,95.1339203232686,93.96003936912676,94.92685448191618,898208.5454344657
2015-10-31 00:00:00+00:00,94.87586955414496,95.0167544444703,94.38131046611396,94.63443252203275,1099442.7969736555
2015-11-01 00:00:00+00:00,94.59573658867207,94.6097681968841,94.58605293040026,94.59533354111964,1112936.7623128353
2015-11-02 00:00:00+00:00,94.59922897887981,94.77809392399466,93.30000721628248,93.62328851120425,946296.3066666065
2015-11-03 00:00:00+00:00,93.73026147165932,93.82651344965782,93.19636542795128,93.32934670301229,786398.6450560653
2015-11-04 00:00:00+00:00,93.33121677027854,94.80126082641081,93.13975959774938,94.56950299927675,932524.3260076914
2015-11-05 00:00:00+00:00,94.45610308861929,95.17371181903029,93.99781937985917,95.14115187221506,1054785.4177806997
2015-11-06 00:00:00+00:00,95.19289695686311,96.90545195529334,95.03591346669539,96.82301401497759,993327.6861017167
2015-11-07 00:00:00+00:00,96.77605584810827,98.0682083435451,96.75467724097435,97.98935330297871,1018034.7746755367
2015-11-08 00:00:00+00:00,98.17434975203408,98.44267723308778,98.03012948982709,98.44024356741673,947665.5581724403
2015-11-09 00:00:00+00:00,98.44013334171053,100.50087671290511,98.33859301658866,100.19207012543734,1101408.9124709766
2015-11-10 00:00:00+00:00,99.96813729209903,100.77780228091633,99.80176194029295,100.65300188631386,1034319.1801754637
2015-11-11 00:00:00+00:00,100.68897174353036,101.59284811897285,100.5425358954627,101.5101565907978,1058646.3472363802
2015-11-12 00:00:00+00:00,101.70755301719628,101.7895893760372,101.13498050085269,101.22979685828226,1015906.5683026683
2015-11-13 00:00:00+00:00,101.38932694895657,101.40453153940818,101.2076057498496,101.31744493426626,1052436.8163610843
2015-11-14 00:00:00+00:00,101.5029525445945,101.79234586113478,100.409704694263,100.63341592869963,1045857.1688180962
2015-11-15 00:00:00+00:00,100.53079397781661,101.81964714574033,100.25889175352411,101.65454061087576,907192.5371864218
2015-11-16 00:00:00+00:00,101.74726504365589,101.94821951021908,100.33208073021447,100.48386545904381,1037306.3095375128
2015-11-17 00:00:00+00:00,100.41131665685074,101.43077655839407,100.3606049434967,101.293341170597,1079150.817194652
2015-11-18 00:00:00+00:00,101.31606019325308,101.44580601970169,100.93407181042053,101.12063042098112,1115514.1466194845
2015-11-19 00:00:00+00:00,100.99190866889104,102.49740411493381,100.88433350147754,102.33243042774205,1041610.7148283713
2015-11-20 00:00:00+00:00,102.26648170301844,103.29940517839404,102.10385645928241,103.12432772319622,903474.9481268463
2015-11-21 00:00:00+00:00,103.05459023715555,105.073750467366,102.77413358238857,105.04005852491456,918868.2670425997
2015-11-22 00:00:00+00:00,105.13444282412861,106.13007586185829,104.81421198193524,105.83164048016036,956485.1918747069
2015-11-23 00:00:00+00:00,105.91638189837049,106.01280874961819,103.94096279799847,104.20177164407762,1018946.3908136524
2015-11-24 00:00:00+00:00,104.23061675029993,104.27584487967316,103.87778841426935,104.15285709044069,987776.3898692407
2015-11-25 00:00:00+00:00,104.0122068414741,104.0595693467942,102.78278394323353,102.95989339262744,887626.7934369086
2015-11-26 00:00:00+00:00,102.92780702973103,102.93551695753868,102.30721183335719,102.44814103637432,887027.9965684948
2015-11-27 00:00:00+00:00,102.37170278970024,104.17853932690569,102.20452491863233,104.02892794396801,790147.8225093317
2015-11-28 00:00:00+00:00,104.1193993805958,104.84298698859551,104.0756576187538,104.71520710446379,688052.507613199
2015-11-29 00:00:00+00:00,104.83858097533388,104.84769158106268,103.73728612021787,104.00667165310979,986821.8177045075
2015-11-30 00:00:00+00:00,104.11654280189518,104.1512029582657,102.78019037777825,102.97825752230085,1232023.0375142857
2015-12-01 00:00:00+00:00,102.90048634244228,103.1062204895839,102.76779939812643,103.03262594896314,1179677.9523791426
2015-12-02 00:00:00+00:00,102.7503646574995,102.98763284332071,101.67490842176596,101.80712515484798,902176.8587877029
2015-12-03 00:00:00+00:00,101.6272358437412,101.80900286689294,100.9340501381762,101.14637150883826,1014990.329739061
2015-12-04 00:00:00+00:00,101.29016391931034,101.93128759022159,101.15319491599837,101.48274512953029,853542.0489949834
2015-12-05 00:00:00+00:00,101.44202467679132,102.79849910791194,101.34985378248811,102.68252079051447,868789.046914188
2015-12-06 00:00:00+00:00,102.60543449429152,103.58069867813072,102.29558942391583,103.33018291116971,880252.740236962
2015-12-07 00:00:00+00:00,103.4999192997514,103.52736120830298,100.89473081025154,101.0097074212031,977450.1315558167
2015-12-08 00:00:00+00:00,101.1375008571379,101.41307158218227,100.92337637267907,101.33788126080611,981754.0389788024
2015-12-09 00:00:00+00:00,101.340358842485,101.55338379400617,101.24366441396386,101.4311890646355,1025270.1970806859
2015-12-10 00:00:00+00:00,101.40142884023365,102.11755711123396,101.20269641646279,101.87224529845437,1066321.6389704281
2015-12-11 00:00:00+00:00,101.85878785129844,103.56629538195419,101.59657946451723,103.55280004592619,966311.9076604841
2015-12-12 00:00:00+00:00,103.57632338976548,103.9223263997957,101.43373485102538,101.4584388561411,1003620.1970662628
2015-12-13 00:00:00+00:00,101.6207771553998,101.96919713553763,100.87279245656792,100.88065767116119,890618.7493309791
2015-12-14 00:00:00+00:00,100.92327646276289,101.69925457094487,100.87407637619822,101.49883029261564,865550.2975742819
2015-12-15 00:00:00+00:00,101.57252139022758,101.64108144835103,99.83742995423499,99.92614171088418,850102.765395169
2015-12-16 00:00:00+00:00,100.04298236150143,101.63612324405538,99.916051896331,101.43222289352525,1064924.7801128228
2015-12-17 00:00:00+00:00,101.31358005667613,101.97325757003905,101.23409811911485,101.82690753443717,966209.2151911757
2015-12-18 00:00:00+00:00,101.90377278656338,102.7456194320486,101.86771028842747,102.71315771326796,812887.9737175597
2015-12-19 00:00:00+00:00,102.682901626313,102.79801496581022,101.99851417236856,102.14882209443981,993691.104731639
2015-12-20 00:00:00+00:00,101.89180593391414,103.1344331626585,101.66821739283151,103.00406226939775,875117.8668213917
2015-12-21 00:00:00+00:00,102.78485216137521,104.16737171487806,102.71295768967195,104.1313561957357,1166037.8818972972
2015-12-22 00:00:00+00:00,104.0253382280815,104.42928706651718,103.81341492579388,104.39501473436961,942117.8278413174
2015-12-23 00:00:00+00:00,104.45047179114577,104.7124860822401,104.41001028093504,104.66093469174041,1068150.5985819122
2015-12-24 00:00:00+00:00,104.67284506061642,105.06889966716305,104.30789278649866,104.96525220867412,1108896.302738499
2015-12-25 00:00:00+00:00,104.98460430659169,105.1062174191251,104.07639196896079,104.08375498167537,904507.1547442959
2015-12-26 00:00:00+00:00,104.28681650511044,104.5669902234532,103.90985931760592,103.9511029452766,1007604.7117554707
2015-12-27 00:00:00+00:00,103.81917968007552,104.15654738007323,103.69416077599327,103.81343555144757,1055346.7901388148
2015-12-28 00:00:00+00:00,103.81058760070106,104.75198352840923,103.48159104706967,104.23305837817338,1011554.6172410105
2015-12-29 00:00:00+00:00,104.26479062379524,105.39571932529685,104.02369828938944,105.30149118913981,1036110.0759309818
2015-12-30 00:00:00+00:00,105.22396053204585,105.5025919158871,104.06632484160114,104.21355628485989,867037.0606440846
2015-12-31 00:00:00+00:00,104.21650831570295,104.37766770635119,103.64888915711674,104.10418007744167,1055403.6219714524
2016-01-01 00:00:00+00:00,103.93761866385137,105.78665759905724,103.71368134270074,105.67905147548362,951383.5805827291
2016-01-02 00:00:00+00:00,105.82804902719462,106.1119043246029,104.91051229235359,104.91713020936957,1034945.1223284141
2016-01-03 00:00:00+00:00,104.84561716660913,105.09994970087742,103.84273475779318,104.07879976347434,1091998.8845551466
2016-01-04 00:00:00+00:00,104.29022545446381,104.33636916954866,104.00612591150582,104.3104307493506,1066880.8507518275
2016-01-05 00:00:00+00:00,104.30704333863447,105.2572131247479,104.22118785767042,105.2159827553204,1034871.9725489474
2016-01-06 00:00:00+00:00,105.32415042152898,105.50627240323787,105.1044408310502,105.24905318461335,1064212.8296184517
2016-01-07 00:00:00+00:00,105.24344310812,106.7517503535887,105.09198791976688,106.67844069564481,1068841.1053888784
2016-01-08 00:00:00+00:00,106.67516099155824,107.95449231881408,106.60554191076604,107.61790340203534,1149550.1161383926
2016-01-09 00:00:00+00:00,107.5550513896687,108.6842453929052,107.53305700700918,108.54938416785483,996594.9300537229
2016-01-10 00:00:00+00:00,108.56231499702719,109.41997426602774,108.45696353242602,109.17437646972128,1016395.6993442388
2016-01-11 00:00:00+00:00,109.20909377890212,111.78619664102855,108.93873657208124,111.76773451988866,1093206.6808976112
2016-01-12 00:00:00+00:00,111.68007972306927,111.77059421447743,111.40875140771773,111.56097497385066,950961.2390236487
2016-01-13 00:00:00+00:00,111.5470248969023,111.65288106686684,109.33501318454944,109.36993983673324,866473.2527322015
2016-01-14 00:00:00+00:00,109.30321336045812,111.34892499966358,109.260479040847,111.16089128429212,1049323.017458277
2016-01-15 00:00:00+00:00,111.41652399192498,111.6452455548502,110.26891008709553,110.67540395840909,979397.6315384055
2016-01-16 00:00:00+00:00,110.66547296920163,110.90290896677963,110.61406961114308,110.81702669135953,879247.2588265631
2016-01-17 00:00:00+00:00,110.98826472395845,112.41037038840163,110.63008565754718,112.30023337209927,1050054.1929379837
2016-01-18 00:00:00+00:00,112.27826493869676,112.6155747038067,110.44488649422222,110.53733580140543,1143113.3015029249
2016-01-19 00:00:00+00:00,110.56599676650693,110.79925615475783,109.06509970254018,109.18425547715758,837025.7453710914
2016-01-20 00:00:00+00:00,109.03998332478072,109.16036919493061,107.4444323504604,107.47132770111656,1102232.499521648
2016-01-21 00:00:00+00:00,107.42328021608975,107.45721165286443,106.38376569881562,106.64256516666302,746293.2484254319
2016-01-22 00:00:00+00:00,106.66501712401251,107.25477577076516,106.28997125565138,107.13386165807289,959971.3369818486
2016-01-23 00:00:00+00:00,107.30377637308811,107.88717684709707,107.07417120467194,107.71846032349184,1184051.591224258
2016-01-24 00:00:00+00:00,107.74237196652147,108.07856804505957,107.59998563682387,108.03807554269025,967167.5951487133
2016-01-25 00:00:00+00:00,108.18757002760279,108.4023294528344,106.50115991970175,106.54378820209836,1008993.8395820992
2016-01-26 00:00:00+00:00,106.61205390871072,106.62607801547226,104.00642535421663,104.13155202410248,1076286.6200773555
2016-01-27 00:00:00+00:00,104.30101585134703,104.33654886501506,103.85326642148026,104.20900635802384,828352.6485939347
2016-01-28 00:00:00+00:00,104.20285362722531,104.39764670360128,103.62274888293737,103.73927690389144,1007209.4800839755
2016-01-29 00:00:00+00:00,103.98723687953371,104.31974243565689,103.87104898090631,104.2377821640128,1006421.3071961307
2016-01-30 00:00:00+00:00,104.1871855403502,105.08988802246252,103.95672509560029,104.99305368681146,1186232.0973248738
2016-01-31 00:00:00+00:00,104.91258051830465,105.22669103736742,104.78015997456903,105.15932772103773,876425.9169002176
2016-02-01 00:00:00+00:00,105.03207937685751,106.02281554957139,104.99772170078633,105.98291880518862,961846.0683549879
2016-02-02 00:00:00+00:00,106.22996760368724,106.39956247161588,105.9552391441105,106.24736967742936,907164.4209176383
2016-02-03 00:00:00+00:00,106.33443382660857,106.8951244511826,106.11468707802354,106.8334092795057,896558.819630862
2016-02-04 00:00:00+00:00,106.7977140224477,106.86886794940898,106.0935431314772,106.10444784006314,1112740.2727064579
2016-02-05 00:00:00+00:00,106.23697470365462,106.59601798961754,105.85724141477328,105.93522811365152,1002665.1502000819
2016-02-06 00:00:00+00:00,106.00807894215394,106.45010533814823,105.64714462311272,106.1651194508494,944443.2803573479
2016-02-07 00:00:00+00:00,106.37385360870358,107.19673332950543,106.26805686133326,107.06122825990445,948215.4098857465
2016-02-08 00:00:00+00:00,106.89551537569031,106.97642821274708,106.48703955858184,106.66184316856125,943677.2923054604
2016-02-09 00:00:00+00:00,106.63353937030504,107.2594923869427,106.36062404550349,107.24062681941938,952619.6822592305
2016-02-10 00:00:00+00:00,107.19102573628795,107.4613880289749,106.90200713943291,106.977311556151,873555.4655710736
2016-02-11 00:00:00+00:00,106.76617228956385,106.91922039730204,106.52624259192552,106.87301444301151,974127.04574348
2016-02-12 00:00:00+00:00,106.98633480768225,107.80664717711525,106.97011470404671,107.78478841482355,964079.3308347856
2016-02-13 00:00:00+00:00,107.75564377926818,107.80509423951439,105.48531874883176,105.67897229542196,924220.3293596659
2016-02-14 00:00:00+00:00,105.75713576104256,105.85644940366505,104.07378263515247,104.33858250983221,1015504.6256304974
2016-02-15 00:00:00+00:00,104.58479776850663,104.77751203335274,102.82394951388146,102.82405855006232,1023988.9480118158
2016-02-16 00:00:00+00:00,102.78773660001139,102.93002650082697,100.44193484185472,100.47241347463445,944335.2785708292
2016-02-17 00:00:00+00:00,100.43009921802485,100.56730192003569,99.6950722112097,99.81321133154728,985586.5849233745
2016-02-18 00:00:00+00:00,99.82505558339741,100.87603665237573,99.6244177154443,100.58417022189002,1215862.3726900858
2016-02-19 00:00:00+00:00,100.68347167769362,100.83872188369273,100.05944046924208,100.31809133752878,1212043.3258602137
2016-02-20 00:00:00+00:00,100.26123976849355,100.61538601036989,100.17935609726108,100.53681228066189,894590.9809870264
2016-02-21 00:00:00+00:00,100.4733774130147,101.67998975262205,100.25240215286308,101.65819196543369,908555.2433411442
2016-02-22 00:00:00+00:00,101.76566391521168,103.05866558428971,101.5417773879921,103.03749880797355,894059.6723008003
2016-02-23 00:00:00+00:00,103.07651285685216,103.08302195769473,102.81453095921695,102.98688074641935,1105705.3939972238
2016-02-24 00:00:00+00:00,102.77630056063843,104.5099609780428,102.66837226707581,104.41125410912917,960147.0700424307
2016-02-25 00:00:00+00:00,104.28330941457156,105.05835005296723,104.02180242631407,104.52839261886663,1023967.42435963
2016-02-26 00:00:00+00:00,104.68531439065427,104.72504384118027,103.5490809714389,103.67746187841811,1199696.7333280884
2016-02-27 00:00:00+00:00,103.71913278266487,103.85658099375588,102.89732536110097,103.08364524732494,998953.5205689537
2016-02-28 00:00:00+00:00,103.00507531236094,103.35250663262826,101.22810332227195,101.58901236855023,1070624.8721757322
2016-02-29 00:00:00+00:00,101.57170061977367,101.67020485356778,100.5284106143489,100.71090086706008,1052042.0749300392
2016-03-01 00:00:00+00:00,100.71223394430241,100.95974735235815,100.2865746222053,100.37105590533703,941178.264830405
2016-03-02 00:00:00+00:00,100.44490223957314,101.28253982413553,100.329150601089,101.20111029554697,1105916.1731741857
2016-03-03 00:00:00+00:00,101.06365253191346,103.88217777641043,100.78953027298648,102.9782114369282,915029.9190899815
2016-03-04 00:00:00+00:00,102.89161199871849,103.0303146663402,101.44831056302269,101.5849720439508,1133987.9786444176
2016-03-05 00:00:00+00:00,101.61270024667782,102.39653506528202,101.59138936745974,102.00520954325698,941254.903479088
2016-03-06 00:00:00+00:00,101.99502589595387,102.40217118781831,100.87817248606564,100.9694955072539,952203.2279463905
2016-03-07 00:00:00+00:00,101.02723584042592,101.7785714128801,101.00754378830982,101.47022619064205,891151.2176373209
2016-03-08 00:00:00+00:00,101.3454677969289,101.9194862677506,101.29519770640232,101.35756890011216,907574.0589183354
2016-03-09 00:00:00+00:00,101.39376659452354,101.58398108672485,99.52300340724898,99.53859841010527,957323.5677671464
2016-03-10 00:00:00+00:00,99.64725311362552,100.48874786406323,99.61465303605955,100.487009714931,756865.1442089388
2016-03-11 00:00:00+00:00,100.53592865500781,101.00844173188212,99.8417056980659,99.90087610629567,976666.7658824404
2016-03-12 00:00:00+00:00,99.91477349097453,100.00392501088336,99.30407025720244,99.38880216740542,949202.5762758483
2016-03-13 00:00:00+00:00,99.3792724109989,99.60801164486368,98.30530039617891,98.35092293225136,1079001.1098611832
2016-03-14 00:00:00+00:00,98.26881455086523,98.34033203985726,97.64877644929363,97.7290737032843,1042298.0738356826
2016-03-15 00:00:00+00:00,97.72203734753722,98.2825970537923,97.68326922362331,98.16777459848464,929236.2568900703
2016-03-16 00:00:00+00:00,98.2914371187106,98.3723655921291,97.77076251215988,98.00177171022497,954144.9240574094
2016-03-17 00:00:00+00:00,97.99010670569413,98.71017628565355,97.7943366122445,98.34406302285844,976538.1961479103
2016-03-18 00:00:00+00:00,98.25655608325197,98.85698080648793,98.17817057817852,98.7203786499691,1148595.6554475848
2016-03-19 00:00:00+00:00,98.67178383097685,100.40293210958214,98.38135857138961,100.05279656370432,917769.5319543559
2016-03-20 00:00:00+00:00,100.07289219763743,100.29897304374467,99.69995976411609,99.73036066201954,928023.9335049347
2016-03-21 00:00:00+00:00,99.69310997636838,100.089465023768,98.20703935692616,98.28796345668978,887141.5848382849
2016-03-22 00:00:00+00:00,98.3356629280409,99.66344951052487,98.29154159322582,99.36240241511346,851796.0520563815
2016-03-23 00:00:00+00:00,99.41435342726923,99.58255609941145,98.82816980240341,99.05338181524336,1030700.3623625495
2016-03-24 00:00:00+00:00,99.14143860563931,100.50281389158995,98.88189759045525,100.18363375321213,1020290.3331073209
2016-03-25 00:00:00+00:00,100.32625111400746,100.59745776084743,100.28881053201084,100.58856775941234,1128276.1852835352
2016-03-26 00:00:00+00:00,100.68873976218767,100.76796484543996,100.34230831957242,100.47683820776999,1104140.900772693
2016-03-27 00:00:00+00:00,100.38296882047422,101.13653315570276,100.34948197232983,100.84805662750256,1239711.671453181
2016-03-28 00:00:00+00:00,100.75693693446934,103.01536688880101,100.65073182167691,102.85550301163413,992612.7232458905
2016-03-29 00:00:00+00:00,102.84770949830892,105.16141032377308,102.57790499284229,105.03513625444663,973947.0436203793
2016-03-30 00:00:00+00:00,104.98774698932434,105.2443147270942,104.9452815266404,105.12905982024078,869977.365486664
2016-03-31 00:00:00+00:00,105.00938860166713,105.35500283926493,104.97675887764865,105.31866326936812,1069657.8167476326
2016-04-01 00:00:00+00:00,105.27214488002878,106.8947881764319,105.15135005069658,106.47956023298133,1011853.4241446339
2016-04-02 00:00:00+00:00,106.42903430448472,106.49975898534385,105.44756360795044,105.60401946964326,1065126.6305010682
2016-04-03 00:00:00+00:00,105.53306964785288,105.97910025566642,105.4921841386907,105.97753497295808,886087.57807616
2016-04-04 00:00:00+00:00,105.944068381645,106.00708666480382,105.88591874018448,105.97132185335201,1035160.4189026699
2016-04-05 00:00:00+00:00,106.09620384769944,106.40632897029734,105.76644012091866,106.32576021889746,1020519.9617953942
2016-04-06 00:00:00+00:00,106.3469443550978,106.39889308125088,105.41114623565502,105.46444722666513,1013903.5039893687
2016-04-07 00:00:00+00:00,105.72513520452117,105.78103075078893,103.8125324293613,103.82203465074574,931673.4091809476
2016-04-08 00:00:00+00:00,103.83973715754291,103.89917397276423,101.68587732085494,101.7123156659142,1118932.4648553398
2016-04-09 00:00:00+00:00,101.68281240435162,101.88659126674948,100.59507403581972,100.60224289400136,1205030.7578978012
2016-04-10 00:00:00+00:00,100.60265867126606,100.62187339141192,100.10997438935583,100.16189227914869,888965.5973702384
2016-04-11 00:00:00+00:00,100.18758300106401,100.25122113003584,99.62146107837066,99.88863184862028,1072044.3979592957
2016-04-12 00:00:00+00:00,99.9321087709088,101.90086901597884,99.69636744490764,101.86294115197812,712214.9848659611
2016-04-13 00:00:00+00:00,102.07448107555375,103.14964636484228,102.00463103136376,103.01639282363779,1066860.9949482458
2016-04-14 00:00:00+00:00,102.9293109585558,103.03695024621592,101.91438430124366,102.0504417523757,812984.5383458245
2016-04-15 00:00:00+00:00,102.13810778209837,102.54012017611241,102.03986606587199,102.42638060834999,947503.2652100743
2016-04-16 00:00:00+00:00,102.44765975013283,102.52677944278565,101.9369297976343,102.03067671662404,868697.5338245749
2016-04-17 00:00:00+00:00,101.8703765507616,101.87613332143223,101.20088552867755,101.76130072691538,978438.8505050604
2016-04-18 00:00:00+00:00,101.83972803745,102.03244214717373,101.71464124794164,101.9704574311858,1083879.3698367828
2016-04-19 00:00:00+00:00,102.09971758553154,102.69166140080709,101.86878072632265,102.62431053699368,814268.6736272977
2016-04-20 00:00:00+00:00,102.53634339954743,102.64054513668114,102.23437094582742,102.29719616711117,964052.0310484361
2016-04-21 00:00:00+00:00,102.29628225747489,103.752367366712,102.09313976856062,103.41197626322787,948663.1231183943
2016-04-22 00:00:00+00:00,103.23355396923947,103.31260921218131,102.19395887083078,102.25824196629638,1158104.8683871876
2016-04-23 00:00:00+00:00,102.12951863075324,102.33254699290825,101.9840943315861,102.28517937579326,1043176.1007850284
2016-04-24 00:00:00+00:00,102.39237726913098,105.17645083332,102.30906512674046,104.99802343915572,882278.2886726577
2016-04-25 00:00:00+00:00,104.94905062792554,105.36543828560855,104.86440893090803,105.25356282070166,952870.56209696
2016-04-26 00:00:00+00:00,105.13685735712323,107.19912309107163,105.09178636668325,106.79429079095249,1155610.4238385533
2016-04-27 00:00:00+00:00,106.81879584783945,106.99465217160495,106.7389375565867,106.91345440771016,1071436.5316774023
2016-04-28 00:00:00+00:00,106.85760149004034,107.74594881302876,106.81916326256876,107.55769925361054,908176.6537594578
2016-04-29 00:00:00+00:00,107.50705875934142,107.73182168676959,107.3512863097602,107.51814337141428,973292.9461616911
2016-04-30 00:00:00+00:00,107.59763433304101,107.97076623045017,107.17603429634987,107.35654948784621,976489.0851591852
2016-05-01 00:00:00+00:00,107.2318298030061,107.56052278962298,106.32986521277473,106.54428380457183,946201.8072844195
2016-05-02 00:00:00+00:00,106.44782231640508,107.31861333977955,106.28552290578389,107.02513599187746,828978.784367831
2016-05-03 00:00:00+00:00,107.04162642399082,107.17023590259389,106.00073846304963,106.13887209801503,932237.8284610031
2016-05-04 00:00:00+00:00,106.24176415980581,107.06057296234268,106.14212603271717,106.86904465272069,1138919.9305865373
2016-05-05 00:00:00+00:00,107.00136566126784,108.44824591277684,106.96028446806051,108.05680631069075,961885.5512938824
2016-05-06 00:00:00+00:00,107.98494186518897,108.55159374014279,107.64677869426347,108.47528806541442,989674.6369539081
2016-05-07 00:00:00+00:00,108.5769703019269,108.63539032130201,108.09639776449339,108.1868581256364,1014052.5646853573
2016-05-08 00:00:00+00:00,108.1020242345824,109.01330623890829,108.06340763147642,108.70084368962034,1221814.1394712126
2016-05-09 00:00:00+00:00,108.89935418638298,109.04286406061605,108.25601188174033,108.38750612089608,1000887.4771416963
2016-05-10 00:00:00+00:00,108.2646195069387,109.90988923943566,108.07538186219215,109.42816388942533,1109394.5353583512
2016-05-11 00:00:00+00:00,109.57353688645628,109.62804364198738,107.4481613067706,107.46382030179484,940181.9827948803
2016-05-12 00:00:00+00:00,107.39327179678105,107.47854866992276,107.06807530363453,107.12519121711621,974060.0739497509
2016-05-13 00:00:00+00:00,107.34086062855326,107.47220395400791,104.92668693461158,105.03462334601087,1001255.2723110284
2016-05-14 00:00:00+00:00,105.09673249604258,105.48495902235341,103.4056497893727,103.49666952170391,922586.7058150616
2016-05-15 00:00:00+00:00,103.39151519473116,104.99734796093082,103.16156944629111,104.93887690591279,979628.2219397043
2016-05-16 00:00:00+00:00,104.88407378639255,106.14610310374204,104.75851690753355,105.90366983364412,1088805.093581327
2016-05-17 00:00:00+00:00,105.98639979008237,106.11333634614455,105.04634624189364,105.16547935487672,919963.5438908117
2016-05-18 00:00:00+00:00,105.2761812096455,105.28045710840281,103.55270196636074,103.61789731159115,1000008.9030963639
2016-05-19 00:00:00+00:00,103.61056991066951,103.81674136016466,100.33021640585234,100.61132043398867,1070873.3551655933
2016-05-20 00:00:00+00:00,100.61581356260471,100.66146758917021,99.98207771704011,100.08600090280623,917553.3951187256
2016-05-21 00:00:00+00:00,100.16190142511608,102.76630779707429,99.87874108355838,102.55856236198359,1109541.3792614955
2016-05-22 00:00:00+00:00,102.57207941917939,103.11489850283245,102.44323004941721,103.02614781126798,1007288.3479711323
2016-05-23 00:00:00+00:00,102.89288298843519,102.92719471303349,102.36779869440727,102.4717443191587,983487.7436660711
2016-05-24 00:00:00+00:00,102.38843745276766,103.13414751159168,102.38672403279426,102.9700220173811,799185.2194199786
2016-05-25 00:00:00+00:00,102.99423232310414,103.1728617735622,101.13299147313528,101.39545969406562,962638.7557986527
2016-05-26 00:00:00+00:00,101.51870409243645,102.15459792951597,101.08990664970024,101.11465594278981,1037159.2416145303
2016-05-27 00:00:00+00:00,101.27805544961853,101.35560318748072,101.04785672985008,101.23553737722068,1174534.5018802467
2016-05-28 00:00:00+00:00,101.31445345703384,101.83527499044985,101.00536294545807,101.16864213866987,1056788.9154111615
2016-05-29 00:00:00+00:00,101.1977069548629,102.29994295050415,101.07481912115041,101.99225813473551,1112621.623177835
2016-05-30 00:00:00+00:00,102.06863135388951,102.41426243051639,101.97582626256904,102.36484693594537,879089.5426378062
2016-05-31 00:00:00+00:00,102.29659508721953,103.07351217149481,102.19846844431848,103.0718813702235,987317.7504347046
2016-06-01 00:00:00+00:00,103.05608756686551,103.1514315168502,101.88682635339202,102.38527458510589,1122074.6442328864
2016-06-02 00:00:00+00:00,102.30089573490753,103.54348369307536,101.8885399823379,103.32930802639537,911226.6449600077
2016-06-03 00:00:00+00:00,103.20027631652786,105.14652765590924,103.09118258542736,105.0472682790019,1096522.2628973103
2016-06-04 00:00:00+00:00,105.08230669151145,105.11431484042595,103.90885473777529,104.05388893197028,1073331.7864600334
2016-06-05 00:00:00+00:00,104.07319231296904,104.23914171413789,103.12530983208904,103.1549236397183,1027472.3648449819
2016-06-06 00:00:00+00:00,103.22585837924849,104.56650865435034,102.84281746221397,104.56300564537588,967129.7374864025
2016-06-07 00:00:00+00:00,104.6201087398325,105.28546427702979,104.24313625655289,104.38399662728469,901370.4845427565
2016-06-08 00:00:00+00:00,104.4093248060842,105.9129189005198,104.29130300525206,105.88086941068337,1177537.9294103314
2016-06-09 00:00:00+00:00,105.9398044671738,105.98118076183368,105.31973052019805,105.43442877513587,1063186.251772403
2016-06-10 00:00:00+00:00,105.42992850726678,107.36720539006578,105.38379214487655,107.00116125487835,1034061.6124675449
2016-06-11 00:00:00+00:00,107.0453411136393,107.27985161606269,106.99437910056731,107.16337567289393,958715.025179775
2016-06-12 00:00:00+00:00,107.08555958747608,107.70854912640031,106.91957774511312,107.46195023970486,1003787.1629589979
2016-06-13 00:00:00+00:00,107.50167955948922,109.47009063059228,107.31583303322795,109.17848432099552,1016471.7269970034
2016-06-14 00:00:00+00:00,109.25146115076839,109.72289369838603,108.54737591359915,108.80598140894719,1039987.5684733572
2016-06-15 00:00:00+00:00,108.73311606393445,108.74014358769304,107.324164983973,107.80834724069311,1073434.0288471936
2016-06-16 00:00:00+00:00,107.81393517361954,108.10950589255654,106.8668323593535,107.34730788163999,921752.8474144908
2016-06-17 00:00:00+00:00,107.28036583104304,107.86468710625215,106.93005261340096,107.85554500521413,853340.3034512996
2016-06-18 00:00:00+00:00,107.79875833851249,107.87122596813278,105.93026260331366,106.2011773432453,1008428.0851273497
2016-06-19 00:00:00+00:00,106.08170852130549,107.29907070251375,106.06377045271729,106.9017195897511,825278.2662675238
2016-06-20 00:00:00+00:00,107.03703310586499,107.13384898487287,106.10045896378513,106.34858013542087,967633.9005006362
2016-06-21 00:00:00+00:00,106.46191424062371,107.74011597838312,106.44143597240084,107.59781246807232,949081.0169888238
2016-06-22 00:00:00+00:00,107.65563917513347,108.03926627719314,104.74678249687271,105.07324876723392,1049174.819220167
2016-06-23 00:00:00+00:00,105.28047380311025,105.51936203059795,103.95739225744809,104.27087250342683,1198259.703548631
2016-06-24 00:00:00+00:00,104.25113968952812,104.41078895198697,102.3161135978187,102.5476301448632,805540.9376096438
2016-06-25 00:00:00+00:00,102.85853019569507,103.09146690283022,101.71780893299426,101.72418482335294,1227418.50303184
2016-06-26 00:00:00+00:00,101.7010395790518,102.11586592606301,101.45183455375886,101.99683050628722,976692.4840880973
2016-06-27 00:00:00+00:00,102.02285941933262,102.15624057754442,101.71516265482774,101.83455362329393,1034780.8682172579
2016-06-28 00:00:00+00:00,101.79404608698661,101.9000586613084,101.22712524205151,101.59717172349411,858516.7842376283
2016-06-29 00:00:00+00:00,101.6349989473566,101.81153331431977,101.26409420876954,101.45586219426082,1099687.1570226322
2016-06-30 00:00:00+00:00,101.54064022723192,102.05262859739457,101.21503818927702,101.6827559925,1004147.2536351723
2016-07-01 00:00:00+00:00,101.67117265970164,101.97640160539807,100.62477948828476,100.68253720779654,993853.2588811712
2016-07-02 00:00:00+00:00,100.8614218699118,101.56630135185834,100.6912296485533,101.41701390496291,806261.4885097046
2016-07-03 00:00:00+00:00,101.44126771128795,102.1382342392353,101.15181449907034,102.1117219166973,1007379.6813847426
2016-07-04 00:00:00+00:00,102.13934164522632,102.60574023221015,102.0906507806158,102.52615186192553,1084582.8323816576
2016-07-05 00:00:00+00:00,102.43295582625568,103.18591829846382,102.36457171087469,103.1189566318269,976372.136451681
2016-07-06 00:00:00+00:00,103.16211181974593,103.67688005313806,102.98917310330596,103.44576033306096,1117419.9345644151
2016-07-07 00:00:00+00:00,103.431895785299,105.83618880783521,103.16967415319492,105.5936412068631,1113289.5171891362
2016-07-08 00:00:00+00:00,105.5294149591157,105.71353953931028,105.36298983977136,105.52281779046011,935890.4617259152
2016-07-09 00:00:00+00:00,105.44088202297011,105.49119337391679,104.71785699036917,105.22031391576104,1159511.3858797392
2016-07-10 00:00:00+00:00,105.50143769728767,105.68033259170721,103.99500196189047,104.45131774063353,1004529.4964325082
2016-07-11 00:00:00+00:00,104.42379719465765,104.4631121357687,103.0274656884976,103.39932946738786,1004974.5250787832
2016-07-12 00:00:00+00:00,103.2486781518353,103.31512721882517,101.7153123756753,102.14095379965053,1009898.1222602732
2016-07-13 00:00:00+00:00,102.06963679379007,102.7654888009502,101.23862121349447,101.25739964233382,1006931.5750941125
2016-07-14 00:00:00+00:00,101.25217801700329,101.74046543849136,101.03934202283006,101.20609500753461,736986.6643341492
2016-07-15 00:00:00+00:00,101.26142104317508,101.68035415125408,101.20097831856721,101.56529921765538,981449.3601810279
2016-07-16 00:00:00+00:00,101.62164729238934,101.75867224976791,101.44409919341174,101.63758057046608,863605.3528337546
2016-07-17 00:00:00+00:00,101.70635003648742,102.0984015224378,100.7788683110201,100.88265417021142,1162633.5702215678
2016-07-18 00:00:00+00:00,100.81759895090883,101.88599255896467,100.76968359909971,101.81524497949155,1158608.29917212
2016-07-19 00:00:00+00:00,101.84990700664758,102.61857687443845,101.84730860153701,102.59138617946294,1085193.833245559
2016-07-20 00:00:00+00:00,102.5015100246642,102.60137023690949,102.33167134358968,102.44821903361716,976153.2562661112
2016-07-21 00:00:00+00:00,102.3847377135707,102.72301521553389,101.69472054757033,101.80185534319052,899198.5063396301
2016-07-22 00:00:00+00:00,101.7084308669213,102.40367041975134,101.648764455722,102.38217329496267,934241.8998724396
2016-07-23 00:00:00+00:00,102.26050346130938,102.62599548328156,102.06070931600466,102.59532274416057,1194264.1906426032
2016-07-24 00:00:00+00:00,102.70450566013736,102.9517733620353,101.04916744326843,101.1405437465537,930780.261348004
2016-07-25 00:00:00+00:00,101.21019030842093,101.32863446011415,100.99668214801898,101.0920278947058,764440.4645613936
2016-07-26 00:00:00+00:00,101.19076097753141,101.38856540594949,101.16498418856939,101.3775460589968,1103016.5508485395
2016-07-27 00:00:00+00:00,101.38153152115841,101.60667779588813,100.21149639897551,100.489644210726,1150050.3113617895
2016-07-28 00:00:00+00:00,100.56770534000512,101.21199075529242,100.53387596391529,100.70073649373165,1165921.5687166522
2016-07-29 00:00:00+00:00,100.52337335350553,100.58718769160747,99.08356507416943,99.26617599319503,1103834.8004249327
2016-07-30 00:00:00+00:00,99.35185139065885,100.6450773706321,98.99576782668896,100.62158020153969,1120151.967723478
2016-07-31 00:00:00+00:00,100.63940227871983,101.94030994684138,100.54472817362621,101.90553425861101,1005293.4074053541
2016-08-01 00:00:00+00:00,101.96944019745291,102.23668772268894,101.6632313449243,101.66886148608614,792370.4376508337
2016-08-02 00:00:00+00:00,101.7074980222386,102.18177115617505,101.31626371973559,102.05946355737055,1002788.1041500013
2016-08-03 00:00:00+00:00,101.95872523779697,102.01547904499596,99.2586225316621,99.6492379948687,1062157.2772419415
2016-08-04 00:00:00+00:00,99.49995947276497,99.80591049502455,98.50432786937017,98.52328569278963,986472.994343375
2016-08-05 00:00:00+00:00,98.45313177674605,98.68624277411955,97.96766783293022,98.25391860852196,981916.3881260386
2016-08-06 00:00:00+00:00,98.3094239450967,98.41123318506472,97.07292781665133,97.22557593870273,903588.1960981678
2016-08-07 00:00:00+00:00,97.29267047399351,97.95318263942258,97.25125516149987,97.94222545205584,899826.1256727974
2016-08-08 00:00:00+00:00,97.8082461411191,100.29167153680879,97.74335252450926,99.93807397624688,1183814.851476607
2016-08-09 00:00:00+00:00,99.8400247950828,99.94705186495024,98.75237968081399,98.78883445075091,1187434.6369880142
2016-08-10 00:00:00+00:00,98.71738684030363,98.8974628545419,97.67772099650787,97.98456367019803,999735.2868753896
2016-08-11 00:00:00+00:00,97.94955328977063,98.37821019855551,97.86169767105297,98.2351836052739,1028152.3605092926
2016-08-12 00:00:00+00:00,98.10138229182539,100.12519192849317,97.84086957898626,99.85065282152095,901914.1942962982
2016-08-13 00:00:00+00:00,99.70866002432585,99.93332564078855,98.58622822571057,98.65726310416422,1064257.4849939453
2016-08-14 00:00:00+00:00,98.57618308309824,98.92861349200555,98.43018674606405,98.92304414238214,1175964.91716142
2016-08-15 00:00:00+00:00,98.93157663443047,100.85056492001222,98.88691433169369,100.76138576020568,847076.9220055307
2016-08-16 00:00:00+00:00,100.64242743851146,100.86885938109268,98.90073947523243,99.13054451682576,1046388.3299702394
2016-08-17 00:00:00+00:00,99.1190648518253,99.31598016361112,97.79362879340829,97.8882890587721,1053902.224264504
2016-08-18 00:00:00+00:00,97.99190898282257,98.06874059699248,97.4187600746342,97.49400167737866,1052760.6514889258
2016-08-19 00:00:00+00:00,97.3670859614757,97.80965032813056,96.87684082090145,97.00717751104158,1164281.7667848468
2016-08-20 00:00:00+00:00,96.98715079070904,97.85840732064759,96.89042387397511,97.81823226100241,1203601.8212171153
2016-08-21 00:00:00+00:00,97.91847215319545,98.22665337812163,97.69449035008196,98.07451832594639,976651.6322127337
2016-08-22 00:00:00+00:00,98.03349685503048,98.11395661287598,96.21985864684724,96.36836272049084,1067317.3672156357
2016-08-23 00:00:00+00:00,96.31307911164045,96.976786955947,96.2209388181608,96.88571269651625,1008423.370572606
2016-08-24 00:00:00+00:00,96.99843881770475,97.26889293845497,96.12368919814712,96.3470402215868,936788.4707060305
2016-08-25 00:00:00+00:00,96.31753855756818,97.7391541378274,96.24188352389993,97.60230866846243,1027081.4156881014
2016-08-26 00:00:00+00:00,97.71010993283531,97.92855737716414,96.88848263132161,97.01108711874886,1067149.9528500247
2016-08-27 00:00:00+00:00,97.05270151767843,97.11305018256745,96.38011747509093,96.41474239511327,1021692.8685416986
2016-08-28 00:00:00+00:00,96.38168711622143,97.03042822174346,96.23829008094638,96.95727673444854,911881.8790513882
2016-08-29 00:00:00+00:00,97.00378622197057,97.90728742467495,96.98245569232726,97.71936031483234,953643.9360144322
2016-08-30 00:00:00+00:00,97.75067443633857,98.20729700174952,97.42547799851415,98.17785629007857,954409.2579825342
2016-08-31 00:00:00+00:00,98.27808437696797,98.38862135174371,96.36134113191896,96.55615157568624,915755.6045069295
2016-09-01 00:00:00+00:00,96.5032054408163,97.29280976543126,96.48628207465708,97.0964743467748,1031353.9581605669
2016-09-02 00:00:00+00:00,97.10047531058099,97.46793629618031,95.96482369476192,96.11659488869236,1041811.2096293077
2016-09-03 00:00:00+00:00,96.1106822110365,96.45217565205041,95.97800209146524,96.36227103756103,1097951.7600887197
2016-09-04 00:00:00+00:00,96.43012435163632,96.54051661452739,94.8720945439104,95.01905033842189,914237.7651839368
2016-09-05 00:00:00+00:00,94.92163878493909,95.6318442111048,94.74797102691474,95.46317994707647,942252.1313771207
2016-09-06 00:00:00+00:00,95.56026381003444,95.70762465859575,94.59106902889471,94.71521322523868,1155456.9451931238
2016-09-07 00:00:00+00:00,94.75938165432787,94.8376737416924,93.47010057913273,93.5268244165891,983550.4135927081
2016-09-08 00:00:00+00:00,93.40365659645762,94.26702488497469,93.22872475876531,94.21566743040836,1003013.1029251635
2016-09-09 00:00:00+00:00,94.32950471894236,94.51332691879178,94.29588550558093,94.46250033437292,982489.627860435
2016-09-10 00:00:00+00:00,94.67353835276481,94.75656015835797,93.71087540393664,93.9030780603756,1113303.0818721643
2016-09-11 00:00:00+00:00,93.99715335382174,95.35989504862916,93.91757452078662,95.29477233825428,1117180.868071503
2016-09-12 00:00:00+00:00,95.43075652677729,95.5037916431513,94.84009987033072,94.89475450299372,1111320.8100588848
2016-09-13 00:00:00+00:00,94.9028557992925,95.196633284546,94.83186633756976,94.94421483748145,1002656.7611357549
2016-09-14 00:00:00+00:00,94.78646455742827,95.24676714685474,94.74240257382345,95.21891807816036,912756.4022510999
2016-09-15 00:00:00+00:00,95.04332292399437,95.08215182578074,94.42382513977775,94.64963127905875,1192521.3077759254
2016-09-16 00:00:00+00:00,94.67377470045675,95.47524129320682,94.6635091362192,95.1156333858551,1085630.8976955519
2016-09-17 00:00:00+00:00,95.05932694660686,95.15584291874103,94.52798307910155,94.62851157308447,954334.1018607611
2016-09-18 00:00:00+00:00,94.5419665811463,94.72449726457636,94.24989514534667,94.2586348203416,1142381.8846944412
2016-09-19 00:00:00+00:00,94.2527204035712,96.05422112154797,94.22923186356712,95.57094627981114,946439.1084740905
2016-09-20 00:00:00+00:00,95.62977834828797,95.70459860935388,94.27445183983606,94.60052295759027,1141070.3403188656
2016-09-21 00:00:00+00:00,94.46309133393599,94.56486811610878,92.1418140987302,92.3638068196027,1147828.4589384492
2016-09-22 00:00:00+00:00,92.32234677379748,94.09086410994165,92.30768528067415,93.88255355133927,907851.7228318944
2016-09-23 00:00:00+00:00,94.02430406660291,96.36615464518256,93.98397627385806,96.32595938156344,1058175.830302096
2016-09-24 00:00:00+00:00,96.22238119672676,96.26131627091219,95.82086228982277,95.95555904291069,1078219.070396133
2016-09-25 00:00:00+00:00,96.03901746385893,96.19484966958882,94.10119768472757,94.13376260967622,1261490.9199586334
2016-09-26 00:00:00+00:00,94.08813307923897,94.121050731274,93.8026352879334,93.86071588359763,925769.8882366143
2016-09-27 00:00:00+00:00,93.91194447662194,94.28358515711535,93.45191557364976,93.61116943937093,1143254.327699383
2016-09-28 00:00:00+00:00,93.71389155057817,93.88752029074101,93.3122040777157,93.45223681508557,1001734.6018033555
2016-09-29 00:00:00+00:00,93.52151125432056,93.66566143243435,92.23093606872538,92.43600702449253,875863.5816419431
2016-09-30 00:00:00+00:00,92.52004610786916,92.99832766338548,92.3392651332912,92.99188214469316,988001.2830165713
2016-10-01 00:00:00+00:00,92.88479329455589,93.76640141647556,92.86830184483793,93.4996108570682,1000246.4761099707
2016-10-02 00:00:00+00:00,93.60373760627571,93.71275855331186,91.9492950678426,92.1311603856209,894110.9806884711
2016-10-03 00:00:00+00:00,92.05260077951677,92.84804308360457,91.80656539807144,92.79615311662084,1031217.361885153
2016-10-04 00:00:00+00:00,92.82023759403897,94.74173557795285,92.5485937857518,94.73959619738926,1095780.925549858
2016-10-05 00:00:00+00:00,94.7640623368649,95.01270729266454,94.71407486591352,94.9216333048189,1023820.0654062013
2016-10-06 00:00:00+00:00,94.9676819304598,95.24101318006494,94.48676710317503,94.62090048090978,945815.5910620122
2016-10-07 00:00:00+00:00,94.65278362502166,94.79148988567293,94.36047394382508,94.50553033277681,985152.7931593034
2016-10-08 00:00:00+00:00,94.42578562325625,95.29081273891298,94.16219185909553,95.10779404450003,999545.6643206548
2016-10-09 00:00:00+00:00,94.97941113266403,95.25411136626188,93.3585081391846,93.4946491618867,1021732.1627481049
2016-10-10 00:00:00+00:00,93.57620909566656,93.77392952934967,93.32772902393964,93.6672036410407,1110983.0762240032
2016-10-11 00:00:00+00:00,93.68461024625671,93.69148804488631,92.9457284826634,93.32084238700322,1027193.975338609
2016-10-12 00:00:00+00:00,93.42810320202152,95.27218631180533,93.22897859832494,95.08029300037154,859730.3371370289
2016-10-13 00:00:00+00:00,95.0760397798822,95.28007472699474,94.83707589817502,94.93381805457055,943767.8928011308
2016-10-14 00:00:00+00:00,94.80042043681728,96.67503156573147,94.60520265731373,96.54979376992779,1016602.1050896636
2016-10-15 00:00:00+00:00,96.64307339138375,96.92423275461873,95.41266524505669,95.50909379160014,1112412.4484954115
2016-10-16 00:00:00+00:00,95.47372003030436,96.25255933930417,95.42058698830691,96.09084610315826,1129784.6441536553
2016-10-17 00:00:00+00:00,96.12370950475206,96.47053427156489,96.06026874966062,96.4175327624044,1177468.5341587453
2016-10-18 00:00:00+00:00,96.35510632174665,96.505347254434,95.46022491019815,95.60236781875588,1013061.4397579305
2016-10-19 00:00:00+00:00,95.75956695566265,95.79535916050754,95.6510824958624,95.7912695593409,1076330.9175502493
2016-10-20 00:00:00+00:00,95.70730230198133,97.19972609229384,95.49366293186633,96.97922082379176,854553.846559703
2016-10-21 00:00:00+00:00,96.94649714915577,97.20151231731383,96.61044729286216,96.68505305093063,1042988.1573161484
2016-10-22 00:00:00+00:00,96.69544173445118,96.92735037081849,94.98052291075633,95.08195402982736,892473.5898539138
2016-10-23 00:00:00+00:00,94.97810720001108,95.31352726263623,94.95035539761356,95.0842713702744,993746.0804245251
2016-10-24 00:00:00+00:00,95.1156985788238,95.31296737815099,93.99570277765301,94.24891690110965,1302983.8388872142
2016-10-25 00:00:00+00:00,94.40083771775251,94.49196010867442,93.89822025615756,93.94560317247846,1030355.4236190428
2016-10-26 00:00:00+00:00,93.8995264089588,94.01361978740961,93.75351151819237,93.88776198414452,913618.678081967
2016-10-27 00:00:00+00:00,93.9248610590875,94.23463771118777,92.20652750912326,92.31840495435515,1040778.9005957906
2016-10-28 00:00:00+00:00,92.06458146499101,92.11751328390298,90.71375338228304,90.85700907691403,948292.4813410644
2016-10-29 00:00:00+00:00,90.85347208619221,91.55625393523007,90.64119033765795,91.31431902741667,903925.5886842449
2016-10-30 00:00:00+00:00,91.28573378425054,91.36985212920833,90.8535523530264,90.85641681775975,1210313.95333905
2016-10-31 00:00:00+00:00,90.78205105843082,91.14841280522944,88.47413808275756,88.57352338589166,1106681.2026266751
2016-11-01 00:00:00+00:00,88.669311264354,89.32092810336309,88.59745806310937,89.28927859972885,1034553.6624995746
2016-11-02 00:00:00+00:00,89.26014853674893,89.98912041563193,89.16871760918443,89.55071543995167,960817.6709752459
2016-11-03 00:00:00+00:00,89.53482220400795,89.56661086673617,88.87852441120282,88.93149635784737,968921.0517027801
2016-11-04 00:00:00+00:00,88.89795203107685,88.90194893565508,87.52188122586074,87.78565173422562,1154248.186684415
2016-11-05 00:00:00+00:00,87.61738280366822,88.7667069921286,87.58143432247203,88.54015220589802,1030657.7537664567
2016-11-06 00:00:00+00:00,88.4399259541986,89.06516697701223,88.1510549891665,88.86778048537309,691719.4857051186
2016-11-07 00:00:00+00:00,88.95319073032354,91.1201915905396,88.91704009346049,91.02877591884852,1242093.8515658837
2016-11-08 00:00:00+00:00,90.83670969421385,91.5486770154366,90.46537704217084,91.43035742155678,1018306.2356972286
2016-11-09 00:00:00+00:00,91.36029293524379,92.039126661724,91.12506013162702,91.80388278074247,1034336.9005734817
2016-11-10 00:00:00+00:00,91.76718692754973,91.97976059985197,91.6636466139951,91.66909627976928,1108669.4813434796
2016-11-11 00:00:00+00:00,91.82893252059753,92.64867168406776,91.78736423818367,92.43937943232682,1046540.2827311588
2016-11-12 00:00:00+00:00,92.51042868743865,93.10501449627229,92.49268834010594,93.03761969429858,1074690.861771681
2016-11-13 00:00:00+00:00,92.98578187469775,94.23796452451109,92.94965649801405,94.2283577803628,957627.6532635075
2016-11-14 00:00:00+00:00,94.35127996374398,94.3625746418121,93.54339049374637,93.75715154625794,877020.4676033612
2016-11-15 00:00:00+00:00,93.68772289225282,93.8343475851908,93.3526529917857,93.36848516582296,1028023.2781473198
2016-11-16 00:00:00+00:00,93.46270328587873,93.75310399317253,92.70339090057443,92.94080997616861,1143161.465227459
2016-11-17 00:00:00+00:00,92.81451482427434,93.7664276769599,92.79267451850114,93.6974388982373,935219.7441616883
2016-11-18 00:00:00+00:00,93.79800040835342,95.50671914373642,93.73231614981692,95.13097252457611,927197.6005180223
2016-11-19 00:00:00+00:00,95.0923366359075,95.2629692631624,94.587651429747,94.71441397791197,1122101.9260379937
2016-11-20 00:00:00+00:00,94.61699980145742,94.66143182991004,93.98899156077044,94.33180977672788,954275.4794858908
2016-11-21 00:00:00+00:00,94.31132622672493,94.80434875098416,94.25930760531011,94.64747786205292,958944.0086165598
2016-11-22 00:00:00+00:00,94.67372778916315,94.99674324030524,94.04610621952735,94.43404131573551,962685.5727053758
2016-11-23 00:00:00+00:00,94.38732022200635,95.73756639074648,94.30081698454302,95.35646683640739,993501.9019009521
2016-11-24 00:00:00+00:00,95.40928988553074,95.6357708062497,93.12381391309906,93.2518948972816,842636.1904097961
2016-11-25 00:00:00+00:00,93.1975296129164,93.20231520422657,92.4262403159694,92.50265330289149,946065.9887458374
2016-11-26 00:00:00+00:00,92.560039395366,92.60015366763025,91.75521998666126,91.80007963621468,1023036.8019139721
2016-11-27 00:00:00+00:00,91.84067565672653,91.94648888159115,89.53578523851439,89.71245444785352,1022323.7936174829
2016-11-28 00:00:00+00:00,89.7069888910832,90.00732331398568,88.51285023744936,88.86987494267075,1115799.3052579586
2016-11-29 00:00:00+00:00,88.83064935176888,88.907713337359,87.81579015142853,88.07790081283608,1183939.2222194804
2016-11-30 00:00:00+00:00,88.09124820801459,88.17132876790109,87.77694013912036,87.91853199059835,1151248.3446664403
2016-12-01 00:00:00+00:00,87.96690949190821,88.92942362718082,87.96072531623655,88.92028300367751,1091465.2384073935
2016-12-02 00:00:00+00:00,89.10361876783514,89.16205132831928,88.68317078269718,88.72038346768562,985126.5409232792
2016-12-03 00:00:00+00:00,88.80372920774494,88.83252550539142,87.6957446666644,87.82810290344288,937693.093004312
2016-12-04 00:00:00+00:00,87.91382224918803,87.93763388117762,87.5413668025764,87.79565242728997,1001787.8432508402
2016-12-05 00:00:00+00:00,88.06681037046737,89.04430266238347,87.86834329587018,88.73937641780397,1058557.8769772898
2016-12-06 00:00:00+00:00,88.78516225128982,88.82772830473128,87.88635203328857,87.89510639195383,1082193.7798245668
2016-12-07 00:00:00+00:00,87.93770418494275,87.94695735527884,87.06493562556327,87.11580991024668,1062308.573351585
2016-12-08 00:00:00+00:00,87.17714075363523,87.77292929663352,86.92093730099201,87.62127830299417,987882.4528623947
2016-12-09 00:00:00+00:00,87.53287141427366,87.6583289642598,87.43834013161134,87.44486760749068,1078686.2239842261
2016-12-10 00:00:00+00:00,87.4060506876633,88.27111994974875,87.35038521350178,88.03050104401078,1126087.2505083503
2016-12-11 00:00:00+00:00,87.98594270985078,88.32212287277204,87.7795542854741,88.0360939826894,1088016.0384067541
2016-12-12 00:00:00+00:00,88.0931073876524,88.70978262405735,88.02788694898197,88.6737164476606,996798.69448366
2016-12-13 00:00:00+00:00,88.65827174191779,88.760114258164,87.72181660875864,87.77816193770119,916615.1307493993
2016-12-14 00:00:00+00:00,87.79029493592606,87.81725539206768,87.67684704221968,87.78511016073462,914243.2570611893
2016-12-15 00:00:00+00:00,87.88057248435915,87.97337765206713,87.45548648907423,87.61787222525882,931878.2376407818
2016-12-16 00:00:00+00:00,87.69349965639375,87.74856506237938,86.24680615234304,86.57629849965353,1025707.519867493
2016-12-17 00:00:00+00:00,86.56229729382058,86.5723842922424,84.91169240197515,85.25027221100405,1051980.3753555634
2016-12-18 00:00:00+00:00,85.19315494661514,85.87770669376393,85.19259509392775,85.85405326809466,858546.768205597
2016-12-19 00:00:00+00:00,85.95152120537993,86.02920802082852,85.55393561122726,85.5703868928017,949600.489163645
2016-12-20 00:00:00+00:00,85.63660906056508,85.68698949469923,84.64852770859447,84.71701550848825,1024328.5465305394
2016-12-21 00:00:00+00:00,84.5809382247021,84.69355948316836,84.48976445468509,84.65250356205802,910032.0089902397
2016-12-22 00:00:00+00:00,84.62599429712911,85.92233263103431,84.47063386773922,85.62993005142799,1043390.4153059606
2016-12-23 00:00:00+00:00,85.64410312886292,86.1083878228763,83.71455534336373,83.71578029487833,969257.1709083434
2016-12-24 00:00:00+00:00,83.78098063236395,83.98278672034274,82.41583249038361,82.48868288793754,927657.9728330743
2016-12-25 00:00:00+00:00,82.56375596154946,82.77172930786688,81.4936642505303,81.74725591264064,1005320.5432448897
2016-12-26 00:00:00+00:00,81.77046444917386,83.12591502798539,81.71744002354693,82.96709065711045,1039228.03295791
2016-12-27 00:00:00+00:00,83.01564694210154,83.23570949338422,83.00681654254652,83.2185184756338,915147.1085730072
2016-12-28 00:00:00+00:00,83.22385584530747,84.02656773432186,82.81182816049395,83.87629822774115,975738.7620185952
2016-12-29 00:00:00+00:00,83.81977804258204,83.91889542332108,82.9096837521393,82.9419913542226,1046767.8377307109
2016-12-30 00:00:00+00:00,82.92032156535969,82.94885131972187,81.94376116706285,82.03500983487552,923790.9816683232
2016-12-31 00:00:00+00:00,82.03656777705832,82.50686932856482,81.93052576178442,82.4196799315954,834224.3159576098
2017-01-01 00:00:00+00:00,82.4168216789086,82.59839101166894,82.29626208121664,82.4842186399469,846342.6154310245
2017-01-02 00:00:00+00:00,82.32868863223523,82.99517722693591,82.28102241836115,82.95467497656568,958194.9135943031
2017-01-03 00:00:00+00:00,82.92170187570801,82.9250344240075,82.78359447104715,82.81570059343254,868158.1723694861
2017-01-04 00:00:00+00:00,82.82035530397042,83.32615830489667,82.80373586090344,83.06297884840265,965227.8104823753
2017-01-05 00:00:00+00:00,83.03960741871641,83.40432941920619,82.94394680368228,83.2110617089893,1166494.2851172679
2017-01-06 00:00:00+00:00,83.19052323890975,84.06569581226887,83.13636307984514,83.87754739135417,862140.1612311318
2017-01-07 00:00:00+00:00,83.91847891068541,84.70334547788607,83.57799716483508,84.57409795037704,971739.5148522299
2017-01-08 00:00:00+00:00,84.48284611955532,84.52430268828513,83.03025246597558,83.23178690328461,1213230.4554271384
2017-01-09 00:00:00+00:00,83.09628204066348,83.19783586831439,81.3490066346225,81.39848356689797,1040813.0082975711
2017-01-10 00:00:00+00:00,81.37014307390007,82.53699815430532,81.23086508766248,82.23443218729149,963227.67125244
2017-01-11 00:00:00+00:00,82.29726870155406,83.4805848842822,82.15420709493462,83.23361963378584,984311.7365480762
2017-01-12 00:00:00+00:00,83.3740807815863,83.48467073696938,82.36198291510617,82.40491788045354,1042936.2508393278
2017-01-13 00:00:00+00:00,82.46936909376812,82.92767935830453,80.7492977348675,80.90266489149045,1169577.193062744
2017-01-14 00:00:00+00:00,80.78387844055345,81.19741214010222,80.54360017299923,80.99902457324353,946914.6392522757
2017-01-15 00:00:00+00:00,80.98020305351123,82.07106317060224,80.8553532552245,81.77286742848749,924238.9717111718
2017-01-16 00:00:00+00:00,81.79385315770925,83.41321155107516,81.71474405536976,83.27275624384565,862119.1267219773
2017-01-17 00:00:00+00:00,83.2875447456363,83.86933126182879,82.92418187755688,83.72054568248934,1010309.6032509804
2017-01-18 00:00:00+00:00,83.76569655395078,83.94142085458954,83.4105422709757,83.42660376926132,859431.2630182087
2017-01-19 00:00:00+00:00,83.35009749016793,83.8848985400461,82.39976235487644,82.70135135317307,953621.7375178206
2017-01-20 00:00:00+00:00,82.70672223427457,83.10347408314962,82.67250525291045,82.72736608717321,909131.6558889648
2017-01-21 00:00:00+00:00,82.7621382877869,82.87724008713371,82.45604194132925,82.49666004345005,1107412.3510234107
2017-01-22 00:00:00+00:00,82.5647751393925,82.8633562351191,81.62992809853236,81.67983298789913,949160.3612633194
2017-01-23 00:00:00+00:00,81.61402206261488,83.4583628876811,81.46017063038599,83.387188766328,1039693.0328005616
2017-01-24 00:00:00+00:00,83.35840710548521,84.94124893529856,83.13204275789136,84.9061364842192,839590.7998311437
2017-01-25 00:00:00+00:00,84.67656577124646,85.91568320498806,84.50128490241865,85.89338831814796,1013150.6954452845
2017-01-26 00:00:00+00:00,85.84000884404185,85.99652716008785,85.06308884320593,85.1230922049146,879683.9694139251
2017-01-27 00:00:00+00:00,85.0784523876266,86.00525600890361,84.92274545829278,85.8712039992169,957435.150007014
2017-01-28 00:00:00+00:00,85.78365104992162,86.68989608179794,85.76142473964626,86.43950541145202,1221120.2574256223
2017-01-29 00:00:00+00:00,86.45382084380826,87.05590185833368,86.36851072600123,86.8402536685847,1093217.4377240883
2017-01-30 00:00:00+00:00,86.83539535307429,88.02185048332726,86.66006736896061,87.94986346614756,987158.7417168693
2017-01-31 00:00:00+00:00,87.75116591407378,88.7765096313034,87.55750730358349,88.52815439758102,1319894.1909783196
2017-02-01 00:00:00+00:00,88.54723292036128,89.48809228767172,88.4676037944942,89.20354425266956,908482.5309626682
2017-02-02 00:00:00+00:00,89.12073444998789,89.80355043287553,89.08288192809414,89.7914568430687,1116521.6382075362
2017-02-03 00:00:00+00:00,89.83506756228701,90.45981887077821,89.61794073241225,90.11600181761878,846732.5543152886
2017-02-04 00:00:00+00:00,90.00048650824856,90.22033179992461,88.38206555085522,88.54063845392939,975607.7242352052
2017-02-05 00:00:00+00:00,88.54329525200872,88.77391595939446,88.52130725439108,88.6324327683568,865221.024981944
2017-02-06 00:00:00+00:00,88.60733531364679,88.62239675322647,88.15292706769284,88.15846461603597,1025727.5915090876
2017-02-07 00:00:00+00:00,88.18518561283543,88.20653311918628,86.88643277382673,87.05477513532539,1005597.0253578756
2017-02-08 00:00:00+00:00,87.06563062879131,88.81927103797723,86.94095718625131,88.54896589796611,969233.5200816417
2017-02-09 00:00:00+00:00,88.52637137413376,90.1901565724478,88.33780234728452,90.11130598735959,1109205.7025126307
2017-02-10 00:00:00+00:00,89.97287048278884,91.39496308845625,89.89098439965291,91.36274993114438,943290.1026997209
2017-02-11 00:00:00+00:00,91.22778814938239,91.6511625487809,90.86878140580193,91.61453879640725,1032685.1747807324
2017-02-12 00:00:00+00:00,91.56104626377306,92.88826690615264,91.37580412474279,92.87887554487051,1082055.4940271338
2017-02-13 00:00:00+00:00,92.87810651856148,93.15106673175883,92.53205355152663,92.90865095031717,851677.8791103816
2017-02-14 00:00:00+00:00,92.8521394540996,93.11656971287343,92.77432553501248,93.11587965887551,925158.5658325616
2017-02-15 00:00:00+00:00,93.17409681776464,93.24770384576202,91.78951167455891,92.12165326461216,1005386.0967315834
2017-02-16 00:00:00+00:00,92.09593097190832,92.61103584740935,92.09008671175206,92.50659457639955,1063015.3419428319
2017-02-17 00:00:00+00:00,92.4173245355073,92.68352300646886,92.11428368941313,92.58098675772047,1142123.7765921534
2017-02-18 00:00:00+00:00,92.55524032850198,92.81478299225672,91.09517067028705,91.40107801002057,978412.020127208
2017-02-19 00:00:00+00:00,91.42172184253907,91.55892304796973,91.0425471367076,91.37256796089939,968352.8957350116
2017-02-20 00:00:00+00:00,91.40225351194965,91.67617149175452,91.26350747978975,91.31800782046062,912740.3969786336
2017-02-21 00:00:00+00:00,91.48953766072576,93.03136839933813,91.3085766073946,92.9929438524623,1032998.4092177034
2017-02-22 00:00:00+00:00,92.93074000376498,93.97920955706229,92.70898197431755,93.84699571937497,970288.2426301909
2017-02-23 00:00:00+00:00,93.84009996773524,94.34190498644615,93.81880390400863,93.87651095960831,972596.7737174281
2017-02-24 00:00:00+00:00,93.91651398897207,94.23616787832671,93.68580034172679,94.12917852500786,990611.1494111491
2017-02-25 00:00:00+00:00,94.12697374109966,94.22003602543592,94.01408559088495,94.18964051899333,1055162.8062090338
2017-02-26 00:00:00+00:00,94.14248747578537,94.233135398436,93.883040424243,94.01751196584482,943626.9446820739
2017-02-27 00:00:00+00:00,93.8718546607297,93.9058287543746,92.89276165872927,93.0239317276107,922784.1911091094
2017-02-28 00:00:00+00:00,92.97641188846525,93.0686119945115,92.48521152552857,92.9021019659894,1043172.4186134103
2017-03-01 00:00:00+00:00,92.80235275496197,93.19655393400775,92.09109613415991,92.22998449278673,697427.5098117415
2017-03-02 00:00:00+00:00,92.07073958536154,92.24056368541109,90.95209974875941,91.10221644041701,939632.1826338314
2017-03-03 00:00:00+00:00,91.02972833436608,91.63197372561953,91.01546931178218,91.58745900374521,884869.0500592635
2017-03-04 00:00:00+00:00,91.49155853369635,92.02264484112442,91.4544444406774,91.96490146728985,1120325.822301679
2017-03-05 00:00:00+00:00,92.01858933940564,92.1964033693626,90.3288537167277,90.35441879360795,955906.7237457103
2017-03-06 00:00:00+00:00,90.40873009721909,90.6745060001293,90.23014534653109,90.26168630536681,943928.3884732769
2017-03-07 00:00:00+00:00,90.18010063647274,91.22397771127386,90.17605926197798,91.18314722793018,995137.7514746727
2017-03-08 00:00:00+00:00,91.15941876239663,92.46997663716651,91.06094271238966,92.17254671261767,940462.7571535087
2017-03-09 00:00:00+00:00,92.00126775404073,93.17942607716849,91.97379046660787,93.14157958404412,959735.1841846466
2017-03-10 00:00:00+00:00,93.09553598023261,93.45420543911257,93.0425922106851,93.19646844234154,1009711.0410423162
2017-03-11 00:00:00+00:00,93.23365214645942,93.27562905570151,92.35645080473965,92.43071856911217,957795.9565493732
2017-03-12 00:00:00+00:00,92.5069681710241,92.5168373624455,91.30164213811763,91.45274466912328,957078.2547727963
2017-03-13 00:00:00+00:00,91.3875345564243,91.94541006208108,91.28590688581893,91.78679447263734,898984.232628869
2017-03-14 00:00:00+00:00,91.88334085853563,92.26583924008416,91.87242461583499,92.15401344530632,884621.6259479469
2017-03-15 00:00:00+00:00,92.01433635159222,93.9242337330516,91.80051222898963,93.36668105260773,1006063.689759028
2017-03-16 00:00:00+00:00,93.2501941858127,94.52120817420882,93.04452889122139,94.41824654843616,1030660.0509785821
2017-03-17 00:00:00+00:00,94.48525157743198,94.67487958635151,93.97193027750085,94.3123416577484,857184.335621605
2017-03-18 00:00:00+00:00,94.46994901400817,94.73857029744099,92.91527865838175,93.16480287686814,1075994.1415380847
2017-03-19 00:00:00+00:00,93.21077337078042,93.24590887546191,92.82239767910956,92.88655713849411,1076404.7639824748
2017-03-20 00:00:00+00:00,92.88280987310222,93.18370332869523,92.7062972394559,93.10717461107811,1097468.9138278624
2017-03-21 00:00:00+00:00,92.90278725468727,93.24276881539589,92.49625822204939,92.93779629741798,1029988.9084740597
2017-03-22 00:00:00+00:00,92.74983452490109,92.88053321708557,92.32770547712136,92.4207454468949,1063708.2100288996
2017-03-23 00:00:00+00:00,92.43270557276274,92.81477429895256,92.3401173664425,92.67329205105015,1218502.5844578324
2017-03-24 00:00:00+00:00,92.64010920470041,92.64881296461081,92.15749075086852,92.22587600550631,969847.8399122707
2017-03-25 00:00:00+00:00,92.12388938711462,92.28374711379598,91.64925607864346,91.66678328238827,895430.8499110444
2017-03-26 00:00:00+00:00,91.67279044327316,92.1512685035723,91.6125720945325,91.97111952061398,846594.0116778539
2017-03-27 00:00:00+00:00,91.98170828137562,92.17044226146261,91.59611652605604,91.62046682820566,1175567.3930232318
2017-03-28 00:00:00+00:00,91.70699465096129,92.14041049019826,91.05968817439316,91.86276031533292,1176878.7258698659
2017-03-29 00:00:00+00:00,91.87530897811584,92.3286455272521,91.86480582292822,92.13250087592448,907540.025806577
2017-03-30 00:00:00+00:00,92.24567592114103,92.27615373733222,91.10364950951292,91.10689412146981,927267.9187321443
2017-03-31 00:00:00+00:00,91.10762243267351,91.12508493949248,90.49926858527762,90.68763929023326,967600.8962468829
2017-04-01 00:00:00+00:00,90.67717983182663,92.33370008191746,90.43977592179073,92.01934585528628,1122425.6872145983
2017-04-02 00:00:00+00:00,92.11728316645056,92.14431344117612,90.94023697590193,90.9743902287542,871269.7801519689
2017-04-03 00:00:00+00:00,90.88537716631755,90.99690906841053,88.9413980770034,89.08682859759432,803338.0475111125
2017-04-04 00:00:00+00:00,89.33755879546037,89.57634202505702,87.26831706796767,87.46100569472691,1216751.447656216
2017-04-05 00:00:00+00:00,87.49382609116184,87.59123353072992,87.35955065619336,87.50396829649092,1031237.3286920076
2017-04-06 00:00:00+00:00,87.53729236735762,87.56412006493335,87.43706640455346,87.54853428024818,1045441.3305918559
2017-04-07 00:00:00+00:00,87.59450566312594,87.70728457264896,87.25588442954296,87.4631191010505,979489.3994800007
2017-04-08 00:00:00+00:00,87.62729931216136,88.70063016237926,87.59477404285349,88.54926880862082,1046578.4923718025
2017-04-09 00:00:00+00:00,88.61944476044984,89.00977030462349,85.98955948948486,86.2310880151992,848579.4116659013
2017-04-10 00:00:00+00:00,86.0926822918044,86.65053777718066,86.06151578747074,86.5904992589463,915907.943313977
2017-04-11 00:00:00+00:00,86.71202646025844,88.25568559250787,86.45249942054053,87.97075971019366,1010515.7884522607
2017-04-12 00:00:00+00:00,87.94077077911727,88.1940301981785,86.87133255879439,87.00161446860928,772910.9107099759
2017-04-13 00:00:00+00:00,87.0109371329448,87.07877202905436,86.5074648630484,86.68913948417,969748.238618577
2017-04-14 00:00:00+00:00,86.57824205814042,86.6304800406607,85.94387954940879,86.0561242798384,963583.5629665592
2017-04-15 00:00:00+00:00,86.10140718610637,86.21089417572891,85.26853159233465,85.30697580738953,969730.9768049639
2017-04-16 00:00:00+00:00,85.25140903658519,85.30305873811315,85.0092565546752,85.04611261917283,944891.8192179019
2017-04-17 00:00:00+00:00,85.05463165748664,86.37994122427294,84.94210578593986,86.28609521632659,900410.8074125503
2017-04-18 00:00:00+00:00,86.26158142249916,88.04565758392705,86.21832285769834,87.9037380878308,817796.814972908
2017-04-19 00:00:00+00:00,88.0729539089703,88.20637101500371,87.4969097145205,87.62645395425477,1014474.7047167413
2017-04-20 00:00:00+00:00,87.80015239517083,89.71076619779245,87.64557022607431,89.32965720213174,969987.6013203757
2017-04-21 00:00:00+00:00,89.33381220768241,89.39037943950203,89.02442123767109,89.3793172768889,862471.8453431322
2017-04-22 00:00:00+00:00,89.38503556105199,91.22339575555293,89.28066898173394,90.97877297635593,1006253.3412833771
2017-04-23 00:00:00+00:00,90.9447975935008,91.18939267103814,90.57842155315193,90.9121111983691,970504.9804927293
2017-04-24 00:00:00+00:00,91.01266056532829,91.19095671318784,90.92177176055186,91.04954483315495,953897.6048337885
2017-04-25 00:00:00+00:00,91.01959682867452,91.41211665545057,90.95930901678614,91.40119491115385,784310.511319255
2017-04-26 00:00:00+00:00,91.36268418079062,94.53774894923428,91.33872836314293,94.37225193677567,1068276.7512307893
2017-04-27 00:00:00+00:00,94.46460394904899,95.29969819061986,94.35952572620819,95.19809626138019,876694.8959890871
2017-04-28 00:00:00+00:00,95.14685121228682,95.3049136424692,94.45977640154722,94.54607662883343,1006327.0254841241
2017-04-29 00:00:00+00:00,94.54250703845334,95.51600508774199,94.4916711596672,95.4857744493989,919173.1556567308
2017-04-30 00:00:00+00:00,95.33478176478114,95.4744479932934,95.14087550959849,95.1599302420936,961127.3482452015
2017-05-01 00:00:00+00:00,95.22694094621268,95.30331266313355,94.435552133228,94.7139645780696,1115229.2491749912
2017-05-02 00:00:00+00:00,94.89779178059801,95.82644699498685,94.89208470253783,95.59757600553618,1053161.8200803373
2017-05-03 00:00:00+00:00,95.66652340292953,96.04715362846531,95.4100495443803,95.64642506548593,1113003.994628947
2017-05-04 00:00:00+00:00,95.78624093002554,95.95092129377367,95.55714352139032,95.9324290107994,1033038.5494621572
2017-05-05 00:00:00+00:00,95.85126037768468,96.08873903759326,95.82456965073797,95.9650374003424,1039614.358434078
2017-05-06 00:00:00+00:00,95.98771626890584,96.41125277873387,95.77089383995288,96.30784336202503,821886.0999773822
2017-05-07 00:00:00+00:00,96.21700966376352,96.94085664790376,95.91636932436529,96.73733525913721,968247.5006133446
2017-05-08 00:00:00+00:00,96.71530182719383,96.76054147560367,94.77994837160752,94.90057383206866,977509.1068151392
2017-05-09 00:00:00+00:00,94.97385714438913,95.7648246164625,94.8438382373299,95.55437708331083,1122366.4820351976
2017-05-10 00:00:00+00:00,95.56410648857016,95.66363302530051,94.56985242462945,94.63953296389877,949377.0672093071
2017-05-11 00:00:00+00:00,94.50584127727416,94.67038199015728,93.24820437542317,93.30300296284797,1026485.9509056123
2017-05-12 00:00:00+00:00,93.18030679831776,93.29617042157236,93.14524833327468,93.2671710010441,1022575.7343084752
2017-05-13 00:00:00+00:00,93.13835374846528,93.45738327252776,93.02613704871463,93.36420157915583,1115767.5160280727
2017-05-14 00:00:00+00:00,93.41008565782954,93.7170028341803,92.62533474011177,92.73750072942724,986625.5917693867
2017-05-15 00:00:00+00:00,92.92890115043315,93.59626686373981,92.44459501029466,93.53009423258581,1082778.6948693148
2017-05-16 00:00:00+00:00,93.65752508053511,93.77815460141754,92.25720498235688,92.30160186058433,829513.4865862476
2017-05-17 00:00:00+00:00,92.12659938959919,92.25912815280442,91.84989914404159,91.94513668678698,838598.0567056058
2017-05-18 00:00:00+00:00,92.07579770815511,92.28812733027753,91.35217272321691,91.42722653868334,771665.5655375472
2017-05-19 00:00:00+00:00,91.51283903174067,91.68915353713865,91.39630371192276,91.40292176593073,1078598.4975133333
2017-05-20 00:00:00+00:00,91.26167683590467,91.87523670468724,91.12465655764741,91.67650106598832,1067366.6937788734
2017-05-21 00:00:00+00:00,91.64870460265075,91.89288346835286,90.76060216070432,90.77529418441513,1089682.7573899282
2017-05-22 00:00:00+00:00,90.8747405536043,91.59893458607041,90.60067698197037,91.45343950298339,932263.8164293807
2017-05-23 00:00:00+00:00,91.50377854077607,91.58247574519557,91.2975315398816,91.52937953534726,943645.2342465334
2017-05-24 00:00:00+00:00,91.4095588774494,91.42409227756876,89.81063423332265,89.83193592810885,987895.2357337689
2017-05-25 00:00:00+00:00,89.88680007831692,90.35290206047635,88.07233459055693,88.10723319085014,1144369.9302947656
2017-05-26 00:00:00+00:00,87.91890392738568,88.47623328798919,87.41770918505146,88.11400070923293,1169382.8127622053
2017-05-27 00:00:00+00:00,88.09436695588022,88.25192760806478,87.87967487159366,87.93709818308358,1079380.8489841362
2017-05-28 00:00:00+00:00,88.03716679924241,88.39843836291323,87.62596492708434,87.86377154473978,1033101.97248035
2017-05-29 00:00:00+00:00,87.86538772989448,88.12006405911782,87.8178851165665,87.85675813729524,1133538.2697700125
2017-05-30 00:00:00+00:00,87.81292310164262,88.2158649863226,87.78607505364248,88.07276415504893,974415.7542850442
2017-05-31 00:00:00+00:00,88.15109133790959,89.32093156097777,88.02841044929454,88.92913657380035,960905.8469517705
2017-06-01 00:00:00+00:00,89.01582041108975,89.08029011473951,87.71838703263,87.96410075686718,987097.7879386189
2017-06-02 00:00:00+00:00,88.07933722040602,88.27333316217901,86.95202494405247,86.95659354428972,902128.5630580422
2017-06-03 00:00:00+00:00,87.03262338345866,87.21939542006274,85.63589812366068,86.0282586121115,982499.0635628388
2017-06-04 00:00:00+00:00,86.12128740254094,86.53130579691657,86.0812493670991,86.29442514616456,888259.195621606
2017-06-05 00:00:00+00:00,86.35767106881333,87.52880805273652,86.13137659609824,87.39293736811524,1102500.7818899578
2017-06-06 00:00:00+00:00,87.41614269671692,87.54052951289484,86.93635513728672,87.03419408262015,1054368.739103302
2017-06-07 00:00:00+00:00,87.04198442627774,87.35743047773207,84.83755471836666,84.90084774006355,1142956.2397547825
2017-06-08 00:00:00+00:00,84.88070418877761,84.99711071050477,83.38422924615666,83.48309445994073,837071.7197085811
2017-06-09 00:00:00+00:00,83.38188220321099,83.41837334525181,82.65021998741302,82.80709801808484,1190169.6946922073
2017-06-10 00:00:00+00:00,82.7279914443362,82.94131966669529,82.31393099707974,82.36301538151804,842752.4586206559
2017-06-11 00:00:00+00:00,82.3397878184046,82.39496190249044,82.01732250253076,82.04374719870364,880169.1924916795
2017-06-12 00:00:00+00:00,82.06355683864663,82.17700934325896,81.9900080639074,82.09182342757076,937917.845313691
2017-06-13 00:00:00+00:00,82.21010236095835,82.28646731805283,81.71983953625715,81.85267257136915,1130772.0691969865
2017-06-14 00:00:00+00:00,81.84925135656147,82.90093404440682,81.74426800551178,82.73265222158251,1022557.3497228572
2017-06-15 00:00:00+00:00,82.8156724765683,82.97982418550897,81.99992381077867,82.19168805490581,975617.0749478427
2017-06-16 00:00:00+00:00,82.28039883065206,82.41909269044693,81.44832166988908,81.50228028407311,920737.2565354839
2017-06-17 00:00:00+00:00,81.48341684229702,82.07345990843031,81.28744473217901,81.90989111373385,862406.48493393
2017-06-18 00:00:00+00:00,81.95860212419359,81.96582843661722,80.45770250042057,80.67779104419526,1113262.732369301
2017-06-19 00:00:00+00:00,80.65814373973157,81.06158980457558,80.43417473870112,81.00899926517317,1079863.9261048639
2017-06-20 00:00:00+00:00,81.11610417084503,81.23104755398712,80.91144035475722,81.10833923259037,1135245.0377092352
2017-06-21 00:00:00+00:00,81.15991142976921,81.25080010872269,81.00354619694764,81.00503858398181,1039681.8126981125
2017-06-22 00:00:00+00:00,80.90860340149969,82.60520466339257,80.71403793315403,82.31835584103666,735789.7541444465
2017-06-23 00:00:00+00:00,82.33165228482976,82.38227155750096,81.72557874519008,81.82411823479087,875541.7067318547
2017-06-24 00:00:00+00:00,81.95897355918414,83.57330814375835,81.88083495483751,83.54413255309238,1046487.1305846708
2017-06-25 00:00:00+00:00,83.52899176351947,83.57280219489296,83.33666280406605,83.37268279699897,963028.297476398
2017-06-26 00:00:00+00:00,83.41001000018653,83.81804820106711,82.23691047728562,82.33123376955844,944115.8033071874
2017-06-27 00:00:00+00:00,82.37617664775819,82.62037852352849,82.29748675503703,82.40529896455793,889677.323511047
2017-06-28 00:00:00+00:00,82.31987574463876,82.43859123202758,81.45248851720007,81.53947759738026,1094758.9567414538
2017-06-29 00:00:00+00:00,81.58112045676395,81.62576410223723,80.72717946990396,80.94498546999172,1045619.2637414308
2017-06-30 00:00:00+00:00,80.83216150386272,81.31808686706299,80.73973459747505,81.28325787812739,1050119.1222908122
2017-07-01 00:00:00+00:00,81.23240511255199,81.77630956012194,81.04110901231404,81.75245877434018,936639.7751214943
2017-07-02 00:00:00+00:00,81.84040177189287,81.95517900583258,81.24687350400953,81.26165109916316,1017628.775889981
2017-07-03 00:00:00+00:00,81.29064170435363,82.1564625175597,81.1703552085418,82.08442251573868,866223.5073803519
2017-07-04 00:00:00+00:00,82.05942963072094,83.29789721983626,81.85655509203376,83.0566859638869,987017.2019153807
2017-07-05 00:00:00+00:00,83.09376753672358,84.49650450329045,82.9965123473245,84.27509224317136,747207.0421406891
2017-07-06 00:00:00+00:00,84.2700279634487,84.93058209649685,84.030708570669,84.73938517472075,843188.3860865445
2017-07-07 00:00:00+00:00,84.74045106927647,86.00286652534307,84.502566492414,85.91984071312241,967768.8155747988
2017-07-08 00:00:00+00:00,85.97627445631564,86.05138256622989,84.32638143240447,84.33582900629307,1237511.8146274933
2017-07-09 00:00:00+00:00,84.27448584489214,84.6113252130377,83.83294995375688,84.08496091062023,819925.6926575135
2017-07-10 00:00:00+00:00,84.08835259570458,84.25681675188653,82.99398684834678,83.37576457695451,875641.9407460137
2017-07-11 00:00:00+00:00,83.34972897747612,83.64961263177526,83.2851702688179,83.49192604779857,1021677.4796692809
2017-07-12 00:00:00+00:00,83.3595409681053,83.40361577382329,82.97899114366639,83.03277762226311,1176942.2906014605
2017-07-13 00:00:00+00:00,82.95634962414333,83.0038526542943,82.75295933770477,82.91150735097345,1020217.2496988074
2017-07-14 00:00:00+00:00,83.04152971133703,84.74907361504174,82.92488911582747,84.50372458611174,1070214.1852304158
2017-07-15 00:00:00+00:00,84.53623513912932,84.66840589060125,84.15607356826236,84.37730044629222,966239.6249323522
2017-07-16 00:00:00+00:00,84.26561963851769,84.82734570894564,84.15399334485906,84.74411773046164,948937.8411060623
2017-07-17 00:00:00+00:00,84.61358175788811,84.83120744420138,84.51055970512554,84.56442274574782,1008218.4352067756
2017-07-18 00:00:00+00:00,84.55493767028206,84.68109241364596,84.35439530347526,84.64540088243604,934171.0609373895
2017-07-19 00:00:00+00:00,84.77754814238901,84.80158751917419,84.55459203497597,84.66742567082262,1072426.9338717745
2017-07-20 00:00:00+00:00,84.65161334032565,85.09380334964752,84.64772861521038,85.06487354687908,839372.8101054416
2017-07-21 00:00:00+00:00,85.17605329861523,86.23270077064643,85.12818277996973,86.07915319457454,1088998.7032566834
2017-07-22 00:00:00+00:00,86.10944709730973,87.7838300381433,86.08424290970423,87.526464487271,1003931.3012302753
2017-07-23 00:00:00+00:00,87.56771137373426,87.94471949325222,87.52375434053562,87.81544529895369,978527.9131399136
2017-07-24 00:00:00+00:00,87.69814840763416,88.35597797343485,87.54586387493242,88.35235631101106,835701.5439813577
2017-07-25 00:00:00+00:00,88.43518867024325,88.62243024329292,87.22073699316678,87.3588391250952,902021.1328002131
2017-07-26 00:00:00+00:00,87.32957985113318,87.69367534020223,87.03946188799536,87.29956291054255,1119865.147313318
2017-07-27 00:00:00+00:00,87.37491050449417,88.16598763429356,87.27763280841326,88.14192952170568,979140.1001966634
2017-07-28 00:00:00+00:00,88.07016700853477,89.18378846551646,87.97266619909718,88.9263089215557,1027839.8465872823
2017-07-29 00:00:00+00:00,88.94205326652673,89.43104730057556,88.86517466859583,89.13250960628392,912046.7986684653
2017-07-30 00:00:00+00:00,89.16388451295721,90.00800168542295,89.16244044832537,89.94407371724323,997094.5363774549
2017-07-31 00:00:00+00:00,89.93021933326222,90.759402228698,89.6556451549928,90.40465334489721,862784.795188002
2017-08-01 00:00:00+00:00,90.44122611284051,91.52248521878668,90.20578999216119,91.51462574451497,1009988.2254287887
2017-08-02 00:00:00+00:00,91.49024651587929,91.97319603142489,91.34734205340868,91.79817298274735,1037064.0897270205
2017-08-03 00:00:00+00:00,91.73859048326152,91.82138105472309,91.0991274070802,91.49052473622592,1032061.4727185018
2017-08-04 00:00:00+00:00,91.63741125337302,91.91116319651802,91.37935467126552,91.81666569732845,909641.5169509838
2017-08-05 00:00:00+00:00,91.91297705199142,92.03752081181614,89.11718632580508,89.18277191224374,965794.9015899498
2017-08-06 00:00:00+00:00,89.11491588523003,89.91181241457963,89.10957593261419,89.54280134621867,1053719.4145981632
2017-08-07 00:00:00+00:00,89.59370144175092,89.82433216108227,85.97379289480503,86.35205562540135,978856.2404721901
2017-08-08 00:00:00+00:00,86.28792377962839,86.39865404163415,84.58386818431161,84.89353788336167,971269.461765989
2017-08-09 00:00:00+00:00,84.7929658126851,85.43170256344979,84.79256874618812,85.29498514582077,1190346.7608625556
2017-08-10 00:00:00+00:00,85.38316390676852,85.92270546270103,85.04667057136939,85.72041014967536,904901.0881133876
2017-08-11 00:00:00+00:00,85.57433403082895,85.60930987619797,84.62827258067115,84.74668814425405,1108041.8468088983
2017-08-12 00:00:00+00:00,84.82523611331658,85.12441341657107,84.01678136881686,84.16217961609888,884531.933649507
2017-08-13 00:00:00+00:00,84.14090995543512,85.69803283899482,84.06015110489197,85.34066388468099,1065478.1085771415
2017-08-14 00:00:00+00:00,85.32261035713155,85.60602935172982,84.93619020348481,84.9455748647556,1070815.2558123972
2017-08-15 00:00:00+00:00,84.98038141765804,86.95133581200989,84.77393282409645,86.88974002356538,948963.4844942954
2017-08-16 00:00:00+00:00,86.94024023724155,87.12009486328797,86.84532107134754,86.90545123639872,878252.3147137894
2017-08-17 00:00:00+00:00,86.83363750974029,87.4507560112523,86.7137888708813,87.27823526345786,802956.6796196583
2017-08-18 00:00:00+00:00,87.34087708799295,88.76947926393909,87.09316603605313,88.71862689195507,938488.6491074665
2017-08-19 00:00:00+00:00,88.72868497041867,88.96583913561564,88.72060039930362,88.85271730663213,1052621.8647952324
2017-08-20 00:00:00+00:00,88.74111342519979,88.75399385715248,87.79213361780128,87.98415112499829,892237.1842900421
2017-08-21 00:00:00+00:00,87.96920486276272,88.05320113578655,87.78476665811475,87.90524059579671,1009694.8580923728
2017-08-22 00:00:00+00:00,88.02666225998935,88.31085565149743,87.64424954567791,87.89151901163805,852357.0202089155
2017-08-23 00:00:00+00:00,88.03887747522289,88.1351848786757,86.6700599332965,86.71751648867891,976611.1807896036
2017-08-24 00:00:00+00:00,86.77972316537972,86.89597734745337,86.43801995028946,86.513249731263,885295.6095801268
2017-08-25 00:00:00+00:00,86.4102692478051,86.87116736248211,85.86809708913329,85.8907085587848,992201.9498105573
2017-08-26 00:00:00+00:00,85.93284713326057,86.71724804249045,85.84597332454538,86.70566612871504,949892.0530392468
2017-08-27 00:00:00+00:00,86.77944059016703,87.14100035348393,86.75273867234108,86.75303065016197,880963.38637624
2017-08-28 00:00:00+00:00,86.81598801708189,87.04624642798872,86.44875612873908,86.52534667629422,934112.6522111059
2017-08-29 00:00:00+00:00,86.59326511824798,86.91315615466948,86.28490251751585,86.45080958541612,906584.3137758008
2017-08-30 00:00:00+00:00,86.48221397270957,86.71556999041057,86.44709230596733,86.6612462438798,868607.5299762586
2017-08-31 00:00:00+00:00,86.6549709003533,87.42445904638119,86.39561131980001,87.21487829839468,1108274.5825289418
2017-09-01 00:00:00+00:00,87.16181960127871,87.46010505232634,86.07450993130624,86.36459543417605,963982.5135549075
2017-09-02 00:00:00+00:00,86.20068100096051,86.24279490953238,85.1915735761142,85.48679678369446,779777.4550926335
2017-09-03 00:00:00+00:00,85.51583167038474,86.58643346901792,85.41013910382433,86.45367597195047,937671.9192405314
2017-09-04 00:00:00+00:00,86.46976092420924,86.4756681826325,85.91682690250852,86.11515083743629,1091471.1713818263
2017-09-05 00:00:00+00:00,86.16316656524447,86.61248430599967,84.86965349630185,84.92062043683882,923864.1366742624
2017-09-06 00:00:00+00:00,84.807035396543,85.50053572910288,84.78387043666467,85.31540789678962,1149774.3878133628
2017-09-07 00:00:00+00:00,85.37043775873877,85.7350436614591,85.35938935659037,85.72879510805042,914333.7945038411
2017-09-08 00:00:00+00:00,85.90492878350742,86.05022414810932,84.36936995384123,84.44341081522674,1050340.8055816453
2017-09-09 00:00:00+00:00,84.45003541184853,84.98302604590918,84.4232979332223,84.6543446964509,1103663.8584591013
2017-09-10 00:00:00+00:00,84.64912445926298,85.3614235446204,84.19037195876771,85.29640119253548,1045019.3972311432
2017-09-11 00:00:00+00:00,85.3227579814696,85.80638864093066,85.26753278526638,85.633462868534,862550.6025358969
2017-09-12 00:00:00+00:00,85.80749892567589,86.44381318328355,85.734544852237,86.19360120526538,905753.1423078435
2017-09-13 00:00:00+00:00,86.10536931831875,86.14483706357976,84.7297935378994,85.00867005842335,1117007.0990386582
2017-09-14 00:00:00+00:00,85.02594440957782,85.31886527069618,84.73915910646451,85.30760901646414,919538.8543668023
2017-09-15 00:00:00+00:00,85.23939215373566,85.53165762659071,84.83493537968,85.06685322901643,1097567.6513902205
2017-09-16 00:00:00+00:00,85.02032125871273,85.05945376485595,84.61485642163086,84.67408175880513,956971.5278185055
2017-09-17 00:00:00+00:00,84.66988274502108,85.4608394383017,84.40467722973729,85.43151923865881,1014143.7319219151
2017-09-18 00:00:00+00:00,85.5466231100954,86.8703098251346,85.2865810387132,86.72202214783567,861389.2722979048
2017-09-19 00:00:00+00:00,86.87820769459665,88.54410073043083,86.70221743056408,88.30984144926705,939173.2425287502
2017-09-20 00:00:00+00:00,88.34941681100578,89.53604697292401,88.28746834031506,89.49651042053041,912469.3619560278
2017-09-21 00:00:00+00:00,89.46280650697702,89.54434738390744,89.38653432571859,89.41623748083617,1022559.9650558173
2017-09-22 00:00:00+00:00,89.63912881131323,89.77506639288657,89.39161167322297,89.75013168592055,1009319.7579715883
2017-09-23 00:00:00+00:00,89.71175861491832,90.61258387532536,89.49441838796534,90.45909172175723,1046264.9896245635
2017-09-24 00:00:00+00:00,90.40742728569457,90.68728973402337,90.19803560228152,90.58689020281584,950947.7496907327
2017-09-25 00:00:00+00:00,90.42610363212033,90.85941205257448,90.34351207146558,90.72356579521946,906976.9928705422
2017-09-26 00:00:00+00:00,90.85022420055799,91.51730106349441,90.7867692619419,91.49228721794785,1018272.9085544308
2017-09-27 00:00:00+00:00,91.58087422178258,91.85386611377427,91.31603680498743,91.45635368490237,897041.1096992965
2017-09-28 00:00:00+00:00,91.67747736315474,91.82991238321871,90.66175134887541,90.80996081575589,1107842.2526422588
2017-09-29 00:00:00+00:00,90.68377825458839,90.7101067988353,90.41795834278278,90.45244559347547,988547.7613410888
2017-09-30 00:00:00+00:00,90.58434070910496,91.08103457258085,90.5207054056302,91.04586161205795,967386.4890295044
2017-10-01 00:00:00+00:00,91.0522471607572,91.07827378924502,90.84586572089644,91.06679845908678,1046217.5622750211
2017-10-02 00:00:00+00:00,91.14020742506794,91.69349094616034,90.83687165040263,91.39542166420945,992363.5500568284
2017-10-03 00:00:00+00:00,91.24482237758957,92.28796390436422,91.10806540774941,92.0283036796111,834194.8283164804
2017-10-04 00:00:00+00:00,92.16340875941385,92.30614258094423,91.65402328294748,91.70232779139656,893857.0100610567
2017-10-05 00:00:00+00:00,91.77445320834062,92.60658825679553,91.71003982593191,92.41693540282687,1105770.8703864615
2017-10-06 00:00:00+00:00,92.4133394566555,92.90157999029843,92.32340297993909,92.786269555399,1008388.4347844583
2017-10-07 00:00:00+00:00,92.84612715512995,92.96227852402204,91.57014235916913,91.66590873319213,831843.2197636558
2017-10-08 00:00:00+00:00,91.5957389107911,93.24187248876991,91.25069398301093,93.01619227772615,1035211.2066715166
2017-10-09 00:00:00+00:00,92.96229496731226,93.14708255465624,92.49194817869761,92.57009497633877,944074.1180130251
2017-10-10 00:00:00+00:00,92.5271938644392,92.56580840461187,90.97200808061918,91.06879297184854,912550.0047491217
2017-10-11 00:00:00+00:00,90.90006728177909,91.038444554157,89.82297424343692,90.1400660981699,885512.7274366154
2017-10-12 00:00:00+00:00,90.21774506579806,90.26981022813246,89.16207420816558,89.24222472511659,1099992.9471318687
2017-10-13 00:00:00+00:00,89.34856519021449,89.35006046127596,89.29086193849759,89.30665704902084,803450.162799465
2017-10-14 00:00:00+00:00,89.24402234756454,89.36211439169801,88.85694666389975,89.0802391516905,916246.792556051
2017-10-15 00:00:00+00:00,89.1112571596242,89.2723818879964,88.76784220025849,88.79845111022695,1012012.6765911242
2017-10-16 00:00:00+00:00,88.7748715273728,89.49225569189642,88.51051282807093,89.36831732665982,1157836.3068903496
2017-10-17 00:00:00+00:00,89.39765461827317,89.95692014585528,89.26394266172784,89.69051128203282,1055385.819635032
2017-10-18 00:00:00+00:00,89.63422355839964,90.04926669548915,89.55893139322049,89.99242133239595,915397.5384467198
2017-10-19 00:00:00+00:00,89.91291976353368,90.38377400810877,89.8630955427883,90.38006687733406,1152935.3454106813
2017-10-20 00:00:00+00:00,90.47515347589284,91.09486139639938,90.45698177513796,90.95683839248237,864487.6600295027
2017-10-21 00:00:00+00:00,90.95102892599317,90.95536991331701,88.94173243007886,89.077391313755,1026533.6165355154
2017-10-22 00:00:00+00:00,89.25751550404922,89.31069661601144,88.56945075300565,88.7711024946904,1048778.4645752213
2017-10-23 00:00:00+00:00,88.77521348132166,88.78054415729893,86.8385506436425,86.87402441224503,911888.4416799558
2017-10-24 00:00:00+00:00,86.79357228595998,87.07812586026157,86.67214637605676,86.92273958030479,1069759.3051888254
2017-10-25 00:00:00+00:00,87.02938864258768,87.14476388989355,86.62621014032838,86.93609804821291,948610.987105904
2017-10-26 00:00:00+00:00,86.99093735313194,87.88956722193564,86.87177055484233,87.8673829910042,1069514.2427517965
2017-10-27 00:00:00+00:00,87.93125140730439,88.93676250205604,87.63684659264722,88.934932803247,816040.450741379
2017-10-28 00:00:00+00:00,89.04081879461762,89.28740511906318,89.01987737636188,89.13327849303533,1033497.6090228873
2017-10-29 00:00:00+00:00,89.07509261917676,89.09288009102714,88.49974375552864,88.70614363228944,958789.3327306395
2017-10-30 00:00:00+00:00,88.6948554819849,89.47782552739055,88.44096706496647,89.15538631869188,1114970.378296782
2017-10-31 00:00:00+00:00,89.14010064273131,89.1680083718753,88.49841662502459,88.70369845916115,995601.927022905
2017-11-01 00:00:00+00:00,88.58920446756338,88.76238008366023,88.29682644806412,88.72020540122058,1124922.953372012
2017-11-02 00:00:00+00:00,88.6968196289568,89.6480122191354,88.67316380725619,89.61735732562104,1050761.2765033052
2017-11-03 00:00:00+00:00,89.73712012102021,89.97342334109982,89.0629621464609,89.13671439521002,987249.1540951843
2017-11-04 00:00:00+00:00,89.157869933983,90.06209720533688,88.88957513942458,89.87574401195766,1078766.9309614296
2017-11-05 00:00:00+00:00,89.75476574863187,90.6007851344014,89.66037690857745,90.50472940787829,1079405.846452712
2017-11-06 00:00:00+00:00,90.36391858292345,90.56919465489453,88.45689049287486,88.81062303790598,1047191.0004491213
2017-11-07 00:00:00+00:00,88.958472836902,90.58153679411792,88.77410800807796,90.57553597295515,770769.8625374817
2017-11-08 00:00:00+00:00,90.56735528019274,91.95729642933411,90.46316328527102,91.86824960257401,901743.9509235602
2017-11-09 00:00:00+00:00,91.80877316020137,92.29999289165839,91.66147105295056,92.07412865572299,1138410.5846505924
2017-11-10 00:00:00+00:00,92.04890110271126,92.33446940370801,90.46411300556512,90.6991086579304,874405.4144564734
2017-11-11 00:00:00+00:00,90.56511816140036,90.79250588322007,88.97499800740866,89.17167188083808,1088246.1150065807
2017-11-12 00:00:00+00:00,89.29857165456554,89.45093109105734,88.20852054992997,88.23556895014313,1070645.2656779669
2017-11-13 00:00:00+00:00,88.2008877005677,89.30451567606018,87.77270621674003,89.21614732833348,927424.763841797
2017-11-14 00:00:00+00:00,89.33814162448918,89.66221324432763,87.47626784801494,87.54470207060689,800476.8372883275
2017-11-15 00:00:00+00:00,87.54922390455961,88.3743661410406,87.29172872543253,88.33176555156275,943108.7402052073
2017-11-16 00:00:00+00:00,88.4580386347888,88.50538616528138,85.96962599804544,86.18228775796385,1207801.5043633012
2017-11-17 00:00:00+00:00,86.20441027714625,86.32825980190688,85.76894370531703,85.84843059718305,913672.2707790645
2017-11-18 00:00:00+00:00,85.92167928222463,86.22747247207063,85.71727113217902,86.05410802655567,920574.2655400729
2017-11-19 00:00:00+00:00,86.1159889372249,90.48834980147669,86.02551427299868,90.38504880675879,900241.7589690173
2017-11-20 00:00:00+00:00,90.4413850002028,90.48107790776675,87.6066951687718,87.94684090329778,1121478.447654952
2017-11-21 00:00:00+00:00,87.97744064140734,90.76050716388653,87.72816016432566,90.59262814028608,975708.4288374893
2017-11-22 00:00:00+00:00,90.57153358194883,91.09360250530634,90.3636101012645,90.88270244243823,937409.3771050861
2017-11-23 00:00:00+00:00,91.05678232356037,91.65374357549476,90.88513090071399,91.65148061659077,1141347.401719535
2017-11-24 00:00:00+00:00,91.56835849908079,92.09184431132547,91.48939741048369,91.88704835944321,1057949.4087935537
2017-11-25 00:00:00+00:00,91.8874441759835,92.90893803718187,91.67026726034098,92.72653002422282,908070.975828974
2017-11-26 00:00:00+00:00,92.7279103397772,92.83234052677102,92.17789032274295,92.46044411028785,877641.608893822
2017-11-27 00:00:00+00:00,92.49765396107009,95.29865617140518,92.41236076842378,95.20780516340103,1115816.9964879975
2017-11-28 00:00:00+00:00,95.1669160154077,95.22820781631702,94.2893842000073,94.36143881443061,1001678.8163741716
2017-11-29 00:00:00+00:00,94.39113872868758,96.66710705953007,94.17483674571312,96.54190801357998,845093.5980143888
2017-11-30 00:00:00+00:00,96.52560762825054,96.53556029935244,94.93444794265973,95.32478512418331,821688.4313106451
2017-12-01 00:00:00+00:00,95.17398584038189,95.44747661486865,95.16933148627956,95.22902832259855,888396.1284800242
2017-12-02 00:00:00+00:00,95.22993797753705,95.31160778521483,92.9672234638833,93.22776300277336,876051.541189697
2017-12-03 00:00:00+00:00,93.12515975873656,94.31179443330718,92.95872022552152,94.098870001637,795392.3029098564
2017-12-04 00:00:00+00:00,93.93566626124363,96.89296859166069,93.8378037907409,96.87762239331096,890049.3013351504
2017-12-05 00:00:00+00:00,96.89088235518842,96.93015203472693,96.64795288919147,96.74720412670527,908091.9438356146
2017-12-06 00:00:00+00:00,96.79440547598567,96.86669934992615,96.10745592826096,96.386265712373,953731.8711615431
2017-12-07 00:00:00+00:00,96.43703216980948,96.82827131100814,94.00444415547905,94.28021705862187,1169291.0045127713
2017-12-08 00:00:00+00:00,94.33369003598898,94.43496997910219,93.51526004448328,93.8676233282137,973315.6727901726
2017-12-09 00:00:00+00:00,93.6862157899478,94.26742367547863,90.84270338019151,90.94270038329381,983242.5162255786
2017-12-10 00:00:00+00:00,90.81892582860253,90.84120847385523,89.29358272709194,89.31523538472395,1050925.5363798942
2017-12-11 00:00:00+00:00,89.49150091638977,89.760590908186,89.30655363482369,89.73921053522463,976268.192893344
2017-12-12 00:00:00+00:00,89.64523484782974,92.29354244743034,89.5983062675669,92.15648603119557,1040015.2963886708
2017-12-13 00:00:00+00:00,92.2127789941488,97.82278715432633,91.96387885291192,97.50194089718464,1028061.4876951732
2017-12-14 00:00:00+00:00,97.43496314579693,97.6249550577785,96.29411796346199,96.38403566253638,1012258.8565599244
2017-12-15 00:00:00+00:00,96.39171484267928,99.63848972614255,96.23778233796222,99.21077088584038,1276646.608441896
2017-12-16 00:00:00+00:00,99.14794524826611,99.82790952677728,99.04883869447791,99.71555027653187,1091112.5844044352
2017-12-17 00:00:00+00:00,99.77154466176768,100.28475554847354,99.4200412269851,99.43425604866663,891827.801529327
2017-12-18 00:00:00+00:00,99.44785608126871,100.44322871211304,99.24586422680049,100.3183442017648,1037022.2186189165
2017-12-19 00:00:00+00:00,100.27337251395024,100.69472781273983,99.95787658036355,100.46273887171222,920826.319334028
2017-12-20 00:00:00+00:00,100.35723570428239,100.76169930519325,100.25822662083698,100.70493603659267,1044625.0764059854
2017-12-21 00:00:00+00:00,100.73190222002341,100.98991434597646,99.54726635261211,99.90584100980332,862481.258289173
2017-12-22 00:00:00+00:00,99.78468331827658,100.03071316973116,97.13927254049969,97.17038260418484,889222.0551916021
2017-12-23 00:00:00+00:00,97.21192110060375,97.39776746606137,94.13173831474114,94.23516894436523,1034390.7562490127
2017-12-24 00:00:00+00:00,94.48267619349815,95.50769586152562,94.15039656726267,95.49351629004784,1099766.9113598026
2017-12-25 00:00:00+00:00,95.62244877583235,95.78649482443515,94.87569516231389,94.98550976044172,1050264.4348753013
2017-12-26 00:00:00+00:00,95.0537424006637,95.15762626645872,93.845135173765,93.878610788443,1085411.7334535217
2017-12-27 00:00:00+00:00,93.8705740942577,94.192501679475,93.73539156666078,93.91336286970751,1037381.8558763845
2017-12-28 00:00:00+00:00,93.73128809073313,95.45722330727868,93.49926082210344,95.43747592591087,1017249.6099032331
2017-12-29 00:00:00+00:00,95.311280249835,95.90867049024143,95.17569143574983,95.80152559004812,949630.6725741563
2017-12-30 00:00:00+00:00,95.92441910267878,96.14412975837367,94.46129138461903,94.5716275475636,1081300.1808716797
2017-12-31 00:00:00+00:00,94.49693902970061,97.30202334089314,94.25704431532567,96.93914107202355,1102487.923282664
2018-01-01 00:00:00+00:00,96.87135617423472,100.32014428232517,96.69891653811068,100.06971369283318,993688.4308670225
2018-01-02 00:00:00+00:00,100.05313709715838,101.10727749312166,99.79300327243078,101.08464277326851,988307.3958221342
2018-01-03 00:00:00+00:00,100.97728620658432,103.29510943574078,100.9549859988821,103.09299895794584,1159140.5811722237
2018-01-04 00:00:00+00:00,102.96652769007306,105.82542037562361,102.78887535555596,105.70695427644719,997957.8220183777
2018-01-05 00:00:00+00:00,105.70161881594353,108.48466579564827,105.25556106805026,108.14497300504226,1007568.587036597
2018-01-06 00:00:00+00:00,108.04855857623355,109.66043375090905,107.71864405494993,109.50329642806402,1048422.5907752896
2018-01-07 00:00:00+00:00,109.42215245086378,110.89651889665267,109.10996818768442,110.84375467061342,990219.3744045846
2018-01-08 00:00:00+00:00,110.75716452416029,112.26606466033208,110.63198056544059,112.02418725099035,917965.9677256905
2018-01-09 00:00:00+00:00,112.08270422939741,112.30479873831214,109.25807970607403,109.61432319782777,1037796.5575523522
2018-01-10 00:00:00+00:00,109.5888788973673,111.64997583843704,109.54733356797173,111.1835584505226,996124.4989977679
2018-01-11 00:00:00+00:00,111.16370418369264,111.5554043826353,108.01451632635806,108.23082725856068,1184224.9756474497
2018-01-12 00:00:00+00:00,108.29543520685503,108.37041075060483,106.12043766678465,106.54572616856004,1078844.8550292375
2018-01-13 00:00:00+00:00,106.53059245535617,109.65860116647005,106.42415881379769,109.38191308785943,940451.7713556999
2018-01-14 00:00:00+00:00,109.35147715834168,111.57975906475069,108.94163923668417,111.25779113952463,1072906.0219190377
2018-01-15 00:00:00+00:00,111.31013240692617,114.77005938748214,111.13639711274168,114.64012995400611,1030786.583473098
2018-01-16 00:00:00+00:00,114.71673224162654,114.99697884029014,113.68883160080284,114.04172947356261,1130942.6301945513
2018-01-17 00:00:00+00:00,114.02495695731892,114.04279703169864,111.18111560456107,111.46598227023397,947554.578717096
2018-01-18 00:00:00+00:00,111.47496729512213,111.59764841079564,110.83938034528653,110.95344608101246,1018867.6148359523
2018-01-19 00:00:00+00:00,110.86670376091108,111.59396287108851,110.63126182914854,111.20232997469772,990090.6350907508
2018-01-20 00:00:00+00:00,111.10662001492811,111.8345323310794,111.07129519653708,111.40042125326359,1005847.94230583
2018-01-21 00:00:00+00:00,111.4861046089886,113.99204271989174,111.35897198611218,113.9779169321722,911480.105099605
2018-01-22 00:00:00+00:00,114.02863050161653,114.15004313574651,113.05824798838536,113.17998169815372,1057591.1667913175
2018-01-23 00:00:00+00:00,113.23151236708091,114.21221683202866,113.18272614888258,114.00245684620455,1041796.4275849496
2018-01-24 00:00:00+00:00,114.03447493197521,114.25729011981821,111.54807291760817,111.79283337288955,1128522.3616921795
2018-01-25 00:00:00+00:00,111.79799856800402,113.13633506450238,111.67169111060808,112.82678900166931,998997.4148013219
2018-01-26 00:00:00+00:00,112.90536291913342,112.96239684598011,112.71798928035354,112.85637279202412,958816.0491751864
2018-01-27 00:00:00+00:00,112.96190577495919,112.98510583942043,110.99998397927101,111.19881288389675,1078929.4377944036
2018-01-28 00:00:00+00:00,111.3001403563405,111.41210885687087,110.628616167248,110.69770624192931,920579.5618400315
2018-01-29 00:00:00+00:00,110.68655035779425,110.7484950375046,110.05495910071006,110.31276000174547,1108498.453508396
2018-01-30 00:00:00+00:00,110.46576299788407,111.03234483873096,109.58876576920093,109.74028201719383,1108284.1997413703
2018-01-31 00:00:00+00:00,109.76535335683697,113.74811587445622,109.7650501673184,113.72045937934804,1125727.8901134408
2018-02-01 00:00:00+00:00,113.79237349046718,113.89146517001932,113.40987459204614,113.51947479433242,1037662.2984679494
2018-02-02 00:00:00+00:00,113.55149726354585,113.78208216130163,112.92309804127265,112.98967965899381,951350.3617402234
2018-02-03 00:00:00+00:00,113.01758886774607,113.07174319933303,108.21997885150337,108.36958461890814,1010918.7726305362
2018-02-04 00:00:00+00:00,108.28985148134217,108.60158239513468,106.28073625590443,106.47000666201669,1038006.8895079206
2018-02-05 00:00:00+00:00,106.54467949044768,106.57977266978715,105.63202477610933,105.93247357920382,943985.8354812124
2018-02-06 00:00:00+00:00,106.23388265251742,106.28666457636494,104.30255385451053,104.51021270724709,1133311.6288925216
2018-02-07 00:00:00+00:00,104.47104279425915,107.84338645671268,104.4023483020509,107.46002820315009,1058008.4167568542
2018-02-08 00:00:00+00:00,107.46765729727193,107.81579548324605,106.78179689392752,107.12755124731777,910777.7044677995
2018-02-09 00:00:00+00:00,107.07975036999458,110.34962688309886,106.85396617396098,109.9459715311838,1188287.3676465778
2018-02-10 00:00:00+00:00,109.89231570898002,110.1872906920108,109.53168411782278,110.10375735696971,1009738.9275170177
2018-02-11 00:00:00+00:00,110.27380704755859,110.57424792014567,109.90994773899565,110.20780573386818,890589.6957150013
2018-02-12 00:00:00+00:00,110.13363907468195,110.41020168357898,109.73729792569418,110.03426284337769,916974.5877252726
2018-02-13 00:00:00+00:00,109.98209774796238,110.07128639384777,109.72385795102329,110.06462824001495,1148778.3597165344
2018-02-14 00:00:00+00:00,109.88990143253729,113.99241115954231,109.33573583089309,113.9367674231234,1182498.4916216822
2018-02-15 00:00:00+00:00,113.8504475922672,114.04259414829724,108.77776574405164,108.79348022733728,1100948.505348092
2018-02-16 00:00:00+00:00,108.60761745736288,108.74278153754612,104.31061401215304,104.54530241075997,1131930.8648587137
2018-02-17 00:00:00+00:00,104.61135462410363,104.77967383749257,103.10722619953322,103.43641506670946,1121661.545879861
2018-02-18 00:00:00+00:00,103.72600571060855,103.93042435956306,103.30693014148198,103.48716903810187,1055691.6152764068
2018-02-19 00:00:00+00:00,103.44922248780067,105.19582390831145,103.08674073541616,104.94639782127399,1032904.1787810926
2018-02-20 00:00:00+00:00,104.77147758016663,106.04043225567216,104.30463004204977,105.96527719646964,1053986.3194476608
2018-02-21 00:00:00+00:00,106.06064591038766,106.11047944419441,105.09767714816009,105.17509666593499,1073601.5443143295
2018-02-22 00:00:00+00:00,105.09864226311063,107.49985150706364,105.01094571336611,107.36212029652535,925840.1993473602
2018-02-23 00:00:00+00:00,107.50162093799035,109.62102544167415,107.25386474189791,109.61906723447605,1073195.872931211
2018-02-24 00:00:00+00:00,109.58815147332429,110.12964031614618,109.30359433873309,110.04534268935421,1145861.6847297018
2018-02-25 00:00:00+00:00,109.97581431533258,112.39034119639234,109.7659312682421,112.20702904377995,979362.7571670968
2018-02-26 00:00:00+00:00,112.18706095515384,113.31038142041218,111.88403247387055,112.84312093917697,968675.2214678202
2018-02-27 00:00:00+00:00,112.92863083385619,113.05954221256346,111.41279255298616,111.60533833077513,1047654.6309238665
2018-02-28 00:00:00+00:00,111.57995697433624,113.54876819812135,111.46635921242866,113.19649700314048,935034.2449591864
2018-03-01 00:00:00+00:00,113.1402695068093,113.51274812697737,112.76210168929013,113.46988627327508,868318.1383372494
2018-03-02 00:00:00+00:00,113.44732487389754,113.67882779543402,112.97833049518773,113.49562381419422,1114771.9040105178
2018-03-03 00:00:00+00:00,113.35127381662797,117.08389402603854,113.11595900016421,116.91221463542149,954904.8739976566
2018-03-04 00:00:00+00:00,116.95863247932591,117.22690090520365,111.30182384101093,111.34192904819345,1001844.8578720209
2018-03-05 00:00:00+00:00,111.14299146255304,111.32985032957016,107.97271450176768,108.25095888947934,938987.4958991935
2018-03-06 00:00:00+00:00,108.20288231618088,108.43565601766026,105.68832005425719,105.73234106498997,1127675.4814912998
2018-03-07 00:00:00+00:00,105.81263264088977,106.20338596416576,104.91151243330327,104.98795228861329,1085317.6158284014
2018-03-08 00:00:00+00:00,105.01976870728298,105.07410446097533,104.45827653692847,104.4755883773411,975926.04588463
2018-03-09 00:00:00+00:00,104.53726246653511,104.54451862103515,101.07856922020365,101.39329118809124,882010.2635237247
2018-03-10 00:00:00+00:00,101.38669599325674,101.49283704447639,99.05997988335396,99.43496043556377,965307.01951418
2018-03-11 00:00:00+00:00,99.5512741007897,99.62025044138916,97.56086867817349,97.75720776744981,1057015.2699949713
2018-03-12 00:00:00+00:00,97.84760377895083,103.05392714527973,97.78197201893535,102.70239271249358,1018863.5704079765
2018-03-13 00:00:00+00:00,102.74821246111698,106.70592736693092,102.6875715643154,106.49204139747206,1010909.8044451987
2018-03-14 00:00:00+00:00,106.59081764078778,106.79166007185948,105.56385515646724,105.63980751483027,1021169.8759469811
2018-03-15 00:00:00+00:00,105.71908211467206,106.05968805142285,104.65840916545577,104.89539332668862,1075879.623149816
2018-03-16 00:00:00+00:00,104.84929562860337,104.98026255368406,102.46629942187964,102.53246904536144,995814.0795934956
2018-03-17 00:00:00+00:00,102.39467577179836,102.82890502013213,98.45030454311053,98.7130257938396,1045001.3450459504
2018-03-18 00:00:00+00:00,98.75452101121067,98.84348671505755,98.48834627147124,98.50224182844097,901308.0792254902
2018-03-19 00:00:00+00:00,98.55603284191622,98.58092437773402,96.34951773979682,96.57522785752981,1255385.0776975327
2018-03-20 00:00:00+00:00,96.68054043854627,96.80828964650456,96.21512649454283,96.43076187505496,971614.0680683745
2018-03-21 00:00:00+00:00,96.34047170114252,96.3680831055082,93.10466275915779,93.41212364770405,1020359.3007883978
2018-03-22 00:00:00+00:00,93.32745199751673,93.65859584622625,92.00686486369747,92.01776453248647,1056646.552478621
2018-03-23 00:00:00+00:00,92.0600835269,92.43661484421867,92.02189581015989,92.310158317089,958920.9487599459
2018-03-24 00:00:00+00:00,92.30358888108103,93.06750815891871,91.93227372151915,93.00733723257997,1000782.4794249462
2018-03-25 00:00:00+00:00,92.83194756652533,93.81670453562785,92.72110589463703,93.80590660104438,999567.5274656776
2018-03-26 00:00:00+00:00,93.8410939624188,93.91435839294748,91.29492449776488,91.37921490038438,908596.1907426623
2018-03-27 00:00:00+00:00,91.2099419487492,93.13962094596569,91.17452763365476,92.9732445833467,1043858.942553964
2018-03-28 00:00:00+00:00,92.88536101475536,93.02054876785388,91.12116998548112,91.51542388982614,835077.8161741269
2018-03-29 00:00:00+00:00,91.63912358362741,92.91676801156156,91.60115970934062,92.69964875090076,1175270.8442416615
2018-03-30 00:00:00+00:00,92.86881439486436,92.96389272775554,92.63050577990911,92.69846465649988,1079297.0884978392
2018-03-31 00:00:00+00:00,92.58577517759264,92.96990455850597,89.96793546301328,90.19952490767739,1063912.2357653377
2018-04-01 00:00:00+00:00,90.16981394749415,90.43771233998628,89.53135366566565,89.64883507870593,826335.7887566758
2018-04-02 00:00:00+00:00,89.65265613824805,90.59628563865425,89.25064130623876,90.32438612373544,920747.132670698
2018-04-03 00:00:00+00:00,90.48527435251631,91.55498206240492,90.304888202629,91.45680536577049,1138934.5120805055
2018-04-04 00:00:00+00:00,91.41172914633849,91.48878022822682,91.01738112555212,91.21752423910185,1415124.13970396
2018-04-05 00:00:00+00:00,91.17402405917157,94.0873082294788,91.03968663327693,94.0740848144938,1119469.246505703
2018-04-06 00:00:00+00:00,94.21977975403502,96.27683366662264,93.70783910801835,96.00812502829031,1103694.341025095
2018-04-07 00:00:00+00:00,95.97214222445689,96.04610141904922,95.45000724373489,95.53567531812746,1052497.4228114188
2018-04-08 00:00:00+00:00,95.60467134610948,97.00108956819457,95.33204593079324,96.99914630764471,915250.2804289829
2018-04-09 00:00:00+00:00,96.85586470105446,101.23042838533873,96.8544675624057,100.8443306563605,1099517.408320033
2018-04-10 00:00:00+00:00,100.82706280489604,104.95105183141291,100.64631682106064,104.89792550024953,889879.2662903072
2018-04-11 00:00:00+00:00,104.72383723474232,104.96847282757147,102.03733157061373,102.37348480411616,878941.4834860147
2018-04-12 00:00:00+00:00,102.26543636997974,102.52459506691059,100.19196107454239,100.51400584111805,872647.067456151
2018-04-13 00:00:00+00:00,100.5983573310317,103.77751855331297,100.30918887034042,103.56458783485887,1097572.2646501593
2018-04-14 00:00:00+00:00,103.55941940360023,103.7088891907273,101.39536528732792,101.41589498113615,994258.5945072499
2018-04-15 00:00:00+00:00,101.38353258686435,101.60327749668654,98.76787908180685,98.78828367578755,1010085.8099904379
2018-04-16 00:00:00+00:00,98.71431598553158,98.9033327216995,97.63307497077953,97.85190173209432,998459.6062949316
2018-04-17 00:00:00+00:00,97.83031011569892,98.70225731791794,97.81059110010453,98.69750455804555,887428.3458801775
2018-04-18 00:00:00+00:00,98.72722367622796,99.00002262841082,98.28950175027909,98.51528648595918,932926.9093982596
2018-04-19 00:00:00+00:00,98.61211875763045,98.6478596996962,97.0303575324697,97.26123049306253,937957.3793746547
2018-04-20 00:00:00+00:00,97.00590549634248,97.16827840164245,95.45411008746387,95.97773209762266,859472.855277464
2018-04-21 00:00:00+00:00,95.89790154647007,95.98132476112397,94.54738289645219,94.63898227405123,949578.9904699648
2018-04-22 00:00:00+00:00,94.65403898049561,94.70118326202342,92.88931040728846,93.00741985740758,891869.3543603761
2018-04-23 00:00:00+00:00,92.99822485407287,97.58940895149767,92.5269733998274,97.36939396502456,1057767.562886699
2018-04-24 00:00:00+00:00,97.40867046529927,98.09712204305104,97.08050764561112,97.97008258839163,1066097.1063966823
2018-04-25 00:00:00+00:00,97.99629353231917,100.09376411414543,97.6915521395281,99.74304544013589,870636.087736011
2018-04-26 00:00:00+00:00,99.7126369910241,99.72718005753491,98.58856477882075,98.79191644799954,970336.8235751999
2018-04-27 00:00:00+00:00,98.73986761108121,98.93780308345048,98.37185193831358,98.44486551842792,1185605.9881316703
2018-04-28 00:00:00+00:00,98.42069715728634,98.48265730679933,96.94211611527186,97.06934023525471,901923.7102321706
2018-04-29 00:00:00+00:00,97.18084789725229,97.4913266386112,91.8009293799694,92.07388975511253,1042663.7817795066
2018-04-30 00:00:00+00:00,92.0064909373983,92.19310948644625,89.55311967473997,89.58888121268348,1010552.1934002883
2018-05-01 00:00:00+00:00,89.58325442862437,89.82698175052911,86.35003273124973,86.419975333039,1109288.7557840906
2018-05-02 00:00:00+00:00,86.43581976265027,86.46045093295753,82.62232456522091,82.63416125245894,1029546.6841357406
2018-05-03 00:00:00+00:00,82.76309954280862,83.07606492235513,80.59687893531434,80.69817739104329,956870.452207625
2018-05-04 00:00:00+00:00,80.67394306194814,82.89757263822202,80.58135854647952,82.88176744346907,1006676.4121472884
2018-05-05 00:00:00+00:00,82.96123503375581,82.96720470789772,82.75647678911594,82.82470448715368,1008136.9943953735
2018-05-06 00:00:00+00:00,82.92674281716336,85.11630565443352,82.89601157307203,85.00734423372838,990830.4817717177
2018-05-07 00:00:00+00:00,85.00192465297795,86.18431904269544,84.63954354566198,85.72609803254761,868088.8544675983
2018-05-08 00:00:00+00:00,85.70803391668996,87.13148313832285,85.63280817816899,87.09578443601205,1124308.8607597894
2018-05-09 00:00:00+00:00,87.06712524832346,87.07565547370642,85.36068213301905,85.55766077362883,1106643.3587864323
2018-05-10 00:00:00+00:00,85.53577314469125,86.7332427163683,85.35250673299232,86.47622863812676,895581.0973130143
2018-05-11 00:00:00+00:00,86.5501000796218,87.9326646706011,86.45919524760247,87.76333770370951,969927.4367816247
2018-05-12 00:00:00+00:00,87.78361191035631,87.98265101225638,86.64886283944136,86.77433529099956,977491.4330645785
2018-05-13 00:00:00+00:00,86.79475239911359,87.98645705288459,86.7261058629671,87.76841597492815,884348.1199500418
2018-05-14 00:00:00+00:00,87.66965688980436,88.83226740208424,87.54893321264366,88.78568785091025,813320.3732237733
2018-05-15 00:00:00+00:00,88.69978857890156,88.86023819880549,87.82398746453036,87.83274769971688,932940.7348087664
2018-05-16 00:00:00+00:00,88.02101252388528,88.05571097931214,85.48601231256902,85.89958889217752,964359.7659748808
2018-05-17 00:00:00+00:00,85.88431373548077,85.9191431493963,83.66631362891715,83.9059456146083,855876.666663598
2018-05-18 00:00:00+00:00,83.84093763768358,84.32672133603111,83.64353493261562,84.06804977882561,1017697.776408548
2018-05-19 00:00:00+00:00,84.1883594947168,84.69425712170917,84.05967149327661,84.63659894167695,1116285.630331634
2018-05-20 00:00:00+00:00,84.66045025879022,84.69527261247411,83.0284493964242,83.32230396854645,1084211.6146165268
2018-05-21 00:00:00+00:00,83.37047716827034,83.53349161837016,83.13087553625802,83.38329377777052,987331.4346841282
2018-05-22 00:00:00+00:00,83.37178295793716,84.54146073214952,83.14329706452908,84.35707781988035,815958.8303478803
2018-05-23 00:00:00+00:00,84.33019548917946,85.55748706116307,84.16301183596254,85.42361030874068,1071570.2340659047
2018-05-24 00:00:00+00:00,85.4091236285428,88.38436054723722,85.31272420936521,88.13415412226921,1014639.2169064558
2018-05-25 00:00:00+00:00,88.01228766325737,90.54223015230579,87.9134687966999,90.43214124443055,1042435.110921802
2018-05-26 00:00:00+00:00,90.42418978052264,90.45450927624951,88.43823805364009,88.65690501980448,1193610.2800302515
2018-05-27 00:00:00+00:00,88.68315039619856,91.93859628900165,88.47854477635657,91.71130411732197,917518.8370469348
2018-05-28 00:00:00+00:00,91.88101251371894,91.89771577248762,90.66763873131436,90.76067657105648,712518.4066877957
2018-05-29 00:00:00+00:00,90.76848190438083,92.70200131173132,90.75077622806498,92.69583768436603,894654.5422190243
2018-05-30 00:00:00+00:00,92.47946918813473,93.16019544026885,92.44499912975678,92.84053120923006,1048604.5068267821
2018-05-31 00:00:00+00:00,92.83180555172441,93.1329378422564,91.93950358846162,92.0968108468631,1002692.5901748041
2018-06-01 00:00:00+00:00,92.34911044082416,92.35062049781718,88.23386120611148,88.84438697155304,878436.3870401318
2018-06-02 00:00:00+00:00,88.92135874859314,89.0020195936263,88.48350008537071,88.55776829766681,858028.2616823569
2018-06-03 00:00:00+00:00,88.48595778246587,88.74489839960162,85.7294106794698,85.85565221888464,964539.0984182605
2018-06-04 00:00:00+00:00,85.90640205421191,87.6904469705791,85.68364532237489,87.55029324666812,875390.5330118195
2018-06-05 00:00:00+00:00,87.48532975372605,90.32192428026265,87.42841986195859,90.26495242646902,1052063.3418254526
2018-06-06 00:00:00+00:00,90.14275105512253,90.20078003829471,88.68837060580908,88.8554632842612,958857.3111373731
2018-06-07 00:00:00+00:00,88.824508763097,89.47091761438902,88.74144900190798,89.41160256904995,937288.2115668289
2018-06-08 00:00:00+00:00,89.41978609465974,89.42366842633895,88.06174126960735,88.14142493176337,924172.3597076994
2018-06-09 00:00:00+00:00,87.97641047808504,88.09330265484981,86.97721307270339,87.05785793620359,1026312.2726580594
2018-06-10 00:00:00+00:00,86.9578145899418,88.45738200871685,86.61259988982583,88.43455840602826,1004260.9223760035
2018-06-11 00:00:00+00:00,88.43547242699417,88.48241822873341,88.25409374135975,88.38409743640584,1020195.7269862593
2018-06-12 00:00:00+00:00,88.3480214186483,91.60039001512637,88.32691842155886,91.53166894115141,1018012.9443805813
2018-06-13 00:00:00+00:00,91.56780667571618,91.73332934756246,90.55534659711998,90.67125395791861,992780.4463403294
2018-06-14 00:00:00+00:00,90.56111845753857,92.75869525063112,90.39954747972794,92.52020916559908,896686.9416541909
2018-06-15 00:00:00+00:00,92.58627911898327,92.89903727993625,92.34970700614436,92.71918104023916,926961.9873268737
2018-06-16 00:00:00+00:00,92.60942386621082,94.27756691990415,92.5300582421143,94.22550763124595,960532.5094861063
2018-06-17 00:00:00+00:00,94.38029510474928,94.52296441797291,93.2089489717773,93.40527054204365,1206519.5238088323
2018-06-18 00:00:00+00:00,93.24500967530655,93.34595218256418,93.12097363943481,93.33139968987072,865116.3679583188
2018-06-19 00:00:00+00:00,93.22943007057869,93.4598458571661,92.96366959892624,93.13468013836231,958102.349668311
2018-06-20 00:00:00+00:00,93.17355183460177,93.298913005838,91.44286759980452,91.60862959500548,1009826.7060110489
2018-06-21 00:00:00+00:00,91.76108772250161,92.87544812575511,91.4834394687491,92.8483119733776,969666.7246727507
2018-06-22 00:00:00+00:00,92.87756318747995,94.57051786045716,92.567642648895,94.08250288567949,1107396.9541437738
2018-06-23 00:00:00+00:00,94.13545796757927,95.50260113971274,93.96466177148415,95.2250637180923,969150.2069497133
2018-06-24 00:00:00+00:00,95.22673367067154,98.35700665858089,95.06996361894481,98.21731214469011,976545.860084939
2018-06-25 00:00:00+00:00,98.11650204733745,101.17661038590016,97.59621683050041,101.12621504650714,1081462.8513616319
2018-06-26 00:00:00+00:00,101.07664921050055,101.10974620438544,100.29200691292374,100.39079269251619,1181071.1662918376
2018-06-27 00:00:00+00:00,100.2691281150555,101.3659169484613,100.0565967837348,101.16284479773157,1140749.8373948329
2018-06-28 00:00:00+00:00,101.03348685972004,101.38487874605708,99.81376642781684,99.9289595854539,986334.6115890857
2018-06-29 00:00:00+00:00,99.9691059369761,100.1701492887965,99.88309451758768,99.99564506685336,995048.5788267597
2018-06-30 00:00:00+00:00,99.88333216000959,99.89286442956079,98.61082683204502,98.823126052974,1004671.9244784204
2018-07-01 00:00:00+00:00,98.85470537886115,102.52793414439334,98.75159060513667,102.09799148181094,1014699.9408462584
2018-07-02 00:00:00+00:00,101.96507799354383,102.97590896796332,101.86462842210443,102.86392681395616,915265.1885652186
2018-07-03 00:00:00+00:00,102.89441393524635,102.94536993109847,102.29694582309382,102.43684203062264,1093659.3798855438
2018-07-04 00:00:00+00:00,102.38678293150267,104.97786990212285,102.23572594057842,104.93265933982356,1020660.9127722785
2018-07-05 00:00:00+00:00,105.08025924843824,105.21932742293508,100.44038225479862,100.4948514259848,995514.3811184686
2018-07-06 00:00:00+00:00,100.52738350829982,100.59604648868323,96.49180434871451,96.54646979323417,872885.4623440927
2018-07-07 00:00:00+00:00,96.66578026898361,98.45337397665851,96.30345142412948,98.11509396678824,1006228.6208490612
2018-07-08 00:00:00+00:00,98.04095361820049,98.38358797030435,97.96366104353385,98.25347182478666,810678.7696779195
2018-07-09 00:00:00+00:00,98.25898810288548,98.87728016586127,98.19135639888867,98.76660215801981,941835.0655967768
2018-07-10 00:00:00+00:00,98.66970351299179,98.68319122501867,96.08922228724938,96.20021481784894,943690.2293520801
2018-07-11 00:00:00+00:00,96.16042590464716,96.18020252687123,96.04703434281417,96.17475647054879,1028699.5193087618
2018-07-12 00:00:00+00:00,96.14954866075642,100.28055795612397,95.82179974484906,100.12677215863978,1187985.0024945296
2018-07-13 00:00:00+00:00,100.05409431795756,101.96791200601261,99.73965106442448,101.8112997117804,1057190.7465665438
2018-07-14 00:00:00+00:00,101.68754778591794,102.38438763334328,101.44207439543848,102.17788122669195,1144840.2072635612
2018-07-15 00:00:00+00:00,102.0334510214839,102.11911511892978,101.26761727367918,101.30483602912805,1064521.2173103578
2018-07-16 00:00:00+00:00,101.06780822991686,101.2890853589457,100.31227053439969,100.52864308898744,1112505.3489687615
2018-07-17 00:00:00+00:00,100.42245001237958,100.43111453047126,96.01255904776481,96.35687386467794,1185712.7352943106
2018-07-18 00:00:00+00:00,96.41733721493041,96.8969008143989,96.31145616870533,96.87403665209902,926816.3167697745
2018-07-19 00:00:00+00:00,96.71918364672044,98.93458273744477,96.45477453963512,98.54577938689876,920289.5565868496
2018-07-20 00:00:00+00:00,98.41095665471771,98.41897643082368,95.45740481331136,95.50788590641973,1066881.0900477322
2018-07-21 00:00:00+00:00,95.67893084283102,95.84502562705397,94.06881832935643,94.27164745426205,999632.1545937754
2018-07-22 00:00:00+00:00,94.21164392304472,94.2966660474375,92.05047096535361,92.13281603354557,1022035.3832806961
2018-07-23 00:00:00+00:00,92.16239490644627,92.57340142238039,90.38055332462675,90.38914336145126,975133.3107892639
2018-07-24 00:00:00+00:00,90.44720185808981,90.74858591235352,90.18395918505357,90.522079847442,940374.1282975284
2018-07-25 00:00:00+00:00,90.58205309066308,90.84454792817279,86.78115871422355,86.86070591034539,1162076.4668775026
2018-07-26 00:00:00+00:00,86.7284766216574,88.46223272311595,86.59663340416236,87.96958791131863,890013.8886180086
2018-07-27 00:00:00+00:00,87.94926168649495,89.47716278540015,87.92130872237504,89.34169285764503,1068639.2259241543
2018-07-28 00:00:00+00:00,89.19711769395785,89.22620847901655,88.78251640284776,88.92970377974221,1052422.828573045
2018-07-29 00:00:00+00:00,89.1472541022862,89.32086664902252,84.58785720332291,84.65905242083939,842098.6702429756
2018-07-30 00:00:00+00:00,84.5240317922584,84.61856962840973,82.9362680416041,83.02183701416067,916921.9670006407
2018-07-31 00:00:00+00:00,82.93484339429277,85.14681977261803,82.70807304298111,85.1284854260586,933730.9439050133
2018-08-01 00:00:00+00:00,85.03990065135288,85.1500660401859,80.53174565204353,80.55996571416243,1056458.4113316592
2018-08-02 00:00:00+00:00,80.43939479747189,80.5034220713701,80.01516509570479,80.03398480839343,963296.489406945
2018-08-03 00:00:00+00:00,80.1422382888188,80.24672919576827,78.11338229937495,78.19856828464668,991441.0193389194
2018-08-04 00:00:00+00:00,78.38800024225556,79.60808508855528,78.25766497658219,79.49886501638245,854235.2643015272
2018-08-05 00:00:00+00:00,79.46104350136456,79.52675354002477,78.38911751985664,78.46404277217582,1232591.1716715314
2018-08-06 00:00:00+00:00,78.36043703390445,79.15396907937841,78.31292030655122,79.13217426791735,1007119.5618739497
2018-08-07 00:00:00+00:00,78.95516148952781,80.37284620955836,78.80777904448713,80.06419535204792,1049900.0897296944
2018-08-08 00:00:00+00:00,80.04465098392103,83.3342939344427,79.90488297348742,83.09240249133329,945937.4511434777
2018-08-09 00:00:00+00:00,83.06611492825762,83.25671286872377,82.57028706218357,82.78893628452634,934737.2672932148
2018-08-10 00:00:00+00:00,82.73501617101876,83.59466535156113,82.2062919799824,83.44730210476212,1191268.465495353
2018-08-11 00:00:00+00:00,83.46577527245918,83.53495560143104,81.02631016455334,81.0376782843162,808327.839299337
2018-08-12 00:00:00+00:00,81.06970219833029,83.05975293325235,80.93649714794662,83.02339883880889,1027864.7068430778
2018-08-13 00:00:00+00:00,83.05022230899081,83.22716568627241,81.7377931439654,81.80286805781701,878849.6108892106
2018-08-14 00:00:00+00:00,81.77700813662557,81.90013189822552,80.60389511183415,80.92293010509314,959499.8845602996
2018-08-15 00:00:00+00:00,80.83378363877625,81.09276748105053,80.72915585685811,80.91929222395639,936190.5532325979
2018-08-16 00:00:00+00:00,80.97317096697019,81.07169850462354,78.38664718579841,78.4604423554796,901402.2316580752
2018-08-17 00:00:00+00:00,78.46142419057935,78.88485440375526,78.29981936912839,78.8517872272224,1003544.1729706327
2018-08-18 00:00:00+00:00,78.92183580575237,80.60136578967936,78.85723721791952,80.42453608195062,743197.0852693934
2018-08-19 00:00:00+00:00,80.48807754148662,81.07828085276734,80.39841018583823,80.92946568081607,968451.1518081302
2018-08-20 00:00:00+00:00,80.81440323624284,80.87519108162043,78.4243457119184,78.4294919900566,990971.0024650025
2018-08-21 00:00:00+00:00,78.31700667092485,78.51609975930361,78.17366444870763,78.26682670580924,864072.3453593988
2018-08-22 00:00:00+00:00,78.2076929313064,79.84162839129493,78.05866081728708,79.46879446389627,1151321.8721449382
2018-08-23 00:00:00+00:00,79.38485432526551,79.4309710787975,76.55578148704741,76.56994576488438,940554.1625202685
2018-08-24 00:00:00+00:00,76.6277753524097,76.67463943862343,74.84954105262821,74.97159635514137,976251.5757535163
2018-08-25 00:00:00+00:00,74.99793460236519,76.50399112948267,74.929230665073,76.3280271096402,940778.0836085298
2018-08-26 00:00:00+00:00,76.41192565531632,77.01344130782469,76.31458368361642,76.77216252363522,991843.3879569414
2018-08-27 00:00:00+00:00,76.80260167401997,77.6629026324999,76.64573180965921,77.43830377131341,1130814.409350605
2018-08-28 00:00:00+00:00,77.45446124101629,80.63153242360528,77.4268771364007,80.40460374868404,1247301.5803923474
2018-08-29 00:00:00+00:00,80.50106754627811,81.38432124474676,80.43893938254364,81.19409238742472,1074563.9203700658
2018-08-30 00:00:00+00:00,81.23223147244406,82.49024802394878,81.21543885582811,82.30239852007412,1108799.376697177
2018-08-31 00:00:00+00:00,82.30800339270658,86.96307672278692,82.14185933302326,86.9223473963715,1171642.7481477081
2018-09-01 00:00:00+00:00,87.05103184929085,87.10643225277137,86.26537536949633,86.58608057529953,1024887.1076766457
2018-09-02 00:00:00+00:00,86.59605363652894,86.86595920921384,85.16064270584317,85.24942872689178,1157025.087361187
2018-09-03 00:00:00+00:00,85.22348386418413,86.12814582620646,85.05915058655886,86.01634556951456,1079240.1132390404
2018-09-04 00:00:00+00:00,85.94427907456136,86.92755286468201,85.63622470516604,86.80959556524887,1014398.7359311573
2018-09-05 00:00:00+00:00,86.87062492102068,87.05375542532364,85.87087642382377,85.93428323423488,1035034.1034451467
2018-09-06 00:00:00+00:00,86.04058828587263,86.11517778901211,84.02935478469628,84.2117883253815,817858.3036632176
2018-09-07 00:00:00+00:00,84.20752826984007,88.23564026691017,84.10716787720698,88.22865560745555,1029211.9260446149
2018-09-08 00:00:00+00:00,88.34405124458964,88.84822044474319,88.27043058135553,88.84281397484074,845625.2479553703
2018-09-09 00:00:00+00:00,88.66779229582765,88.96713395422852,87.42088301169424,87.58615745489247,837473.0848388893
2018-09-10 00:00:00+00:00,87.58130050687514,89.74695109584063,87.56711617587109,89.24108891453558,1019287.8689025225
2018-09-11 00:00:00+00:00,89.23751080091945,89.40830146427703,89.03797602168483,89.08212245959653,888592.1404799946
2018-09-12 00:00:00+00:00,89.01736025788631,89.01834672028417,88.65118558816503,88.66817574263831,999288.6248696622
2018-09-13 00:00:00+00:00,88.87954835210012,89.90155910728832,88.84752778296527,89.70679305846033,1013843.4519349864
2018-09-14 00:00:00+00:00,89.70085512965773,89.74719824354696,87.26427871518189,87.45364238860756,1018304.9600817135
2018-09-15 00:00:00+00:00,87.41798484751685,88.13004564703377,87.34408373022713,88.10782916339345,909587.8592957899
2018-09-16 00:00:00+00:00,88.11011662884857,91.70115731084023,88.02714254001259,91.58069460948379,1089868.23824812
2018-09-17 00:00:00+00:00,91.39727553613618,92.48745139430949,91.36056634586703,92.4755277983736,991076.4763533921
2018-09-18 00:00:00+00:00,92.40525861092028,92.52134720383523,91.79866831645394,91.81905097876418,1044107.5680171162
2018-09-19 00:00:00+00:00,91.90933113964304,91.95276132151014,90.62349862095654,90.92888318196583,880356.0386053004
2018-09-20 00:00:00+00:00,90.87169388325931,90.95405902952874,90.10911817510247,90.22178330991264,982167.2443204012
2018-09-21 00:00:00+00:00,90.1470007145835,90.17688713470359,89.57045161354263,89.80059889192812,1109729.448327012
2018-09-22 00:00:00+00:00,89.91819507835143,89.91953240408813,89.02937631518286,89.160267951901,1097017.76318087
2018-09-23 00:00:00+00:00,89.27976539341358,91.16183543167543,89.0817516994407,90.84563456117138,920270.7317075606
2018-09-24 00:00:00+00:00,90.89260088867694,90.97650456078466,87.56906340230057,87.78560724097082,945444.1809425155
2018-09-25 00:00:00+00:00,87.74565448943635,89.42847622527228,87.69422655015352,89.3478842140143,901131.326993618
2018-09-26 00:00:00+00:00,89.32648798101567,89.55186497641115,88.41276636533254,88.70744594600536,934358.7081739119
2018-09-27 00:00:00+00:00,88.63611185675647,89.52019082030381,88.55296482211156,89.41449332619729,860093.2459293471
2018-09-28 00:00:00+00:00,89.32554619178482,89.53457983305998,87.30318474759682,87.45663133252285,986182.4127591526
2018-09-29 00:00:00+00:00,87.36529018474725,90.02933989135725,87.29991358586055,89.84766722651239,1063313.8398182844
2018-09-30 00:00:00+00:00,89.79213647984366,92.21943007323226,89.58871018466536,92.15098278527478,921494.7136198921
2018-10-01 00:00:00+00:00,92.05563222907463,94.20770707400116,91.88568561963544,93.97418901651018,990939.3717338823
2018-10-02 00:00:00+00:00,93.82724109613412,93.95957338729228,91.01339934737406,91.20639945835663,977950.1592368643
2018-10-03 00:00:00+00:00,91.22641038589644,93.000843785762,91.20100249647419,92.76853182192613,1105511.8731598218
2018-10-04 00:00:00+00:00,92.79029490953752,93.83849365519649,92.75252499435211,93.56015396022686,938840.8163195578
2018-10-05 00:00:00+00:00,93.71928039255984,93.93448484492747,90.5483024902719,90.64032137644384,942478.3892349149
2018-10-06 00:00:00+00:00,90.57974297194797,90.7156011166079,90.15260518610273,90.6325313862931,915397.8871707639
2018-10-07 00:00:00+00:00,90.65936773227564,91.34616350519586,90.61700011779747,91.33224526158553,886249.0479921512
2018-10-08 00:00:00+00:00,91.36080600357224,92.49882445859419,91.34951158040873,92.39061552718819,1052918.4991446969
2018-10-09 00:00:00+00:00,92.36716331867189,93.08230282711666,92.14717225288548,92.75583747752493,986488.9203669521
2018-10-10 00:00:00+00:00,92.82487876291205,93.63424083830793,92.75707695872407,93.33500878492454,1005480.9859823302
2018-10-11 00:00:00+00:00,93.40736480788959,96.25936494697594,93.21916249120464,96.16519495981012,1127464.1156195397
2018-10-12 00:00:00+00:00,96.1966805116118,98.97612614192981,95.87581987073828,98.59180767047164,1133208.0725927872
2018-10-13 00:00:00+00:00,98.56660368983863,98.6546822955597,93.05022048603374,93.13472237333498,835376.5692165196
2018-10-14 00:00:00+00:00,93.10142390593464,93.13160586229527,92.3880791189108,92.5823298860065,1064783.4673095567
2018-10-15 00:00:00+00:00,92.4557000433452,92.53256141981393,92.02496915608127,92.31487436669549,1022564.6925711189
2018-10-16 00:00:00+00:00,92.24047616821251,92.26662045744175,89.03375084647998,89.1716629758817,953840.9000854064
2018-10-17 00:00:00+00:00,89.11619753059188,89.44091294046615,88.95760248919136,89.37553353664718,1032768.3687027942
2018-10-18 00:00:00+00:00,89.27507796069993,91.8273187118678,89.17376031208025,91.67247091671888,827361.6764779214
2018-10-19 00:00:00+00:00,91.71279983376063,91.76511390183299,89.62586266233875,89.73768189728546,1146264.23427764
2018-10-20 00:00:00+00:00,89.84506450834203,90.49657316165039,89.79680370764953,90.37961893018345,1051494.4097071907
2018-10-21 00:00:00+00:00,90.29754859358474,90.30436116377724,88.61914963594937,88.77475491851015,913480.2255167341
2018-10-22 00:00:00+00:00,88.79991736250214,88.86796811759763,87.52944760131311,87.62480129240649,941458.9778180476
2018-10-23 00:00:00+00:00,87.53418750929093,90.59894185068352,87.19010361674991,90.28866714992749,829685.352445256
2018-10-24 00:00:00+00:00,90.26113613352894,90.4030850688663,89.11745631556286,89.3499600001192,968604.2750163745
2018-10-25 00:00:00+00:00,89.28827907983276,90.43498655086755,89.28650124560038,90.21584201200487,951726.8022759417
2018-10-26 00:00:00+00:00,90.27014253474727,90.38038176814074,86.61273611838074,86.93673597090245,867488.9612876241
2018-10-27 00:00:00+00:00,86.87772434265297,90.36661076949896,86.82609110101396,90.27197271947203,1077670.223370978
2018-10-28 00:00:00+00:00,90.36329730073953,91.4461917280024,90.11170843800217,91.40316277640761,1127679.7189694475
2018-10-29 00:00:00+00:00,91.38070312053502,91.40694265933234,90.80776649952753,91.1065849845244,997263.9509955522
2018-10-30 00:00:00+00:00,91.04740180894993,92.3841138007804,90.65314059335132,92.1982375517452,969435.3117153633
2018-10-31 00:00:00+00:00,92.08268501544265,92.31582615021202,89.48097110990685,89.67074976503926,1043498.4602131794
2018-11-01 00:00:00+00:00,89.69345480332134,92.01580774792073,89.64739565719466,91.85352981592709,998036.1037504957
2018-11-02 00:00:00+00:00,91.93575878612774,91.99196423837348,91.12141892402634,91.29678246522415,891782.0783768814
2018-11-03 00:00:00+00:00,91.32173581652532,91.4389400772451,90.90502977390396,90.96130127323795,934732.2013412738
2018-11-04 00:00:00+00:00,91.16494831494673,91.20558949629611,89.78227598214319,90.10728744039127,970356.3993251969
2018-11-05 00:00:00+00:00,90.23612170934969,90.36603067994393,89.01938918506184,89.10255546948338,1024818.6594476696
2018-11-06 00:00:00+00:00,89.07515395976928,90.62829159845433,89.02419629779521,90.38528044572423,1000933.671787647
2018-11-07 00:00:00+00:00,90.35653544693015,90.91189438424568,90.18620808864209,90.88541744935834,1021036.9379987116
2018-11-08 00:00:00+00:00,90.92810603178336,92.12539124212601,90.71966437325374,92.11469883908781,847517.2016716078
2018-11-09 00:00:00+00:00,92.03750495466151,92.25026358804001,91.43681910405763,92.1353446284949,1066521.774408493
2018-11-10 00:00:00+00:00,92.24280100355345,93.2401772776534,92.16111127312355,93.12313312086732,1000341.5884008514
2018-11-11 00:00:00+00:00,93.15680649439955,93.62257761982504,92.37476896376968,92.38324717652264,1255270.9054150153
2018-11-12 00:00:00+00:00,92.4069396834751,96.84399202180742,92.2847634175838,96.6349320643428,961236.5629823587
2018-11-13 00:00:00+00:00,96.70131578535918,96.71312262644777,93.52727443452332,93.68908400976348,1032345.8495109372
2018-11-14 00:00:00+00:00,93.85049436344097,96.13257129833187,93.62487265376303,96.1202901577481,1282921.9162208503
2018-11-15 00:00:00+00:00,96.13672243580439,99.15858304755554,95.86522473436821,98.82578757894956,1019409.162950318
2018-11-16 00:00:00+00:00,98.81461627526998,98.92978400710881,96.78767281664067,97.19462411344017,993236.9460723983
2018-11-17 00:00:00+00:00,97.34126355012158,101.68338549780027,97.06417992547871,101.66680765136749,901307.8105249348
2018-11-18 00:00:00+00:00,101.76517541340307,103.75947298137623,101.5028999586754,103.75275161318756,1152826.6367208986
2018-11-19 00:00:00+00:00,103.71944907153538,106.06365071866429,103.68836897883982,105.82993939782608,884089.8413823431
2018-11-20 00:00:00+00:00,105.83048827937336,106.05665465426922,105.72387441326453,105.9316319278398,1042712.0916848122
2018-11-21 00:00:00+00:00,105.95232894711275,105.98205573516202,105.42821679850043,105.51460517841613,952644.4678691619
2018-11-22 00:00:00+00:00,105.55278172841457,105.78273017761629,105.1086079156577,105.11565335342961,981066.3737421978
2018-11-23 00:00:00+00:00,104.97305347375897,106.28302781673005,104.92929695504235,105.982270048677,857606.7731389941
2018-11-24 00:00:00+00:00,105.81879402842704,109.12349601637939,105.62405478086274,109.03790149551962,1134312.7221733895
2018-11-25 00:00:00+00:00,108.94114234971241,109.63272027841354,108.89017097725095,109.47780408484277,972220.2694081723
2018-11-26 00:00:00+00:00,109.37218663858566,109.39722302808616,107.37747381748497,107.54323511467014,878491.0341106966
2018-11-27 00:00:00+00:00,107.47399619736304,109.48639308425675,107.21282374085835,109.37490707452444,1125269.0597040092
2018-11-28 00:00:00+00:00,109.44432849202227,111.50905765206284,109.26542823113391,111.45317081644973,949586.3186962696
2018-11-29 00:00:00+00:00,111.43434312633399,113.087976727084,111.17804979072126,112.96722140496907,1033460.7291730721
2018-11-30 00:00:00+00:00,112.98940755779599,114.86015795951664,112.89446144844763,114.71005441926792,1084141.6382134366
2018-12-01 00:00:00+00:00,114.56961450847626,114.64728397673449,114.03709520520376,114.13581695850314,1047403.433057432
2018-12-02 00:00:00+00:00,114.08312704853023,114.16482295218114,112.05254162005922,112.07959995647296,780336.4449500964
2018-12-03 00:00:00+00:00,112.14541956027271,112.24719326336009,109.75920906707869,110.19433227577125,1069535.6700977788
2018-12-04 00:00:00+00:00,110.25989266463586,110.55452071604732,106.21926464666545,106.69093524536488,989938.6237334872
2018-12-05 00:00:00+00:00,106.6136297859812,107.2572806660075,106.5135534979505,107.2406282176036,967097.1303196667
2018-12-06 00:00:00+00:00,107.25796499347811,107.29684030798599,107.10325350385807,107.10462877838572,989092.5051024779
2018-12-07 00:00:00+00:00,107.34013556147308,107.4091871161658,106.03548146229573,106.20874410763408,838996.7206058918
2018-12-08 00:00:00+00:00,106.20687505366894,106.2490966786857,100.00899251813128,100.15250408673668,1019217.0914661803
2018-12-09 00:00:00+00:00,100.08307967828028,100.23280441840214,97.69180514676367,97.72405247165887,863560.8626290689
2018-12-10 00:00:00+00:00,97.70707170680323,100.11972063632322,97.67333320386369,99.97943639536511,971416.0290443369
2018-12-11 00:00:00+00:00,99.9886522106242,100.09918536631092,98.55184570033342,98.69872306270406,1015626.4431538212
2018-12-12 00:00:00+00:00,98.68380293656246,99.50073858458912,98.562682388265,99.45286788573875,1107403.7087987615
2018-12-13 00:00:00+00:00,99.44974957083478,99.56252525586766,96.39991342701377,96.76352677336058,918038.6840140285
2018-12-14 00:00:00+00:00,96.62385377057926,99.83610567358227,96.47373384215292,99.62809901183492,1145158.7371845988
2018-12-15 00:00:00+00:00,99.53219396755125,99.65027030463422,99.37666645890621,99.3812724716577,1094685.3253515149
2018-12-16 00:00:00+00:00,99.36643134577267,100.0033612118707,99.26963611268611,99.99943121519672,957059.0257509464
2018-12-17 00:00:00+00:00,99.98290451219638,104.96756849890113,99.936405822844,104.80275858972115,889125.0733597396
2018-12-18 00:00:00+00:00,104.74342039183192,108.09397544731729,104.71007087558334,108.0732130399976,855618.3817769578
2018-12-19 00:00:00+00:00,108.05408261299858,108.2627256842673,107.17677823178829,107.45558329637832,1027175.3851533139
2018-12-20 00:00:00+00:00,107.4621396832566,107.81912716803505,105.54371116722271,106.23070378226748,926271.5850459187
2018-12-21 00:00:00+00:00,106.3251867997075,106.49943381743905,105.32592150163319,105.58351800789116,1119935.6805281716
2018-12-22 00:00:00+00:00,105.57304288385832,106.80968692160805,105.45367655698415,106.70843883993932,932047.617017173
2018-12-23 00:00:00+00:00,106.75102651991273,106.92973492333944,106.39253390063429,106.52671107350426,909932.9019948028
2018-12-24 00:00:00+00:00,106.46901617467609,106.70193783263493,105.58785055734059,105.73023305664277,1023362.6351244313
2018-12-25 00:00:00+00:00,105.79072087082955,109.01442558084432,105.59497403133142,108.92226950394543,931395.3142840576
2018-12-26 00:00:00+00:00,108.96319490068277,109.26282357455304,108.44309040766547,108.71723162612545,1000854.9993368803
2018-12-27 00:00:00+00:00,108.811360853806,113.97144231490778,108.79758948582294,113.8796385037444,1098598.9330058522
2018-12-28 00:00:00+00:00,113.9608871232943,114.18134991511965,113.77679297341413,114.13214449467016,1011722.9331668725
2018-12-29 00:00:00+00:00,114.19933815384998,118.5819493633812,113.831203279068,118.32834052883732,1012096.4460702724
2018-12-30 00:00:00+00:00,118.3166949601917,119.65636950586104,118.14610645398226,119.22466992283039,1020514.6708908419
2018-12-31 00:00:00+00:00,119.25387272132592,122.07003379054801,119.11729085329074,121.59172389262383,830690.1009714607
2019-01-01 00:00:00+00:00,121.72103777660944,122.316034627068,119.88023891329158,119.89024342159446,1039183.774993049
2019-01-02 00:00:00+00:00,119.81206604273973,120.46056982435738,117.57364875525046,117.90762768075378,1015993.1576725895
2019-01-03 00:00:00+00:00,117.8335336103515,119.06750583396718,117.50092078167857,119.04429142837043,1089289.732698342
2019-01-04 00:00:00+00:00,119.0658898005823,121.6445839759923,118.50576457906452,121.46992309465165,1060581.0801137118
2019-01-05 00:00:00+00:00,121.52036708669097,121.68079956943907,121.14657227405272,121.61639839109293,979805.1368394486
2019-01-06 00:00:00+00:00,121.51617352676175,121.61785463220265,118.09358036809351,118.57479571495804,1103239.289151069
2019-01-07 00:00:00+00:00,118.56593075927418,118.7584247054012,115.42499777326104,115.43859939076381,970736.930238728
2019-01-08 00:00:00+00:00,115.4277483039224,115.45373568569859,111.98047859091093,112.23513088349821,1024715.7104077705
2019-01-09 00:00:00+00:00,111.98649862977985,112.19051724876957,108.37160378304165,108.38000446112581,968885.0569520644
2019-01-10 00:00:00+00:00,108.3562048635903,108.6984603191429,108.34022733399037,108.66104068151041,1046175.7804923211
2019-01-11 00:00:00+00:00,108.64394636207534,111.29265193534648,108.60140699607679,111.17818637966185,962351.0217362238
2019-01-12 00:00:00+00:00,111.16036530098933,111.45607040445971,110.97307986484417,111.19282776102919,1164755.1608941567
2019-01-13 00:00:00+00:00,111.35026727308666,111.71688439560819,106.22844314084013,106.3204435289157,1201736.2737225639
2019-01-14 00:00:00+00:00,106.19117931457653,106.6144027307592,105.89070752420646,105.95795630848959,1087393.8254186003
2019-01-15 00:00:00+00:00,105.8705809861189,106.00660915776234,105.42255709712263,105.6557742299426,1154129.6649414029
2019-01-16 00:00:00+00:00,105.37978066043097,110.25336552357146,105.34176548361364,110.22308658323207,846078.5519140953
2019-01-17 00:00:00+00:00,110.17007846389704,110.2577287660418,106.89344052662157,107.10006813605415,857862.2256725006
2019-01-18 00:00:00+00:00,107.05769468444966,107.17504869661751,105.95017441385743,106.30901209680106,967843.9433368788
2019-01-19 00:00:00+00:00,106.25479692699304,110.43271531275148,106.2182220216175,110.04255066289863,1004123.0965258878
2019-01-20 00:00:00+00:00,110.16444230264692,111.21061963673054,109.88479987510264,111.08177947050164,980179.2581900334
2019-01-21 00:00:00+00:00,111.17737839632632,112.72656101945793,110.87720795659973,112.38527724333214,835786.4750367047
2019-01-22 00:00:00+00:00,112.39402719287419,113.00013965046207,112.2754610905795,112.68819092046162,1115159.1706323647
2019-01-23 00:00:00+00:00,112.6464272059267,113.57019619062173,112.2459308436447,113.4796474265423,1215419.8233356937
2019-01-24 00:00:00+00:00,113.59609906827184,115.36626913678377,113.27525975045451,115.30441219397758,1128098.7679172622
2019-01-25 00:00:00+00:00,115.30213402556299,115.69922333769648,113.46183029988809,113.49808530753036,1108552.3268786473
2019-01-26 00:00:00+00:00,113.4052132248486,115.74441942422543,113.39526925900914,115.5550614434776,1022611.9605145602
2019-01-27 00:00:00+00:00,115.35674022209858,115.6073690188855,112.23730249743207,112.470062878228,915700.2629272863
2019-01-28 00:00:00+00:00,112.42042820935048,113.59467043757799,112.24856608761799,113.25641846435082,1007252.8052635967
2019-01-29 00:00:00+00:00,113.34188669764876,114.12152724359312,113.34122819633944,113.70748812474054,1210558.8036841503
2019-01-30 00:00:00+00:00,113.96634762074727,114.02293271754334,112.20530345441196,112.35948238169631,964801.1887492944
2019-01-31 00:00:00+00:00,112.36640488830352,112.46505644319974,112.3085462334018,112.35344822081876,954504.2752176059
2019-02-01 00:00:00+00:00,112.26745788958017,112.54407305533522,110.63402032854363,111.00762435997531,1110730.3659103913
2019-02-02 00:00:00+00:00,110.87608418725445,111.01438576501504,108.34156179415969,108.6970723371856,1117368.6050745596
2019-02-03 00:00:00+00:00,108.75706821847619,108.86543211323895,107.73232516669547,107.97422762140071,915209.8194225196
2019-02-04 00:00:00+00:00,107.78369456609619,108.0180670457433,105.58470204886456,105.65856314661697,973851.5386762577
2019-02-05 00:00:00+00:00,105.71671181926618,106.44700383214295,105.7160229011314,106.38544177105271,949809.4504098565
2019-02-06 00:00:00+00:00,106.4724343815263,106.57161303005283,103.78971384065785,104.00791813982244,1006968.937906109
2019-02-07 00:00:00+00:00,104.05329465748036,105.61038192286607,103.86183870714119,105.54174614053203,1110368.6670951494
2019-02-08 00:00:00+00:00,105.51856266411548,105.71898038078784,102.99979465949576,103.11831221508521,919597.2478871909
2019-02-09 00:00:00+00:00,103.17656794178065,103.3386186261542,101.97455546617249,101.99778455431307,1108966.4812236936
2019-02-10 00:00:00+00:00,102.01521988946348,102.3692173951339,100.581782573702,100.77184738658818,1010165.1248921308
2019-02-11 00:00:00+00:00,100.69343440954833,103.79404231726477,100.61583850421147,103.51970275860974,1232619.2136314278
2019-02-12 00:00:00+00:00,103.71125689220287,104.58429645313757,103.69756454662607,104.24748735917196,1031883.0884370874
2019-02-13 00:00:00+00:00,104.21082566749152,104.42268848990885,103.71783133724779,103.84849750337285,990308.1430370734
2019-02-14 00:00:00+00:00,103.92905821420936,104.93168271104136,103.92032836306387,104.93147007108217,1057471.4727115992
2019-02-15 00:00:00+00:00,104.67768131886399,104.78030650396478,100.61531974389293,100.64139198058197,966285.376211279
2019-02-16 00:00:00+00:00,100.76985778704771,100.83913276574411,100.56391836460935,100.59483881757076,820472.6876648174
2019-02-17 00:00:00+00:00,100.74258886972538,104.90473655169109,100.65945746558153,104.73687324910823,975947.8825728903
2019-02-18 00:00:00+00:00,104.73999794668906,105.37161892051685,104.46663733212056,105.0564858551005,974370.6390930775
2019-02-19 00:00:00+00:00,105.11518837640766,105.49195020390516,105.099470414856,105.24136531312809,840768.2539450187
2019-02-20 00:00:00+00:00,105.30014421338859,106.53018604530084,105.13109233475853,106.44399699285616,992696.4810205507
2019-02-21 00:00:00+00:00,106.37557654050225,108.45111781775591,106.15850039738913,108.41116717031971,793288.9775390603
2019-02-22 00:00:00+00:00,108.47048133803732,108.64014606483859,104.15709126424966,104.20725660508808,965231.316484452
2019-02-23 00:00:00+00:00,104.12299144221538,104.32947781163686,100.65170649117388,100.7996857811891,1024359.5992044671
2019-02-24 00:00:00+00:00,100.73832327456851,101.49718275758322,100.70092648748472,101.26502238382879,1009699.6177138233
2019-02-25 00:00:00+00:00,101.3791423064515,101.46786391956799,99.7613350524794,99.86742265930789,958893.0527113182
2019-02-26 00:00:00+00:00,99.96475921085319,102.6148977982757,99.85053026865153,102.5636968457349,991446.9598051928
2019-02-27 00:00:00+00:00,102.49124836287663,102.88313700760064,101.83034199680567,101.95999703345888,921593.5562522169
2019-02-28 00:00:00+00:00,101.8852015916517,101.89464710431561,97.65930466279815,98.12968652226326,1001081.6519422533
2019-03-01 00:00:00+00:00,98.06633433004424,98.36367638347788,95.55802498539917,95.71065764039058,1005808.6406591771
2019-03-02 00:00:00+00:00,95.78077905511036,95.9956940875633,90.28587850270485,90.62554590799135,909975.0022098491
2019-03-03 00:00:00+00:00,90.53492174133072,90.64088093047594,89.98282295594954,90.23827088042464,1026769.9200509097
2019-03-04 00:00:00+00:00,90.27046001217244,90.52265273237144,89.84238728568499,89.93488816572922,1026145.2655080454
2019-03-05 00:00:00+00:00,90.00205575012053,90.0848270958766,88.82312164374586,89.2103165673083,983379.0086418929
2019-03-06 00:00:00+00:00,89.20244416275203,91.61531196403277,88.90318434915365,91.19264713068904,1242104.7036286818
2019-03-07 00:00:00+00:00,91.28475751297675,93.64982066914754,91.1557743860291,93.44234985057881,985929.7613315692
2019-03-08 00:00:00+00:00,93.41391439325825,93.4538184742706,93.09528694304265,93.16171914486266,972076.5754626982
2019-03-09 00:00:00+00:00,93.1417959894253,93.4829371911345,88.9710928752252,89.30370935741398,957760.6890792267
2019-03-10 00:00:00+00:00,89.21643764401836,90.76163158229116,89.18846683429068,90.44922619860696,902906.07769236
2019-03-11 00:00:00+00:00,90.54122910260597,91.66406895125088,90.44177471992593,91.49605543541203,1068589.7359843403
2019-03-12 00:00:00+00:00,91.42592183810288,92.11931972207354,91.27659234477615,92.10080583234581,931375.3031980549
2019-03-13 00:00:00+00:00,92.13302009861481,94.02636011534463,92.10449514621487,93.9641463541649,943205.1853002247
2019-03-14 00:00:00+00:00,93.95744520079607,94.21485918542876,91.75060323024164,91.83713401638968,946175.8440461402
2019-03-15 00:00:00+00:00,91.74044943713251,95.75402082084959,91.58094957504716,95.64006608251674,901505.648415149
2019-03-16 00:00:00+00:00,95.5818114175904,95.71106428959865,93.49648609301494,93.85990314698508,824891.6667455278
2019-03-17 00:00:00+00:00,93.9896994014061,95.65535066775124,93.97559879933016,95.31505157074174,953706.0132840807
2019-03-18 00:00:00+00:00,95.33427256981757,95.52647604686481,92.0269106413547,92.18899682364713,1087333.531271229
2019-03-19 00:00:00+00:00,92.09596426603228,92.20535499201883,90.45168872652984,90.52585399300729,1019697.9805465245
2019-03-20 00:00:00+00:00,90.55349409696774,93.53807519161172,90.49832412361155,93.35065273673436,1156057.5270188125
2019-03-21 00:00:00+00:00,93.33701289651101,93.5924747016699,92.69437115677225,92.9019713628837,1075095.6304989182
2019-03-22 00:00:00+00:00,93.22285908283105,94.79203951593448,93.19223870367105,94.51356016029207,1052396.4810274045
2019-03-23 00:00:00+00:00,94.54050822962392,95.14837967691459,94.50035910594983,95.00052574465985,1188264.9022652716
2019-03-24 00:00:00+00:00,94.96436618407706,95.24550436670427,94.71394230355985,94.8392414179279,990285.4404996788
2019-03-25 00:00:00+00:00,94.97391578844311,97.60315924262372,94.8845315651256,97.50076938668875,1006307.5673504953
2019-03-26 00:00:00+00:00,97.32126694390898,97.38548007671932,97.04918783516858,97.07919538165086,998853.5578339862
2019-03-27 00:00:00+00:00,97.0883519065406,97.14793858397825,93.57614380264968,93.72006718173371,1154378.673118355
2019-03-28 00:00:00+00:00,93.9069851542444,94.03106875711062,92.26209076942304,92.263399890251,1000251.5316459091
2019-03-29 00:00:00+00:00,92.25267894921114,93.32633263967413,92.20135387207168,93.32344506990255,935172.2625922896
2019-03-30 00:00:00+00:00,93.16168744507273,94.17169883217254,93.04779121975501,94.10221125786653,1058767.5537962853
2019-03-31 00:00:00+00:00,94.06495450193877,94.19589381911716,90.94506381918329,91.23516284941331,918374.0188942972
2019-04-01 00:00:00+00:00,91.36786603974762,91.39417488852517,89.88424762617886,89.95895672662864,1053347.1512613925
2019-04-02 00:00:00+00:00,89.99278755517027,90.13647629945216,88.88588761292613,88.95397516179584,1041384.0934141836
2019-04-03 00:00:00+00:00,88.87935557626594,88.9859800107866,88.31570467252979,88.34147572394735,981059.7332193503
2019-04-04 00:00:00+00:00,88.28094036313193,88.29223779082922,85.80143123545342,85.97799911707925,1056581.1572086827
2019-04-05 00:00:00+00:00,85.9298772076605,86.01390116221238,84.8640099328565,84.93820712726423,851221.0069691648
2019-04-06 00:00:00+00:00,84.96888662795395,85.04601456165291,83.68932642416631,83.74293487433991,1016296.2121324985
2019-04-07 00:00:00+00:00,83.85499934594968,85.28493236098555,83.64589954094963,85.07919023798205,953723.4615333268
2019-04-08 00:00:00+00:00,85.16872953569882,86.8019459077457,85.10274863140243,86.50177196325612,1286226.357728452
2019-04-09 00:00:00+00:00,86.5412178250454,86.80890909502459,86.19713605105692,86.28438901730559,1015582.5069640208
2019-04-10 00:00:00+00:00,86.16948886279593,86.32179945954907,85.58385945547782,85.64474716119335,940360.7950216562
2019-04-11 00:00:00+00:00,85.53101671678526,85.9857599654206,85.43373034122956,85.91911926036636,862169.8263946917
2019-04-12 00:00:00+00:00,85.96493580437286,86.01656943494024,84.06069646265532,84.56114463751709,1130540.6196794265
2019-04-13 00:00:00+00:00,84.44737006139918,84.68083789613848,82.5671686074469,82.67673432090278,964996.7280476223
2019-04-14 00:00:00+00:00,82.65808517623034,82.71657900299665,80.83320835671266,81.16903337413318,920864.793292458
2019-04-15 00:00:00+00:00,81.19372097185042,81.2964401284789,79.92051308558244,80.17706879699459,1033629.9214009059
2019-04-16 00:00:00+00:00,80.08585984496534,80.38573889262516,78.24526475473061,78.36426914490528,1064971.8831405654
2019-04-17 00:00:00+00:00,78.28400357566059,78.65762826075463,78.07475784107174,78.65012854917892,1063395.293320953
2019-04-18 00:00:00+00:00,78.64272591535146,80.12069523122554,78.53548913604948,79.83831902014316,1001975.0423059361
2019-04-19 00:00:00+00:00,79.87852961247309,80.10193259176889,77.17691895455513,77.3748359964266,1015919.013688672
2019-04-20 00:00:00+00:00,77.45697083719449,77.53724489990273,77.32983961868356,77.4447040548192,1023203.7075680703
2019-04-21 00:00:00+00:00,77.49171712842048,77.81270062227665,77.10641167689927,77.13564302038567,1033639.6265628873
2019-04-22 00:00:00+00:00,77.14132456920308,77.69999112541544,77.10114222658471,77.69536813529831,1042488.5195901484
2019-04-23 00:00:00+00:00,77.63739225922006,77.74737105678216,77.60930767378757,77.70634141036209,1109445.2751305546
2019-04-24 00:00:00+00:00,77.62312514572425,77.80441425220205,75.37747039013041,75.50998373985693,1005641.486202585
2019-04-25 00:00:00+00:00,75.47140741922414,75.63477932648144,73.59831942068854,73.65684635023617,918319.6734169639
2019-04-26 00:00:00+00:00,73.68704091263257,73.84325265016935,73.58729691058328,73.72969004052015,985570.8296895965
2019-04-27 00:00:00+00:00,73.75450920207008,75.3068263105022,73.72881209156415,75.29254955419013,1075378.0818734998
2019-04-28 00:00:00+00:00,75.13444257987098,75.31994986118258,71.7743407108073,72.05987992409783,821347.2041615155
2019-04-29 00:00:00+00:00,72.00326413178175,72.81492311077858,71.96708770498121,72.58889658852716,821924.7804628038
2019-04-30 00:00:00+00:00,72.6763304626308,74.53818302308507,72.54997169862342,74.36641366557761,1091827.6121392325
2019-05-01 00:00:00+00:00,74.37230460459115,74.37700266576984,74.08873821279975,74.16882348143889,1152012.2816851328
2019-05-02 00:00:00+00:00,74.06372559749133,75.19265707649225,74.02323381160853,75.01948974801037,873479.9964980526
2019-05-03 00:00:00+00:00,75.19622225099143,75.42721106665486,73.98550088589295,74.0015886684682,1010045.9270832896
2019-05-04 00:00:00+00:00,73.99944693429809,74.05360442513249,73.72211659639336,73.85466957261524,960045.4887082985
2019-05-05 00:00:00+00:00,73.88305443018587,74.04636624900712,71.42462149444914,71.52742675414639,973916.9887758377
2019-05-06 00:00:00+00:00,71.55600373187087,71.80818397802383,68.24240696813798,68.27844343996316,1030553.1008756415
2019-05-07 00:00:00+00:00,68.25334459371815,69.69583176105927,68.1586413682733,69.60590578483749,870712.977098925
2019-05-08 00:00:00+00:00,69.5552623596891,69.75761783219106,68.22275111912015,68.27539948206545,889278.2499507599
2019-05-09 00:00:00+00:00,68.42025768924194,68.50548481350019,67.67419475094115,67.6832653828346,969874.8827078774
2019-05-10 00:00:00+00:00,67.75116563194156,67.8520347507708,65.81800377493649,65.85860638439837,985462.440210584
2019-05-11 00:00:00+00:00,65.91273802299888,65.96222532832266,63.709823597624506,64.05299082350999,887404.4894315829
2019-05-12 00:00:00+00:00,64.0899038698188,64.1354965791524,63.65966240022316,63.85621839306942,1078964.7674789184
2019-05-13 00:00:00+00:00,63.79215033867292,63.88443648536502,62.8357110369637,62.95640007502746,958243.9026888967
2019-05-14 00:00:00+00:00,63.03682877688659,63.46776721454174,62.92806869567914,63.4594960223263,957818.2393933154
2019-05-15 00:00:00+00:00,63.40599124876891,64.3081937805133,63.389354088670544,64.06207997633115,1028265.8790229901
2019-05-16 00:00:00+00:00,64.08022791785051,64.54523753867403,63.75103657055002,64.50028263761801,987109.17239325
2019-05-17 00:00:00+00:00,64.3945415253623,64.88459205986243,64.27059890496247,64.83474329205848,1083747.6812905814
2019-05-18 00:00:00+00:00,64.70242473238142,67.14961225220058,64.60875210045184,66.94001940622516,906657.7462199334
2019-05-19 00:00:00+00:00,66.9613258255076,67.1649024682126,65.54979496054473,65.55209108473072,860261.3402936526
2019-05-20 00:00:00+00:00,65.49905293587098,65.5688260978525,65.38806911915886,65.50630601092028,969021.2436201392
2019-05-21 00:00:00+00:00,65.37600299128789,67.17486014425059,65.26041085000081,67.03401716281469,1006023.6172935013
2019-05-22 00:00:00+00:00,67.07025638951362,68.7954312049753,66.9985543368646,68.77848689625985,875924.405590248
2019-05-23 00:00:00+00:00,68.92430284379058,69.00860820652599,66.78956508974494,66.87704154950102,861224.6438299741
2019-05-24 00:00:00+00:00,66.96997122864961,67.05984659453839,66.3103972215289,66.48714520314577,1018229.7782337986
2019-05-25 00:00:00+00:00,66.47003687154475,68.40702453248227,66.22983655840703,68.3451802993249,924221.9432685039
2019-05-26 00:00:00+00:00,68.3457848334059,69.22167662508028,68.31448451720269,69.07083883817853,854748.828299308
2019-05-27 00:00:00+00:00,69.13215345397649,69.47414765528858,68.91528480487052,69.36884784419581,1096534.1292314064
2019-05-28 00:00:00+00:00,69.44668857206544,69.55473848308105,68.88531615429363,69.09512611831171,936820.5327072907
2019-05-29 00:00:00+00:00,69.0713894744933,69.12529351819008,68.38434190333798,68.59421323701346,1114981.1603865358
2019-05-30 00:00:00+00:00,68.59655763053384,69.06661191079681,68.45419416118736,69.01836007806314,1002847.0791109428
2019-05-31 00:00:00+00:00,69.03910801904121,69.10289918862837,68.64151266984341,68.69834267109924,1029475.8862055304
2019-06-01 00:00:00+00:00,68.73639305634717,68.74326339282878,68.58679930687029,68.66732739753633,978850.0253903148
2019-06-02 00:00:00+00:00,68.65818939392385,68.95075521536818,68.4496898563066,68.80287119071423,734483.7755454304
2019-06-03 00:00:00+00:00,68.79460898106585,68.82867015299024,67.62621961570564,67.90326004941133,886321.3508946296
2019-06-04 00:00:00+00:00,67.99695516292323,68.66331066829906,67.860739065317,68.65724303845073,987429.0540281276
2019-06-05 00:00:00+00:00,68.74028539527839,72.88561178745978,68.71330375988167,72.80695791330363,1036472.9137292706
2019-06-06 00:00:00+00:00,72.84171672483117,72.84973338791067,70.26356045640492,70.29296998347809,821032.5977611878
2019-06-07 00:00:00+00:00,70.41381126573555,70.79724001560558,70.31378011660175,70.77827080539888,994639.8292139539
2019-06-08 00:00:00+00:00,70.75091884258842,70.83813449829566,69.67371354660906,69.73820080409816,887773.5912785969
2019-06-09 00:00:00+00:00,69.85138405235838,70.59460871990801,69.73587765871551,70.57643407764418,1023462.0165089654
2019-06-10 00:00:00+00:00,70.61472288308096,70.8125700223383,70.5687064857459,70.67044441724298,998059.9214300176
2019-06-11 00:00:00+00:00,70.9016092870003,72.12098342818217,70.86943095555742,71.78421024090653,1074350.1602429573
2019-06-12 00:00:00+00:00,71.6986088675659,73.67699947201199,71.59121015932791,73.52126398679098,1106682.2930187518
2019-06-13 00:00:00+00:00,73.47058245252468,73.87460521708144,73.29890786937126,73.83427780495724,1045898.9899274029
2019-06-14 00:00:00+00:00,73.86519944014871,75.73236567271701,73.56706316261464,75.55524710896678,1086039.3588970574
2019-06-15 00:00:00+00:00,75.5852602259997,75.8844648530059,72.01386427879599,72.12337401359328,964965.7524076161
2019-06-16 00:00:00+00:00,72.26402461692741,74.86522874352576,72.26276008368221,74.4842152074765,1282311.7411267147
2019-06-17 00:00:00+00:00,74.43443184372639,75.1350178455742,74.2617455339498,75.07506424135046,878118.090350512
2019-06-18 00:00:00+00:00,75.14300105727459,76.95329435970048,74.94790592930615,76.74170762679428,947224.4222090679
2019-06-19 00:00:00+00:00,76.83091702282655,76.86727426165862,74.79099080396256,74.92201868717358,1090135.8582746892
2019-06-20 00:00:00+00:00,74.97481232522708,75.00565046129115,73.57383732728908,73.71692530237063,1075272.1304860993
2019-06-21 00:00:00+00:00,73.64608360681713,74.09813229442624,73.58506679194589,73.96198093526861,1048738.9019142347
2019-06-22 00:00:00+00:00,74.06610156518427,74.2347151169189,73.82154177166035,73.96636273650815,1067531.8657993106
2019-06-23 00:00:00+00:00,74.05729143029885,74.47553976254814,73.95426997356118,74.41606187880822,791644.284539396
2019-06-24 00:00:00+00:00,74.46068059753452,76.08041600358243,74.34407757004989,76.07822651891207,1158929.8694537836
2019-06-25 00:00:00+00:00,76.09377292854816,76.14665951758937,73.33723568931131,73.46857038229022,979610.9041133386
2019-06-26 00:00:00+00:00,73.48518221454016,75.02137600320556,73.42742743737156,74.94346897707265,1124589.4182270851
2019-06-27 00:00:00+00:00,74.93756824366957,75.1933030458349,74.78876638121503,74.98587185711735,796647.3421032045
2019-06-28 00:00:00+00:00,75.03392168908236,75.04945500872319,74.67864979330966,74.71075691645714,1025656.8503481192
2019-06-29 00:00:00+00:00,74.71308302488714,74.97819227241898,72.55917092674201,72.57364059096749,943649.7720855152
2019-06-30 00:00:00+00:00,72.51206004437378,73.45274550834746,72.30423398756129,73.33681633329344,1057212.0151581303
2019-07-01 00:00:00+00:00,73.25991596042809,73.3687548974246,69.7482661633183,69.90803516972008,1031707.0452468846
2019-07-02 00:00:00+00:00,69.85546179285085,70.85728651206446,69.67685395940677,70.84883162779903,1036604.7797499178
2019-07-03 00:00:00+00:00,70.86456943765053,70.91102008813762,68.6134949226327,68.7933001395684,894105.8311768508
2019-07-04 00:00:00+00:00,68.791445758622,68.98156868910681,68.71844935000914,68.89444266316903,994303.087918139
2019-07-05 00:00:00+00:00,68.90927865378863,68.95051031107523,68.63944795304526,68.75793444598511,981983.295207066
2019-07-06 00:00:00+00:00,68.79236932259117,70.78822771149684,68.71472039747667,70.41335190739575,1049531.0041707433
2019-07-07 00:00:00+00:00,70.36918013828029,70.80024317567919,70.07442247678487,70.19027716921514,1098929.6995433467
2019-07-08 00:00:00+00:00,70.29315226266718,70.47203739197765,69.12757666316784,69.25026891808479,1015047.5922008615
2019-07-09 00:00:00+00:00,69.23172987131946,69.40207571377513,68.51645588790754,68.5795904002708,872382.7711611402
2019-07-10 00:00:00+00:00,68.54986615518607,70.64167059721018,68.51044501628701,70.37602349565414,1010757.8809566768
2019-07-11 00:00:00+00:00,70.40997192082662,71.16588960736821,70.11690199594959,71.16339486806052,1261107.6228409263
2019-07-12 00:00:00+00:00,71.03270256734969,71.21634125418673,70.46824042499549,70.64490352334042,1164600.5326987784
2019-07-13 00:00:00+00:00,70.58905629340786,70.64829234838525,70.15553073574449,70.33974776945948,702560.0437242301
2019-07-14 00:00:00+00:00,70.40875618266294,70.4103649544961,68.10494900667737,68.19651742195417,1006334.3153694844
2019-07-15 00:00:00+00:00,68.0780312970996,68.89440942345801,68.02048370223962,68.75592972469994,1093211.9525255344
2019-07-16 00:00:00+00:00,68.83276957764642,69.05972150572241,66.3252302903227,66.40462244630075,981767.298743202
2019-07-17 00:00:00+00:00,66.50496889945462,67.73964477278886,66.45857068445314,67.43759141245998,953990.9079856116
2019-07-18 00:00:00+00:00,67.41267623434267,67.70304349827855,67.19287369118196,67.63834326984788,973303.5784916512
2019-07-19 00:00:00+00:00,67.65808100198159,70.97557428027072,67.60337546748994,70.97403219245494,1055218.9485434652
2019-07-20 00:00:00+00:00,71.05345831524131,71.23748207969061,69.42079739276441,69.45724304715127,885153.002562499
2019-07-21 00:00:00+00:00,69.42482115706554,69.63954295040925,69.32488522216673,69.34250829646427,1118868.8651609372
2019-07-22 00:00:00+00:00,69.40268202769583,71.92158796148641,69.16112371269263,71.9106134223335,994400.700830193
2019-07-23 00:00:00+00:00,71.862350700778,73.7167334749654,71.65628536216292,73.6741256065465,906497.5725888452
2019-07-24 00:00:00+00:00,73.6389386751975,73.70980497361349,72.41721652281264,72.68444638892785,1112435.0161398696
2019-07-25 00:00:00+00:00,72.62634706053991,73.12552648454202,72.5993077184863,73.03996578446814,845486.9094888358
2019-07-26 00:00:00+00:00,73.06499272417346,73.09357445762336,72.85951219479932,73.07210950015694,944478.9902998416
2019-07-27 00:00:00+00:00,73.1567247415638,73.72682087361618,73.04666634099233,73.51473573492356,942832.4934714836
2019-07-28 00:00:00+00:00,73.50120072137359,73.66100514877135,72.28417219347888,72.52361722153547,1214394.1938236132
2019-07-29 00:00:00+00:00,72.43142163406878,72.44654691435629,72.32845981470308,72.42313956212563,931497.9231360557
2019-07-30 00:00:00+00:00,72.34472653483029,72.51239279757208,70.02736281594785,70.17308325123552,784503.4779499895
2019-07-31 00:00:00+00:00,70.20077350928224,70.41944754393077,70.17709230801509,70.39113113778878,941818.4884720858
2019-08-01 00:00:00+00:00,70.52094057807736,71.07531239852669,70.36096847450342,71.05595679728037,1045555.0347404778
2019-08-02 00:00:00+00:00,71.08393330382167,71.2562858862532,70.66669340712043,70.7617996616573,1078408.4546583602
2019-08-03 00:00:00+00:00,70.73442216545034,70.84190410639556,68.50330095826676,68.5400526407329,1227653.9693442772
2019-08-04 00:00:00+00:00,68.5925669301533,70.05909283181087,68.4137644073029,69.93658631871904,1140689.7570985882
2019-08-05 00:00:00+00:00,69.91983660171812,70.54506985841542,69.86552887051616,70.47650715868158,1018792.2593915153
2019-08-06 00:00:00+00:00,70.449846937852,70.44999448605046,69.13062123819488,69.48835055018981,910858.4532425222
2019-08-07 00:00:00+00:00,69.42174880786523,69.43857999752426,69.0195662787607,69.12711883532351,1162402.7431347359
2019-08-08 00:00:00+00:00,69.2244808459532,69.46068819587208,67.07451211047535,67.11004425072828,963143.6449673768
2019-08-09 00:00:00+00:00,66.93963789502335,66.97053801714299,65.69359262379201,65.77405903379618,934184.2763785395
2019-08-10 00:00:00+00:00,65.826537471936,65.93123197550874,65.09085242762426,65.09640298903314,958292.619784593
2019-08-11 00:00:00+00:00,65.06621486167815,66.79272051265086,65.04929104130784,66.7422182732883,874771.1761103191
2019-08-12 00:00:00+00:00,66.71483122262333,66.74481710472874,65.86512902701716,65.92037949527722,953497.9908829024
2019-08-13 00:00:00+00:00,66.03193755259412,66.81827861273524,65.96193588116545,66.79658227446127,976689.1670021585
2019-08-14 00:00:00+00:00,66.74888075820638,66.76569619399105,65.9816634032311,66.10772389006428,1073065.6605812118
2019-08-15 00:00:00+00:00,66.06276606620362,66.59992509404844,65.93613858465719,66.46294290804636,961191.1664898981
2019-08-16 00:00:00+00:00,66.4542765231895,66.45910723389491,66.2526833641467,66.30177259416418,873254.0758161484
2019-08-17 00:00:00+00:00,66.32921140942699,67.63082954130228,66.17418123755887,67.49663635077837,839622.78447433
2019-08-18 00:00:00+00:00,67.46681257172146,67.60865155294981,66.7078368191201,66.80524116590328,1020956.9747523115
2019-08-19 00:00:00+00:00,66.70009914048772,66.75005509879777,64.76092494713295,64.76277465129805,1007262.5853469224
2019-08-20 00:00:00+00:00,64.70670963509356,64.8855112688948,62.79211291940627,63.02251177994482,944568.7288786833
2019-08-21 00:00:00+00:00,63.1032646580079,63.22207320674003,62.366945800489944,62.38060704433658,953254.3539507929
2019-08-22 00:00:00+00:00,62.38527166583568,62.39679524948398,60.66077374575432,60.86590971035621,1038848.693279917
2019-08-23 00:00:00+00:00,60.89336554823762,61.49626483950703,60.80892325561518,61.39187414170372,1139054.6253689346
2019-08-24 00:00:00+00:00,61.37582500385498,61.3871507585115,60.816708842876096,60.84697587245819,921985.5415856012
2019-08-25 00:00:00+00:00,60.80684743205119,63.98563204719887,60.58173024097718,63.83197568788859,1008890.2836215432
2019-08-26 00:00:00+00:00,63.93905826022778,64.07121972222325,61.54416424113639,61.67631349481749,1095827.0404005323
2019-08-27 00:00:00+00:00,61.66470651484484,62.13370741319193,61.53389193064628,61.95278872502148,922388.570980275
2019-08-28 00:00:00+00:00,61.9253207245481,62.05744201740416,60.350177804002826,60.59507155729914,998436.7885436695
2019-08-29 00:00:00+00:00,60.661492382425436,60.8261686294498,59.93341473093602,60.02406322208947,996200.4396912334
2019-08-30 00:00:00+00:00,59.98070421823968,60.306451482943196,59.834200316178986,60.21815741279243,868870.476495648
2019-08-31 00:00:00+00:00,60.182344027987355,60.23846106943916,57.2947122954725,57.50468929832447,1016849.8794765624
2019-09-01 00:00:00+00:00,57.5052785307052,57.89750113895296,57.50409223599549,57.8008233177225,1003154.4678604432
2019-09-02 00:00:00+00:00,57.800838929961174,60.158279707745486,57.69293415005159,60.06703382934291,1055508.4249596058
2019-09-03 00:00:00+00:00,60.08262791295989,60.205927319100184,59.514630836401615,59.548577207006424,881311.3525339288
2019-09-04 00:00:00+00:00,59.6731331252678,59.887452737470966,59.6516904813749,59.882754584728914,1000997.0385261225
2019-09-05 00:00:00+00:00,59.90289005594479,61.15384211437068,59.89898115006038,61.14737867625449,1138173.4063655809
2019-09-06 00:00:00+00:00,61.0019669100816,61.285968318293214,60.83664936568096,60.971584276318204,1207749.9831912287
2019-09-07 00:00:00+00:00,60.99147923984692,61.06838038157515,60.253778043538276,60.29135460083182,1128012.9268971607
2019-09-08 00:00:00+00:00,60.29363843701187,60.365135117547524,57.509898769824716,57.631770813305515,882292.8494349758
2019-09-09 00:00:00+00:00,57.63427491515076,58.478722308133825,57.44725006337438,58.39871035611785,1045105.2682043627
2019-09-10 00:00:00+00:00,58.41307336180214,58.66286804621171,58.2558569509785,58.28999337797226,951685.3425038885
2019-09-11 00:00:00+00:00,58.2883217207736,58.47829922623347,57.09207445716006,57.14413506412653,1028390.0593129923
2019-09-12 00:00:00+00:00,57.14112859157497,57.408492294068765,56.81776633892226,57.31192376088154,922778.3294223077
2019-09-13 00:00:00+00:00,57.34705850389397,57.37422926025776,56.597537868404615,56.66944000754888,828652.65581477
2019-09-14 00:00:00+00:00,56.638720592333016,56.6859672794519,56.084782563675944,56.096115397058014,965548.2761300167
2019-09-15 00:00:00+00:00,56.04295387501379,56.84098776307782,56.031753617086046,56.80318448283156,1072260.2696610016
2019-09-16 00:00:00+00:00,56.97494489852063,57.12356202145473,55.28041942511153,55.32499196849937,1028799.9755473811
2019-09-17 00:00:00+00:00,55.285387161171585,56.677370616421896,55.22178487918408,56.51867115540742,1040294.7859914353
2019-09-18 00:00:00+00:00,56.5243310997453,56.68515509863657,54.94198932506494,54.98263033303843,1021635.0322979378
2019-09-19 00:00:00+00:00,54.90039499836073,54.92237852302474,54.23012381608692,54.28040493535693,1040452.7474845711
2019-09-20 00:00:00+00:00,54.2867268880881,56.549236189098416,54.21733566410013,56.431201235933734,1052951.1759086703
2019-09-21 00:00:00+00:00,56.37853819708427,57.7445909646767,56.35248775062445,57.74110515065587,972531.8571045381
2019-09-22 00:00:00+00:00,57.71555627393644,57.990445628467235,57.60601936322907,57.87707668586021,1008289.0561419617
2019-09-23 00:00:00+00:00,57.93756197366273,58.09383993250981,56.81229871019306,56.821273537277015,1174325.837486969
2019-09-24 00:00:00+00:00,56.84809372207404,56.87424375377761,56.188740053881695,56.24546094850125,1014203.1029001139
2019-09-25 00:00:00+00:00,56.277431404218476,56.43580310757239,56.25509876640572,56.35048514096893,1004256.3496453918
2019-09-26 00:00:00+00:00,56.250676889041515,56.438508056564736,56.09774407665341,56.41535168813321,1010288.4507226399
2019-09-27 00:00:00+00:00,56.518980775153345,56.67739795610442,56.30922358571595,56.33544416433025,978209.148168378
2019-09-28 00:00:00+00:00,56.268299001287176,56.41482601102523,56.09474707363079,56.32324039650588,956464.4036279197
2019-09-29 00:00:00+00:00,56.40933389471003,56.42237003797715,55.98938807881158,56.10470872228343,1020867.8524365431
2019-09-30 00:00:00+00:00,56.16202214333136,56.18334533489783,54.311425202343116,54.531590107030425,949428.4798040849
2019-10-01 00:00:00+00:00,54.56307297946079,54.720332134301024,53.97384938624699,53.99275948126036,985448.5070522785
2019-10-02 00:00:00+00:00,53.94659649362463,55.05967752276828,53.772927973942615,55.01150993994759,920948.5293473713
2019-10-03 00:00:00+00:00,55.019849126202665,55.09971777627767,53.53531707118659,53.5478554794418,1010801.1804534318
2019-10-04 00:00:00+00:00,53.52263864780242,53.581274157291254,53.29788444481146,53.36657634137889,1058419.4944176027
2019-10-05 00:00:00+00:00,53.36812608388854,53.388675648362174,52.27267828424123,52.519764226789725,978808.5140089084
2019-10-06 00:00:00+00:00,52.50664099465573,52.667495524750116,52.46420976393767,52.65791548126675,799162.1563110685
2019-10-07 00:00:00+00:00,52.550566501512435,52.637873774812334,52.19111704200596,52.27111401406115,1059037.1544055473
2019-10-08 00:00:00+00:00,52.329750921316425,54.078126350810166,52.26406990398202,53.860198802962756,1012018.384275976
2019-10-09 00:00:00+00:00,53.855830355386665,54.4914969785957,53.855759458685874,54.430433760941824,900676.854998654
2019-10-10 00:00:00+00:00,54.404045864909435,54.44319780901352,52.975036182889106,53.04217640172438,1077327.0242323275
2019-10-11 00:00:00+00:00,53.01245542579794,53.795209366447374,52.953284301395286,53.78055327225086,860157.4799284153
2019-10-12 00:00:00+00:00,53.799831426593606,53.92890308312089,52.87054875576221,52.97493628189122,1104540.7615324468
2019-10-13 00:00:00+00:00,52.92758959681853,53.134587975340565,52.280557502954345,52.38807420572187,994263.3380352787
2019-10-14 00:00:00+00:00,52.2699299012176,52.81910011316637,52.097763992034544,52.73900709484577,773113.4924622669
2019-10-15 00:00:00+00:00,52.76047871642569,52.90636361828328,52.15826878714075,52.24375728656564,1017832.9587263237
2019-10-16 00:00:00+00:00,52.27087717759762,53.2879323803997,52.22236934496119,53.206337876261735,959380.7631909064
2019-10-17 00:00:00+00:00,53.19571619794708,53.37763482903786,52.34667522286313,52.40947109247486,944315.0708176864
2019-10-18 00:00:00+00:00,52.34931010992062,52.543091931659795,51.66701765609656,51.78540692509037,926227.4238543782
2019-10-19 00:00:00+00:00,51.790012488265425,51.88853420041152,50.854183076249974,51.130488959514686,987278.4209140127
2019-10-20 00:00:00+00:00,51.05560670342578,51.1277360373037,50.528443562277715,50.575546925573974,951481.1318832858
2019-10-21 00:00:00+00:00,50.52359417632781,51.74161594943977,50.481585958626084,51.72038657489936,814330.9756811614
2019-10-22 00:00:00+00:00,51.681560187422384,52.40021137913626,51.620723754047,52.39587957274576,1127206.7886677205
2019-10-23 00:00:00+00:00,52.440098502670935,54.27709309822946,52.36854747878661,54.240444204386925,975564.2344038194
2019-10-24 00:00:00+00:00,54.22077602536186,56.850297271838464,54.205489902321865,56.77974825170329,926806.4984121737
2019-10-25 00:00:00+00:00,56.75431850959223,56.83608423349233,55.59731761316757,55.64350596413045,887157.631745467
2019-10-26 00:00:00+00:00,55.75227190876978,55.77358111951199,55.45193763289192,55.744221748030355,1077073.206745292
2019-10-27 00:00:00+00:00,55.7638694956315,56.026536267865744,54.45655653645061,54.46998155999848,870156.8030903474
2019-10-28 00:00:00+00:00,54.48844658473298,54.676223568116995,53.631299624291564,53.65086727153769,1013398.7301857967
2019-10-29 00:00:00+00:00,53.631032505926306,53.654681064937144,52.86546469966352,53.000215739500256,941635.099812642
2019-10-30 00:00:00+00:00,52.96860791245458,53.016870835570316,51.91158099000921,51.912151027739675,947458.0339437668
2019-10-31 00:00:00+00:00,51.798649966417486,51.9496727318676,50.72416844302348,50.85178073030174,889644.0469024101
2019-11-01 00:00:00+00:00,50.90104291141568,50.9316134097061,50.69935165103914,50.72553605841505,937968.056747834
2019-11-02 00:00:00+00:00,50.74827680855974,50.89487271656081,49.31874095167278,49.52586633042283,1000881.2391506858
2019-11-03 00:00:00+00:00,49.516992979391986,50.51235810526783,49.39707095950358,50.3872226660005,1023531.2226348994
2019-11-04 00:00:00+00:00,50.380308193619356,50.62186933649956,49.427687025711236,49.49059015653502,921440.7518717021
2019-11-05 00:00:00+00:00,49.52702237051467,52.48596461862854,49.50252229950924,52.372096138970726,990906.5597562586
2019-11-06 00:00:00+00:00,52.29067271355516,52.31255139168612,51.826392302429,51.92218959786262,1088845.4430970422
2019-11-07 00:00:00+00:00,51.891561667525444,52.16609180511935,51.687431446465816,52.01783272842086,833737.1443050927
2019-11-08 00:00:00+00:00,51.95872471617009,52.08016627283976,50.68321206471598,50.70780143349754,999373.102640814
2019-11-09 00:00:00+00:00,50.79763077443148,52.51919236100918,50.74932095778802,52.488894209331235,904921.6054597826
2019-11-10 00:00:00+00:00,52.534856399906495,53.85396110688863,52.434425663851215,53.698851930514635,894731.5827883468
2019-11-11 00:00:00+00:00,53.58056986452987,54.24208619678697,53.50847583952586,54.0402932374519,1026101.1512998102
2019-11-12 00:00:00+00:00,53.958489115256675,54.01897202475603,52.557539421570574,52.625136635876736,945474.8531332441
2019-11-13 00:00:00+00:00,52.618171926733126,52.92474570854513,52.455959569946124,52.868475024514304,878319.68737649
2019-11-14 00:00:00+00:00,52.84349783096178,53.05161939132161,51.678516817547646,51.71658923721662,1132428.319206999
2019-11-15 00:00:00+00:00,51.64809670656843,53.44144776139888,51.510187938383034,53.27279085538237,1092008.951433183
2019-11-16 00:00:00+00:00,53.37639376733217,54.33799447432866,53.264921849964914,54.163627560163995,806769.4043640831
2019-11-17 00:00:00+00:00,54.18055585566263,54.34956998920032,54.06343074107399,54.28882397181594,852557.1871997932
2019-11-18 00:00:00+00:00,54.3146011915868,54.36315947267476,51.64969264977653,51.72756814892864,1059345.7071318682
2019-11-19 00:00:00+00:00,51.69177189848215,51.818107042541484,50.58770354444386,50.74040585599368,971512.616696253
2019-11-20 00:00:00+00:00,50.77705433936078,51.57572500573436,50.71888763648489,51.463755104043095,1150057.4644354957
2019-11-21 00:00:00+00:00,51.444176605598365,52.79107638419057,51.43375265793781,52.748505982273265,1061633.639854101
2019-11-22 00:00:00+00:00,52.73356005317992,54.07332730571571,52.62051483271055,53.95329935216139,1029946.5523853999
2019-11-23 00:00:00+00:00,53.9862649238046,54.06619529611565,52.27716659360674,52.2833824567157,897813.7308174563
2019-11-24 00:00:00+00:00,52.198212954000596,52.69047427886508,52.192361644331434,52.62070280021662,1049144.029486447
2019-11-25 00:00:00+00:00,52.7047395285935,53.85218968532867,52.65105817098722,53.721856828436955,872423.6045249533
2019-11-26 00:00:00+00:00,53.7316551157174,53.78837523375566,51.92119283426637,51.99009526073055,1130524.4533410068
2019-11-27 00:00:00+00:00,52.056691672168725,52.09174739709884,51.92922445771805,52.00267369005059,1042213.8589018242
2019-11-28 00:00:00+00:00,51.94674898736731,52.3382015223129,51.897458853319776,52.30918527598241,917516.9423242407
2019-11-29 00:00:00+00:00,52.26089526046929,52.26447096329137,52.013230208731024,52.016277094321474,1080467.7428132314
2019-11-30 00:00:00+00:00,51.95583937043879,52.0281834565501,50.10388218007624,50.14473147409401,1224152.4889136334
2019-12-01 00:00:00+00:00,50.157282583678374,50.26586522092515,49.830832025186766,49.83908379254981,978238.2900190549
2019-12-02 00:00:00+00:00,49.842372339863026,49.87328411152614,49.37573788605588,49.53370677224018,1055041.3189691291
2019-12-03 00:00:00+00:00,49.51070273336482,49.61410306496648,49.363214697699846,49.406991110667164,956817.0680308999
2019-12-04 00:00:00+00:00,49.35688900306868,49.364400576568535,48.826735479150365,48.87287338874424,1008535.2217618346
2019-12-05 00:00:00+00:00,48.81097118961903,48.856916916394496,48.29565174280917,48.46114113390846,849276.5439968553
2019-12-06 00:00:00+00:00,48.458791548765035,48.60036151498924,48.43794179278727,48.442045118669505,999947.0486494135
2019-12-07 00:00:00+00:00,48.41949114288602,48.97925600453242,48.35587921217719,48.89216846274918,1004357.7329830611
2019-12-08 00:00:00+00:00,48.85864765017956,48.928924648468524,48.533529938386486,48.614833202222165,1179899.7776844748
2019-12-09 00:00:00+00:00,48.690044699539364,48.71028244285607,48.227010941177625,48.237451223738034,820499.688729665
2019-12-10 00:00:00+00:00,48.23348004285175,48.41955238752145,48.14127368370878,48.34596654822783,971911.6540892221
2019-12-11 00:00:00+00:00,48.40736800142628,48.475819962569794,46.47436855267626,46.54243503963329,1128811.7217831034
2019-12-12 00:00:00+00:00,46.517616184561035,47.158313084723304,46.414072601326346,47.00740678602987,975822.8504201244
2019-12-13 00:00:00+00:00,47.01891308437397,47.174258610540164,46.92635140236074,47.02568390630986,982865.8467015002
2019-12-14 00:00:00+00:00,47.02307510870501,47.11330022396214,46.87542470343585,47.08186001139624,916674.0975117827
2019-12-15 00:00:00+00:00,47.00193279546728,48.03134022214906,46.98598098184569,48.01447246869221,906739.4619737242
2019-12-16 00:00:00+00:00,48.0830533789743,48.22294081694637,46.07122276853578,46.193826546587985,817414.6234166848
2019-12-17 00:00:00+00:00,46.187583284307586,46.24363180971247,44.36456955639673,44.423539027423416,937078.4752355845
2019-12-18 00:00:00+00:00,44.456697566334064,44.72118515935474,44.387295932189744,44.68534359779645,901064.4944887877
2019-12-19 00:00:00+00:00,44.651738935937836,44.732017201999014,44.511532887066075,44.696858836361656,1011803.8833657072
2019-12-20 00:00:00+00:00,44.68949081030822,44.880817789379584,44.57497038311346,44.867188799007955,921233.1797576268
2019-12-21 00:00:00+00:00,44.828295570514406,44.887610478062705,44.29915888439369,44.47219775596568,952040.9014951494
2019-12-22 00:00:00+00:00,44.52716532491721,45.218333412165734,44.4719646435986,45.08507668633429,954779.460694234
2019-12-23 00:00:00+00:00,45.09911660064495,45.99717619962381,45.078478289514344,45.95230793973852,995183.4817709628
2019-12-24 00:00:00+00:00,45.96917489642692,46.49276207581472,45.84184183376128,46.417833154339235,947147.7743595159
2019-12-25 00:00:00+00:00,46.48087711947242,46.48966307369161,46.16633110527551,46.194796018407224,893821.3910062867
2019-12-26 00:00:00+00:00,46.24821296874514,46.259683942477665,44.2567430879633,44.305701185230056,1008576.6443947839
2019-12-27 00:00:00+00:00,44.33961022294046,45.119953855402386,44.32085367983277,45.0106031629182,1106748.321626461
2019-12-28 00:00:00+00:00,44.946610357494826,46.197824382832536,44.94170999160601,46.142418188616226,1012846.6195790775
2019-12-29 00:00:00+00:00,46.1103178717584,46.831559802511016,46.06681430029307,46.75979859658945,939017.9561761378
2019-12-30 00:00:00+00:00,46.71285698953605,46.71676727381925,45.95378881201445,45.962735983425645,987685.3594906376
2019-12-31 00:00:00+00:00,45.99617542250482,46.743983911479305,45.910160717071776,46.6049551303333,794936.7229643462
2020-01-01 00:00:00+00:00,46.61290835642147,47.555427179046006,46.35904007156859,47.43296555941802,986059.7250461135
2020-01-02 00:00:00+00:00,47.36700943104368,48.97390811748761,47.349010576111,48.954622022682365,959964.5630909527
2020-01-03 00:00:00+00:00,48.94538212107543,48.97105716729413,48.007810345934764,48.12354649152002,906653.9641993487
2020-01-04 00:00:00+00:00,48.051644507068495,48.100331001222685,47.74600454708697,47.925249630263906,924790.1647668032
2020-01-05 00:00:00+00:00,47.922702092303695,48.683919167266176,47.852546961978675,48.666355476934186,958976.5498460353
2020-01-06 00:00:00+00:00,48.5857945302084,48.90556140151967,48.42207176952314,48.74175915299435,1099245.827600649
2020-01-07 00:00:00+00:00,48.76753513531038,48.77518871989951,47.667587472724996,47.68369845888622,1109206.041678009
2020-01-08 00:00:00+00:00,47.701721114774756,48.139010145607706,47.70144801517767,48.099987334635195,907187.4838442189
2020-01-09 00:00:00+00:00,48.191759633000316,48.724108780149606,48.14073269015155,48.67936124253458,948192.2626756607
2020-01-10 00:00:00+00:00,48.720635172681924,48.90294097998508,48.720323917699176,48.78458610208305,950741.0042711422
2020-01-11 00:00:00+00:00,48.76395440515608,49.07347192555186,48.68765271735821,49.01890808406515,1080954.5515550126
2020-01-12 00:00:00+00:00,49.0590089867737,49.13946686069279,48.735171319606565,48.785443767520285,1014550.6552631618
2020-01-13 00:00:00+00:00,48.71725811485054,50.37985797253093,48.60889603447355,50.269451352249106,1009278.986264104
2020-01-14 00:00:00+00:00,50.221068382520485,50.350933542042824,49.339570541675045,49.39176549680197,1053626.261342119
2020-01-15 00:00:00+00:00,49.40821999462324,49.42079354162985,48.83340077331291,48.834513400553334,940358.6591589068
2020-01-16 00:00:00+00:00,48.72911632847613,48.97719690491503,48.69400348028605,48.86478602922561,1136388.6574354058
2020-01-17 00:00:00+00:00,48.86297017542114,49.965429276205256,48.807590472402666,49.751275204166355,999825.5342579798
2020-01-18 00:00:00+00:00,49.70051580433946,49.90113348145265,48.25396540264096,48.302756630190984,914408.7553808087
2020-01-19 00:00:00+00:00,48.30765004022097,48.348739097168036,46.9987300576197,47.07220489094859,977035.975620216
2020-01-20 00:00:00+00:00,47.02147346428416,47.0347424898207,45.108222140413716,45.21044422037241,1123192.832420787
2020-01-21 00:00:00+00:00,45.22962466712642,45.30984225960704,45.11314167851929,45.25811682798768,957485.7864016227
2020-01-22 00:00:00+00:00,45.25899155078599,45.32471928841702,44.19028951504388,44.274811010830035,1094955.7799044831
2020-01-23 00:00:00+00:00,44.33681194714596,44.361098228477886,43.83229425768498,43.953177207515445,937465.4207228479
2020-01-24 00:00:00+00:00,43.95347321168623,44.645131257172935,43.90534531591789,44.55625181982727,923433.6303222693
2020-01-25 00:00:00+00:00,44.522003977449906,44.56822411414047,43.86350108148487,44.00580787258043,1065959.7410594292
2020-01-26 00:00:00+00:00,43.99494346104243,44.383280720091754,43.85246717379157,44.22752190171756,912602.743935426
2020-01-27 00:00:00+00:00,44.16806965702742,44.21421005562059,43.91621743186811,43.98112236125933,1082254.0250161695
2020-01-28 00:00:00+00:00,43.998984733553996,44.76937726602648,43.93661093546669,44.594154745243145,1035162.5999023349
2020-01-29 00:00:00+00:00,44.62045861840385,45.11911027906018,44.419496332015925,45.03794480092438,912640.6065532409
2020-01-30 00:00:00+00:00,45.149152315727605,45.31220849067251,44.22927738865487,44.43674327018094,992855.7256005666
2020-01-31 00:00:00+00:00,44.409110903910296,44.64102440076234,44.26368284242157,44.30482746645211,945122.5709440463
2020-02-01 00:00:00+00:00,44.29296287406898,45.30949169368234,44.217798438128774,45.25750493103929,1034897.655666906
2020-02-02 00:00:00+00:00,45.23144753678044,45.769717031938825,45.20093557758036,45.633224041718925,1188779.8244955419
2020-02-03 00:00:00+00:00,45.64290347376497,45.64534933484102,44.28358965161878,44.393666260557545,962929.5397112577
2020-02-04 00:00:00+00:00,44.41061090276004,45.093093646910845,44.40711542704028,44.99760061565332,1053377.6273858505
2020-02-05 00:00:00+00:00,44.9951988757208,45.05715536675309,44.038023615192095,44.04963015183739,1002444.0641667516
2020-02-06 00:00:00+00:00,44.0974824067,45.38664615719188,44.0732574843517,45.32991626171293,1002405.7703063181
2020-02-07 00:00:00+00:00,45.30194863247254,46.30988546969664,45.254607103240886,46.28644688823264,983479.4879268475
2020-02-08 00:00:00+00:00,46.332093380922885,46.721289285965476,46.281395881118506,46.57420764837225,914258.2553648446
2020-02-09 00:00:00+00:00,46.59928775922594,46.780596513138185,46.57401544663214,46.73959017240468,1033513.9949282454
2020-02-10 00:00:00+00:00,46.7390278988788,46.826517997325894,46.49108550461113,46.563217979296596,971125.8250080611
2020-02-11 00:00:00+00:00,46.54855351584335,47.422661679899306,46.45981289878184,47.21829364552192,909519.9916261274
2020-02-12 00:00:00+00:00,47.33287675633382,47.3409775585461,46.826932836242115,46.888189998771914,1101417.32622483
2020-02-13 00:00:00+00:00,46.849881941925275,47.16716506513293,46.74686688099638,47.128467726167386,1009900.9622702344
2020-02-14 00:00:00+00:00,47.142508860282696,47.998177715550604,47.03606820737272,47.97672109555247,977190.1042656761
2020-02-15 00:00:00+00:00,47.9407280444589,48.03288519764053,47.29833256564617,47.45964567513354,1134005.66147463
2020-02-16 00:00:00+00:00,47.54439060317327,47.57918399188162,46.89671164785075,46.897104247487185,816391.8464467002
2020-02-17 00:00:00+00:00,46.93869383427829,46.94327384025085,45.542873100590946,45.80845223950713,1127282.0803729089
2020-02-18 00:00:00+00:00,45.77737808148056,45.885525009869745,44.747856151117674,44.86146411042727,911981.2050863783
2020-02-19 00:00:00+00:00,44.88445987232827,45.0890153226016,43.21993087762647,43.26791034396048,1021153.253941552
2020-02-20 00:00:00+00:00,43.2790602993247,43.973441188354464,43.242315326797,43.92167067106889,941193.6245879289
2020-02-21 00:00:00+00:00,43.89897964841291,45.588417090065924,43.83509900272827,45.557994843703916,907699.8959547577
2020-02-22 00:00:00+00:00,45.59253528520308,46.97970400529388,45.467758706904135,46.894139258931354,1131388.6525968434
2020-02-23 00:00:00+00:00,46.91239540015606,46.94397159159381,45.28736181900747,45.41175605069812,1185621.6567395285
2020-02-24 00:00:00+00:00,45.42155130807356,46.20647792331761,45.40634198094035,46.093323304389216,977877.4349348921
2020-02-25 00:00:00+00:00,46.091391085586096,47.54070858343732,46.08303187304051,47.44211023103897,1033547.4702194293
2020-02-26 00:00:00+00:00,47.46256036579246,47.47538598656369,47.02721448537209,47.029451644353536,1005699.1251662499
2020-02-27 00:00:00+00:00,47.04023962028751,47.226394163359984,46.93256073547135,47.143822610064156,1173050.6837352857
2020-02-28 00:00:00+00:00,47.14660849567373,47.22846141038511,45.23782701540645,45.306255967729925,788684.9552546466
2020-02-29 00:00:00+00:00,45.277213936560806,45.57478369504286,45.122640244380975,45.56682123291595,1037712.344127022
2020-03-01 00:00:00+00:00,45.64400077641913,45.70727071492527,44.59681898525172,44.62564316056727,927287.3685856067
2020-03-02 00:00:00+00:00,44.57876749500666,44.87904646281416,44.39655997768106,44.822101414484365,764403.5978528821
2020-03-03 00:00:00+00:00,44.8412689684555,44.91640978320093,43.43540560532478,43.4615784803862,963946.9902570759
2020-03-04 00:00:00+00:00,43.44766031223205,43.9573017960811,43.344526490273836,43.953596787969445,1184804.8790910554
2020-03-05 00:00:00+00:00,44.03093521918019,44.97536479942842,43.97993912687776,44.88145643599052,934395.0809599599
2020-03-06 00:00:00+00:00,44.840906823855434,44.99200837869152,44.109458021575136,44.20160564509305,1079076.550656461
2020-03-07 00:00:00+00:00,44.1691058283514,44.24258833122939,43.17152742483657,43.225156995142655,1119867.2197063367
2020-03-08 00:00:00+00:00,43.18323645710144,43.230459780897995,41.21778660372715,41.41744640273083,998730.3197380477
2020-03-09 00:00:00+00:00,41.43084349914174,41.45821998593897,41.165344942513286,41.21383216108278,1012045.5618411292
2020-03-10 00:00:00+00:00,41.15724348165065,41.25928931969091,40.72106283059663,40.75351335983249,828370.2093458888
2020-03-11 00:00:00+00:00,40.73401164242832,40.84064713218674,39.48990383320508,39.52453685062399,928383.6136827354
2020-03-12 00:00:00+00:00,39.439465588342564,39.90383006749096,39.36399412682319,39.900228083935815,1090700.7624329997
2020-03-13 00:00:00+00:00,39.90982095080177,39.92344569642766,39.55370921572692,39.55858084515147,1006067.9097037069
2020-03-14 00:00:00+00:00,39.53879305522141,39.56882220516871,38.598920172255056,38.73206900922863,1036734.1441443682
2020-03-15 00:00:00+00:00,38.674433492733016,38.770281114624545,38.27949099116053,38.32017290954883,1013315.7579683051
2020-03-16 00:00:00+00:00,38.36177364958303,39.26988464584272,38.253813911031266,39.16574669979742,1219200.3944296432
2020-03-17 00:00:00+00:00,39.11453094928756,39.701947505751335,39.068130200238144,39.656754830641674,956948.0168811398
2020-03-18 00:00:00+00:00,39.68835903117095,39.77023800303323,39.567016302082315,39.56958524416302,1160541.004298631
2020-03-19 00:00:00+00:00,39.541845349518596,40.09355342063757,39.49894700744922,40.078613951845966,1013350.3222206732
2020-03-20 00:00:00+00:00,40.14280271281696,40.15383772785531,39.153975776053606,39.174445551101016,1169419.8974580797
2020-03-21 00:00:00+00:00,39.20380877787598,39.248317841129186,39.175899219439614,39.21549843997591,877502.191074185
2020-03-22 00:00:00+00:00,39.17596734026823,39.3740858395448,39.159758591461845,39.34695083832091,1018465.220763086
2020-03-23 00:00:00+00:00,39.31086643622441,39.356652007358406,38.93982831903972,38.99454456769178,960631.3216076529
2020-03-24 00:00:00+00:00,39.018156747293766,39.39554944350129,38.99200903233339,39.351375122414645,1013947.2335850039
2020-03-25 00:00:00+00:00,39.34105018216915,39.4183138256746,38.62695243556886,38.757421153113036,1122237.6262666127
2020-03-26 00:00:00+00:00,38.750857874249284,39.24787252492936,38.68560543390642,39.17029446430289,1037880.9605357946
2020-03-27 00:00:00+00:00,39.22012843514743,39.7133216152141,39.12324185589305,39.62086370193639,1122038.2690026937
2020-03-28 00:00:00+00:00,39.59120000212945,39.60593449225158,37.37407395146034,37.3903497504952,932977.8906726055
2020-03-29 00:00:00+00:00,37.393763256566885,38.420939545000024,37.34529757084542,38.30646792036326,917716.5542476284
2020-03-30 00:00:00+00:00,38.34303633931669,38.351835736866576,35.99521099318469,36.05574113466678,1001610.5073137267
2020-03-31 00:00:00+00:00,36.08491446537554,36.09894470425747,35.50201685623511,35.62847313394252,996134.7821608915
2020-04-01 00:00:00+00:00,35.622786378305925,36.46448124578075,35.61624260957992,36.381197391410396,981414.0631175807
2020-04-02 00:00:00+00:00,36.37068664953156,36.39688358685341,36.132272429797574,36.165526247787966,904136.8274329314
2020-04-03 00:00:00+00:00,36.1026410715381,36.204404985810584,35.13081249388025,35.13446761049245,1119865.158985189
2020-04-04 00:00:00+00:00,35.09735700500891,35.139985709062344,34.29556759320948,34.38800771323277,963716.2799366512
2020-04-05 00:00:00+00:00,34.3989554527718,35.12727383583241,34.34241685488991,35.11561858875066,1142607.8122212682
2020-04-06 00:00:00+00:00,35.11077677039358,35.226346221018105,33.66670653956838,33.80524320706309,1001274.3365204057
2020-04-07 00:00:00+00:00,33.80777613517682,34.615391345582864,33.752985494033986,34.59107624993056,1064842.8930814045
2020-04-08 00:00:00+00:00,34.627025150784426,34.63093862426948,34.52966968720347,34.56680038457583,1055770.9642963682
2020-04-09 00:00:00+00:00,34.52575842367288,34.56141761321871,33.646953184318335,33.76570992774685,917572.5259649148
2020-04-10 00:00:00+00:00,33.757735132171014,33.78416962855975,33.376979034194264,33.38756371927493,1036720.2921552489
2020-04-11 00:00:00+00:00,33.393864318590346,33.447393307315465,32.64771441318601,32.728262462008026,1192833.2944467105
2020-04-12 00:00:00+00:00,32.705216530755855,33.364885218620415,32.62258662995864,33.313526113434605,1025161.2253100357
2020-04-13 00:00:00+00:00,33.36121366365021,33.85503801776662,33.2053503433761,33.818637650670944,1090127.6739559676
2020-04-14 00:00:00+00:00,33.84936481848888,33.850639253612705,32.63390141624284,32.68867990272323,1069327.1844592185
2020-04-15 00:00:00+00:00,32.69816397818155,32.70783991851039,32.43321196407288,32.43885702938687,1030704.9658364987
2020-04-16 00:00:00+00:00,32.49705985755409,32.5094555281244,31.818632305656568,31.896404186369313,1018647.8717724747
2020-04-17 00:00:00+00:00,31.84859481669783,32.7731558887494,31.845944354426226,32.74543232546198,1054731.55591213
2020-04-18 00:00:00+00:00,32.745179325046905,32.7681928510994,31.87729393848348,31.88582325729477,1076328.254647561
2020-04-19 00:00:00+00:00,31.897504213138813,33.103830316096044,31.80248193708871,32.9386282869843,864783.5942948927
2020-04-20 00:00:00+00:00,32.90850409824996,32.98063100160285,32.72251662147263,32.929871241599855,1024730.2889096454
2020-04-21 00:00:00+00:00,32.93977373274239,32.97653267616382,32.1544332159561,32.18631937659837,981592.2119252683
2020-04-22 00:00:00+00:00,32.15070255903676,32.36250200645877,31.734569274144093,31.765983452971085,960847.3156348292
2020-04-23 00:00:00+00:00,31.787919685316712,31.814685959406845,31.212656994211816,31.273266829456503,1129596.4379028573
2020-04-24 00:00:00+00:00,31.306348778421675,31.392753090490196,30.38764650563176,30.498309921048033,926685.3751936146
2020-04-25 00:00:00+00:00,30.506615629517498,30.619950162215417,30.43788807639125,30.568430911066578,860523.0939689998
2020-04-26 00:00:00+00:00,30.51179378906459,30.567327626919262,29.76711454157785,29.838798083884583,1079571.6225385854
2020-04-27 00:00:00+00:00,29.809950127217704,29.86414828363819,28.564773478269803,28.576999233470524,857960.6143446111
2020-04-28 00:00:00+00:00,28.59313695079948,28.605201097490475,28.265410134268805,28.372167364157903,807205.6922041436
2020-04-29 00:00:00+00:00,28.37276881561953,28.397725267546793,27.328947271671684,27.378321615108526,1090826.7689989966
2020-04-30 00:00:00+00:00,27.304564345009396,27.39243944187557,26.892100057261732,26.98033590776161,1015872.2250562488
2020-05-01 00:00:00+00:00,27.01386788899475,27.04446927162052,26.462233058873466,26.5048104565549,1047271.9627368776
2020-05-02 00:00:00+00:00,26.508432511350815,26.56001736102457,26.057236405754004,26.057403251517115,955757.2425220377
2020-05-03 00:00:00+00:00,26.036060292704168,27.155799823014647,26.012887857391135,27.132199168280767,861559.3868390981
2020-05-04 00:00:00+00:00,27.15919450171754,27.1978495451119,27.145020953339486,27.173695145114962,881421.2786382333
2020-05-05 00:00:00+00:00,27.155283879355615,27.351703092890745,27.072781582399262,27.31830076503745,972781.1100568717
2020-05-06 00:00:00+00:00,27.29949342302641,27.365515358345633,26.33717246658987,26.375323822953668,872759.7142081958
2020-05-07 00:00:00+00:00,26.384775490166977,26.391885556223368,26.009434176073167,26.043015329379816,1030705.2907045652
2020-05-08 00:00:00+00:00,26.089398941276077,26.26014703931569,26.02525028009479,26.165863968704585,953754.2061965582
2020-05-09 00:00:00+00:00,26.208346529944755,26.252926256626353,25.55826011101768,25.645422125174726,1018503.6047365306
2020-05-10 00:00:00+00:00,25.654647078407397,26.13695499708035,25.613442372692525,26.125878536386015,1015514.812822643
2020-05-11 00:00:00+00:00,26.137958767946106,26.15110545710298,25.426483013717405,25.515150326469975,1038679.9554424526
2020-05-12 00:00:00+00:00,25.535345540705357,25.54235433572376,25.276939369206765,25.379584309080062,1049948.2527289
2020-05-13 00:00:00+00:00,25.34768258591589,25.41111459306879,25.068152395141922,25.09388147966775,965609.9409220755
2020-05-14 00:00:00+00:00,25.11004566169557,25.191095830711767,25.058217869683173,25.18655861343342,1018396.926663383
2020-05-15 00:00:00+00:00,25.168069829001453,25.17920350281805,24.72254883800556,24.875929829396487,1023600.8128420175
2020-05-16 00:00:00+00:00,24.88385226743832,24.904559868814875,24.741765064384133,24.751418237070215,757110.9690906635
2020-05-17 00:00:00+00:00,24.74578809068391,24.76250025857983,24.590333625192667,24.644658617063214,1064652.574585949
2020-05-18 00:00:00+00:00,24.657010725180974,24.6580614832174,24.250123273460865,24.295045311179546,1014994.2196220251
2020-05-19 00:00:00+00:00,24.297914640213286,24.579690145170943,24.23864117310563,24.541714693866336,1056404.8865243571
2020-05-20 00:00:00+00:00,24.466297261714224,24.70158530262924,24.451924680234775,24.668868837922613,871315.6404552738
2020-05-21 00:00:00+00:00,24.67328189409486,24.681530334463073,24.51007255782,24.635039486565987,968422.6824837606
2020-05-22 00:00:00+00:00,24.650858949902293,24.718264894178244,24.413452325606073,24.433634157539,890847.054343442
2020-05-23 00:00:00+00:00,24.44452980766278,24.924881465098096,24.352455653179963,24.83593292544618,1074460.1376212875
2020-05-24 00:00:00+00:00,24.83338510776705,24.840432375388733,24.673044018706857,24.728955090316642,859488.3457931506
2020-05-25 00:00:00+00:00,24.769564033047427,24.77357107743584,24.529405696315724,24.587566348285034,907134.5218077679
2020-05-26 00:00:00+00:00,24.595222255756383,24.665844920039024,24.571887941294218,24.648959355083306,1053431.4128271982
2020-05-27 00:00:00+00:00,24.659747546470573,25.534813668101034,24.634038480776475,25.509895007967238,937062.5467722752
2020-05-28 00:00:00+00:00,25.536539886521144,25.615399686380883,24.83428108597564,24.8450687514259,907160.9343210941
2020-05-29 00:00:00+00:00,24.854077399432146,25.31063551821883,24.842052579485603,25.240666154287013,1090671.9429540185
2020-05-30 00:00:00+00:00,25.21799958797246,25.2404130133091,24.256772375537413,24.31255799807028,1094771.175659187
2020-05-31 00:00:00+00:00,24.253275778278898,24.433458604337787,24.223080807756133,24.42820653238839,1072207.1192541
2020-06-01 00:00:00+00:00,24.41655132445297,25.25129891573076,24.336407157639552,25.22007051724967,1084870.9673940293
2020-06-02 00:00:00+00:00,25.239261617072174,25.48171357424881,25.146889444856168,25.477953182155805,976842.0721061943
2020-06-03 00:00:00+00:00,25.46895701035515,25.585003323642,25.462746236244076,25.575273317387314,979540.7025363385
2020-06-04 00:00:00+00:00,25.595763673234398,25.61307183176119,25.289630080506406,25.30031912528088,935191.8721466396
2020-06-05 00:00:00+00:00,25.304081995594583,25.348508190220507,25.290301304959733,25.326162524624234,1016772.9167715978
2020-06-06 00:00:00+00:00,25.358784295262147,25.371578525374684,25.176142944929524,25.208889670252265,947210.1672674151
2020-06-07 00:00:00+00:00,25.201447584853646,25.211740910759215,24.732017317826838,24.82564433908277,956693.3794073022
2020-06-08 00:00:00+00:00,24.837253178454823,24.86720372767561,24.68407727334381,24.692008592899448,1059990.0433982902
2020-06-09 00:00:00+00:00,24.704499911259976,24.830799144398824,24.6929934555066,24.80008984006143,1118453.924551438
2020-06-10 00:00:00+00:00,24.837329701406688,24.872605482865385,24.422586706238057,24.43222443095445,1039826.0254270096
2020-06-11 00:00:00+00:00,24.39052748526385,24.43473831602189,24.002775365104455,24.051017370462613,1179431.5865242567
2020-06-12 00:00:00+00:00,24.039992185088572,24.067521180749402,23.38792188343247,23.414896659901384,929448.4427967252
2020-06-13 00:00:00+00:00,23.43476457682332,23.633004261600146,23.41404740598651,23.608030503739137,816202.5360790741
2020-06-14 00:00:00+00:00,23.644526074989372,23.927662184006852,23.60972208427283,23.876468563124607,1071462.7889589553
2020-06-15 00:00:00+00:00,23.88220062304911,24.0456923459307,23.795048997405683,23.99694675845275,922816.6447353269
2020-06-16 00:00:00+00:00,23.98992275220315,24.521891346978673,23.904190077988133,24.474457280117274,972630.7758224636
2020-06-17 00:00:00+00:00,24.492987341287392,24.561599394133538,24.48926152951567,24.52731431276174,823020.3489878876
2020-06-18 00:00:00+00:00,24.548621256321482,24.79235287462108,24.538916013765036,24.730259757058384,910078.9752654174
2020-06-19 00:00:00+00:00,24.72136523032028,24.919355940048135,24.692697848482577,24.89095124761899,849777.2583420764
2020-06-20 00:00:00+00:00,24.899172910823136,24.90854210532146,24.85436767628116,24.855362731010207,956569.6736579697
2020-06-21 00:00:00+00:00,24.8847051643313,24.935073250942423,24.57409131196386,24.60272223468482,960544.850611705
2020-06-22 00:00:00+00:00,24.64923267219241,25.76983612272692,24.587826736962814,25.72697748879138,1008996.0411548209
2020-06-23 00:00:00+00:00,25.746082469860696,25.78968275220702,25.50513080871294,25.505678903838547,1123972.2964355175
2020-06-24 00:00:00+00:00,25.50680469636407,25.54450099407938,25.110795630554648,25.178326760058805,1067690.6264897818
2020-06-25 00:00:00+00:00,25.176965237606915,25.435307145928732,25.157485420075794,25.40799203873806,837783.0363789519
2020-06-26 00:00:00+00:00,25.422154366025655,25.550273661803327,25.32665426144494,25.546513771327167,1060801.5435612856
2020-06-27 00:00:00+00:00,25.543558733463797,25.570347625844573,24.831379757304816,24.848689856529894,1011175.469744146
2020-06-28 00:00:00+00:00,24.85340217447434,25.46454788672281,24.78038290965936,25.423109778423974,990217.3567963903
2020-06-29 00:00:00+00:00,25.396215274018815,25.461732710900385,25.365940595344462,25.385412617907203,997730.0470062775
2020-06-30 00:00:00+00:00,25.41833895002916,25.45721905844751,24.793080984221678,24.837536582772294,1020455.2428086256
2020-07-01 00:00:00+00:00,24.80921720290062,25.480600834280924,24.79793496385116,25.445318141021666,930811.3208986435
2020-07-02 00:00:00+00:00,25.434322919804462,25.778090735146346,25.350610412711497,25.77603732485748,981764.9142475359
2020-07-03 00:00:00+00:00,25.77855289239185,25.794025957988488,25.108557942577033,25.14236909101268,1118393.9123891834
2020-07-04 00:00:00+00:00,25.1924272180022,26.121323443919582,25.116780479542708,26.06251542607694,929609.4215574466
2020-07-05 00:00:00+00:00,26.051499244263884,26.428138068016757,25.963197244720533,26.418751412902523,897011.2023824904
2020-07-06 00:00:00+00:00,26.401156106676442,26.4458899483261,26.3949432189142,26.42393204847311,993829.2652126149
2020-07-07 00:00:00+00:00,26.40937729967833,27.3407360655887,26.379783038967403,27.288748997593604,886943.3543243653
2020-07-08 00:00:00+00:00,27.334018226013367,27.467798264340114,27.3099311654787,27.386780905957814,827721.6878545661
2020-07-09 00:00:00+00:00,27.309759775015134,27.46799511733851,27.276844587918436,27.382353875669224,965553.2822925183
2020-07-10 00:00:00+00:00,27.354896548575987,27.375217195173033,27.033287107163574,27.033931101407987,1144862.1884563924
2020-07-11 00:00:00+00:00,27.107768572189457,27.365961735701383,27.09294657462991,27.361305116801976,996139.5904123107
2020-07-12 00:00:00+00:00,27.37747242150283,27.682790089587154,27.318716569686814,27.634413240990757,1017857.7094448213
2020-07-13 00:00:00+00:00,27.6038499958624,27.689577755125217,27.579554209371942,27.653587196115875,786985.1641848875
2020-07-14 00:00:00+00:00,27.65242801354072,27.6560530555971,27.159028525156828,27.23099177919336,1043812.5492440946
2020-07-15 00:00:00+00:00,27.232828633927426,27.344281769629223,27.186796137992324,27.312769099059185,1009336.5861309791
2020-07-16 00:00:00+00:00,27.335879122529487,27.345879177031044,27.28072694407857,27.285579786515573,933508.5171960646
2020-07-17 00:00:00+00:00,27.335771665181042,27.37880460108036,26.57187228399492,26.578134416054304,1018005.0471402373
2020-07-18 00:00:00+00:00,26.588461394866926,26.59452981613632,25.659254300251256,25.8175015419392,1017012.1617157961
2020-07-19 00:00:00+00:00,25.803565556593846,26.1873861335998,25.734112906741853,26.121420430010424,894051.2071642064
2020-07-20 00:00:00+00:00,26.141980193636392,26.170184175880728,24.80059609118337,24.806802689752196,1033185.3726779909
2020-07-21 00:00:00+00:00,24.78948127287353,24.96559487953054,24.718894111856983,24.918889444590167,1119713.5422527157
2020-07-22 00:00:00+00:00,24.893139821768667,24.938855203112453,24.672483499530305,24.691633633085374,977205.8524526483
2020-07-23 00:00:00+00:00,24.648178607991408,25.373519265140164,24.631068178498627,25.356355256859292,913240.5797562893
2020-07-24 00:00:00+00:00,25.31666930526574,25.3704689245821,25.07493760712239,25.117379952388553,982241.9930198272
2020-07-25 00:00:00+00:00,25.0948635987957,25.518213414697893,25.072294957862468,25.461047090957795,1085461.3195064429
2020-07-26 00:00:00+00:00,25.431059330219114,25.465532133162036,25.26016704530093,25.269836275240255,877368.1160702728
2020-07-27 00:00:00+00:00,25.27775171100244,25.356826538643592,25.255996769778125,25.33752264296105,1057855.825878418
2020-07-28 00:00:00+00:00,25.30713277204123,25.784186931221956,25.236219567026517,25.723967273372182,932198.5541479519
2020-07-29 00:00:00+00:00,25.643099704300493,25.728573741108484,25.464032486614276,25.497286168183393,1024206.3081379738
2020-07-30 00:00:00+00:00,25.47066925093235,26.023132352128815,25.451212883442974,26.020979575928266,943566.8724954437
2020-07-31 00:00:00+00:00,26.008701325672202,26.104296080119585,25.515382337159416,25.519150284786523,943298.3044918439
2020-08-01 00:00:00+00:00,25.50369972831567,25.695096603922888,25.475189280760993,25.680219305593738,1152309.4916235048
2020-08-02 00:00:00+00:00,25.71924103259866,26.226462952388427,25.70717374424133,26.168955749810547,859091.3409466508
2020-08-03 00:00:00+00:00,26.152899981725884,26.577291597197636,26.139709700506547,26.52730455269743,1048536.6177545545
2020-08-04 00:00:00+00:00,26.550673077693332,27.598005582915242,26.459295582495766,27.57483166642944,1173132.4410921286
2020-08-05 00:00:00+00:00,27.574308224438646,27.70344935578984,27.13853360340851,27.16786046751716,1068552.1926472823
2020-08-06 00:00:00+00:00,27.16671113863297,27.227651016691503,26.402505843287944,26.43930395480768,866890.2980960817
2020-08-07 00:00:00+00:00,26.417217081432973,26.44187368599651,25.890332151837896,25.929076583160132,871841.9491084595
2020-08-08 00:00:00+00:00,25.92755240328553,26.35334671729872,25.859288271817995,26.284353503811968,924837.4623353599
2020-08-09 00:00:00+00:00,26.264243446748196,26.580711784564922,26.25437255473146,26.558033900090983,1015790.7911519875
2020-08-10 00:00:00+00:00,26.562549411592798,26.671316648088613,26.50818589867523,26.623051286010597,1022594.2694089052
2020-08-11 00:00:00+00:00,26.616761599924956,26.64344864003458,26.041330003758592,26.04219974099337,872830.3445700307
2020-08-12 00:00:00+00:00,26.017599551676273,26.506544524587355,25.999454773781636,26.455276687508274,912724.2541553034
2020-08-13 00:00:00+00:00,26.48151752670983,26.506631889067208,25.809181490747,25.825478400701375,918851.751301998
2020-08-14 00:00:00+00:00,25.836501760298713,26.492728328655694,25.807356201585105,26.4416529802798,981925.3191885106
2020-08-15 00:00:00+00:00,26.429805460950217,28.013644814722664,26.40001736755079,28.00797524106872,1198469.5457291075
2020-08-16 00:00:00+00:00,28.01205020672783,28.231051325402273,27.984173831502808,28.22528825077194,906681.2934376552
2020-08-17 00:00:00+00:00,28.22292233594064,28.585291957928206,28.203375724691252,28.56780788111559,902304.2166864212
2020-08-18 00:00:00+00:00,28.543022709900455,28.63860525753482,28.205293514988423,28.29891005425743,886685.9704856155
2020-08-19 00:00:00+00:00,28.300905020701666,28.341624579046645,27.278691064443105,27.303612610798346,1063554.4571242232
2020-08-20 00:00:00+00:00,27.286656746418334,27.362591865514165,26.945836700528748,26.98725280643806,995865.8403644898
2020-08-21 00:00:00+00:00,26.961751638130824,27.017898905501475,26.403008377630215,26.41433173016668,910377.3451830042
2020-08-22 00:00:00+00:00,26.371467415584142,26.37530591821274,25.663359640820087,25.671120391805136,963720.4416221668
2020-08-23 00:00:00+00:00,25.661914539259058,26.644353566323428,25.564966524375215,26.581456237041174,920848.96990423
2020-08-24 00:00:00+00:00,26.596527142816583,26.79810690940399,26.59221416037611,26.73760734280115,1029589.1281189244
2020-08-25 00:00:00+00:00,26.719033813773503,26.974851430724232,26.691538189885968,26.952197682851036,1268437.6606796337
2020-08-26 00:00:00+00:00,27.020136321822957,27.050132440831845,26.762703985531797,26.79685134264316,1055086.4405692238
2020-08-27 00:00:00+00:00,26.820584929440404,26.843177468208246,26.70877632469026,26.71504718784781,990701.1484892636
2020-08-28 00:00:00+00:00,26.749892428890366,27.275729599223038,26.644113400915256,27.246306902086243,933502.4512512047
2020-08-29 00:00:00+00:00,27.26797433725494,27.301565751413317,27.1700105969066,27.239584912974973,865659.991811515
2020-08-30 00:00:00+00:00,27.29005618579209,27.643847386848883,27.26762252241035,27.54125663705887,1073368.9731403035
2020-08-31 00:00:00+00:00,27.519581613458175,27.545543623356803,27.378430532943437,27.444479478224753,1067935.417836632
2020-09-01 00:00:00+00:00,27.37420137359492,27.40520848073472,27.225259745845758,27.26822154004595,953389.9003309194
2020-09-02 00:00:00+00:00,27.256056488122695,27.292697076231917,26.50997664515094,26.522241813935228,1121333.398294262
2020-09-03 00:00:00+00:00,26.53704702198093,26.614587031835722,25.469157747052154,25.50383195070941,1002110.6938885085
2020-09-04 00:00:00+00:00,25.507696214094555,25.531174756403306,25.35614414343592,25.380914030049556,1077476.0735395134
2020-09-05 00:00:00+00:00,25.387905776706162,25.471466467963538,25.34598905418853,25.419774868986973,1029619.7002033012
2020-09-06 00:00:00+00:00,25.453352103877034,25.483381303883156,24.695297266678296,24.784161712689425,982286.4120122362
2020-09-07 00:00:00+00:00,24.79363068939846,24.90083546158799,24.725329814830996,24.77698780323749,904511.5388692513
2020-09-08 00:00:00+00:00,24.796782459100257,24.82613074351609,24.694403288563358,24.813562098159395,985446.3407637328
2020-09-09 00:00:00+00:00,24.79024819971931,24.82694639923223,23.733173127616652,23.775846261038122,1084205.0668894846
2020-09-10 00:00:00+00:00,23.74980234908801,23.804549565967832,23.28354754144349,23.353986770677498,949186.4888100573
2020-09-11 00:00:00+00:00,23.39168276588218,23.599052127771788,23.29541185174949,23.554408185865174,1043974.139560318
2020-09-12 00:00:00+00:00,23.556784861810605,23.768201117246527,23.545732467429133,23.746951435869427,891726.4117975996
2020-09-13 00:00:00+00:00,23.732151642716715,23.79143703363734,23.184941369440608,23.214583105218477,1078005.8336130357
2020-09-14 00:00:00+00:00,23.200157691106902,23.299575832715107,23.189873529806135,23.2975830709041,1031294.1336489962
2020-09-15 00:00:00+00:00,23.282460071054487,23.862688677592732,23.26041903683777,23.78839290944135,879788.9241163499
2020-09-16 00:00:00+00:00,23.77152791369202,24.196950572548175,23.69721902780541,24.17065340370216,977598.5476478388
2020-09-17 00:00:00+00:00,24.139638882899707,24.158779969343694,24.10665293783499,24.13428665628222,1093144.090931837
2020-09-18 00:00:00+00:00,24.098075080190096,24.172289993659593,23.850378187542272,23.919020661732578,874096.7459346775
2020-09-19 00:00:00+00:00,23.914356347994335,23.943349489352787,23.579872456154103,23.62929123169826,892904.9761375065
2020-09-20 00:00:00+00:00,23.61528081362965,23.911122729939194,23.579903946964727,23.86095621607464,993050.3045213507
2020-09-21 00:00:00+00:00,23.88737409530882,24.04893411896797,23.886743771716596,23.96382907071035,1213333.0730432195
2020-09-22 00:00:00+00:00,23.970852309533853,24.31842008664855,23.957277986963504,24.277103213701608,932742.1915960502
2020-09-23 00:00:00+00:00,24.28354435840528,24.36036628907656,24.253189731445143,24.35095644537024,1049527.3999585495
2020-09-24 00:00:00+00:00,24.332860752692216,24.782143049204457,24.329115225451044,24.762896074653213,1026013.5407601352
2020-09-25 00:00:00+00:00,24.759899060571172,24.862272171382447,24.72979401759053,24.819714018595544,941048.0099734457
2020-09-26 00:00:00+00:00,24.828673962748073,25.236023447670696,24.731273467096344,25.222388479370945,1016113.3351784875
2020-09-27 00:00:00+00:00,25.240452646545247,25.68733905276375,25.234079715983217,25.675789041057634,955216.5337905046
2020-09-28 00:00:00+00:00,25.67337829432727,25.68596171927365,25.273978700121077,25.276066367487772,964219.5209883489
2020-09-29 00:00:00+00:00,25.303342371752706,25.30581898156434,24.313590971693877,24.388094275323503,833872.8097226867
2020-09-30 00:00:00+00:00,24.388289119342346,25.166341578103683,24.361502687889054,25.16275514492653,997556.3765133679
2020-10-01 00:00:00+00:00,25.18270536283715,25.310664110097726,25.11600377839629,25.302370966070992,1089909.350662255
2020-10-02 00:00:00+00:00,25.28997654377072,25.32026515223151,24.447006240297966,24.45924804383468,1005742.5774779684
2020-10-03 00:00:00+00:00,24.41491349537541,24.44202243462556,24.07026660278642,24.12218599101453,1109050.776082243
2020-10-04 00:00:00+00:00,24.128659396435875,24.513074553829526,24.11123622973329,24.507262039601574,1058032.7445945018
2020-10-05 00:00:00+00:00,24.525037746480738,24.52723311216224,24.375582076135554,24.38031262025568,994045.8693669781
2020-10-06 00:00:00+00:00,24.394339768070378,24.41575064788168,24.071624203375716,24.141557146150998,937207.4446993181
2020-10-07 00:00:00+00:00,24.15174938956443,24.85353572475786,24.14892995079687,24.837444059280074,951373.6284638597
2020-10-08 00:00:00+00:00,24.828786050013374,24.918902712392583,24.27233577797547,24.332346884835214,852948.9526062879
2020-10-09 00:00:00+00:00,24.312716855197,24.348236093847255,23.897461986125872,23.956592466081602,973292.1109901675
2020-10-10 00:00:00+00:00,23.969809995375098,24.081188463440366,23.958076908869156,24.06771401770707,1014599.8758564154
2020-10-11 00:00:00+00:00,24.07797763216372,24.30765058890997,24.059317934736292,24.266101432976374,1171542.1097799235
2020-10-12 00:00:00+00:00,24.252490598744295,24.59788179443538,24.21864845166411,24.517992465132796,1052832.0323278876
2020-10-13 00:00:00+00:00,24.545193319044042,24.97985545436807,24.53302268289573,24.978913157505406,913514.6019862023
2020-10-14 00:00:00+00:00,24.956860136487766,25.09721903381902,24.934733122680168,25.088349314947777,856063.1724481194
2020-10-15 00:00:00+00:00,25.073709676587228,25.36974294024195,25.052004524285213,25.345247736227677,979344.7912795427
2020-10-16 00:00:00+00:00,25.386723338636287,25.38752448880847,25.17500232402698,25.224280971894014,1081176.444682775
2020-10-17 00:00:00+00:00,25.246190326738525,25.327444872055114,25.163080691494812,25.266035597477053,977938.3663305612
2020-10-18 00:00:00+00:00,25.256990121610183,25.339166642751415,25.24373583731122,25.33056352031214,1054198.4175005597
2020-10-19 00:00:00+00:00,25.33784303563228,25.49764096506249,25.31220524110863,25.449947334742546,981887.4550747812
2020-10-20 00:00:00+00:00,25.453886789213502,25.87090874905093,25.36030239882199,25.856563342329657,1071700.04347156
2020-10-21 00:00:00+00:00,25.78557120351629,26.289619219241825,25.68838488561567,26.155706367176467,840274.1977294339
2020-10-22 00:00:00+00:00,26.131996900724545,26.248404045862053,26.027955501649622,26.18932077015068,1160418.21201461
2020-10-23 00:00:00+00:00,26.187989131785127,26.264663709327436,25.730761255202236,25.779231929115966,888751.6551776289
2020-10-24 00:00:00+00:00,25.77003875915316,25.867362704703545,25.740693432285944,25.824473535312325,1079373.2329729777
2020-10-25 00:00:00+00:00,25.830854828958298,25.898998656157723,25.775356198204783,25.820332765842146,972781.6005331045
2020-10-26 00:00:00+00:00,25.849496375015594,26.00262522072729,25.810290224993626,25.930656174507515,988417.2099633099
2020-10-27 00:00:00+00:00,25.922318540627856,27.14794847258599,25.903944907828784,27.11145713318318,975889.8094029851
2020-10-28 00:00:00+00:00,27.08278257051639,27.107312458794624,26.771003624984132,26.839668348501394,1025560.4585051495
2020-10-29 00:00:00+00:00,26.84838725927829,27.134312987559095,26.848361754042468,27.0781393362598,1045752.4543280896
2020-10-30 00:00:00+00:00,27.069294984122976,27.73754305034047,27.062359499152677,27.674072862807975,1105836.1511823067
2020-10-31 00:00:00+00:00,27.669753950115005,27.743044025831985,27.584651003661147,27.739461864105664,1140794.8882597378
2020-11-01 00:00:00+00:00,27.73136821815027,29.223949584589835,27.695607788579483,29.07890269101635,1033182.1546776702
2020-11-02 00:00:00+00:00,29.144092874251914,29.165373772894036,28.85638174628557,28.8714186574973,1171367.4239168304
2020-11-03 00:00:00+00:00,28.80672634669039,29.18549805367344,28.77994883170588,29.07079076846884,1009297.2542822479
2020-11-04 00:00:00+00:00,29.059501594822567,29.068614177406122,28.60803045433004,28.621489062704942,1107744.0362252924
2020-11-05 00:00:00+00:00,28.621383477297694,28.697862595790586,28.42205329138263,28.432342192708393,1042871.9672906148
2020-11-06 00:00:00+00:00,28.410132482066544,28.682684809838207,28.40753502476653,28.585682626806108,945079.5368574634
2020-11-07 00:00:00+00:00,28.611404762462726,29.14478154819475,28.566393315673896,29.085275986232283,1018123.4154379844
2020-11-08 00:00:00+00:00,29.108929810265767,29.311604304592436,29.097350712473823,29.283199713418007,1050317.1877509125
2020-11-09 00:00:00+00:00,29.28180130538757,30.104061229849222,29.1965797019945,30.041995714905177,996780.1868597392
2020-11-10 00:00:00+00:00,30.033864135107002,30.107744106415144,29.962853405020343,29.996987313232726,1041285.6517997558
2020-11-11 00:00:00+00:00,29.99362894549665,30.033644456689622,29.7620550502026,29.810288426274735,1086536.2959326894
2020-11-12 00:00:00+00:00,29.80716470590627,31.49177701819147,29.728219724189124,31.47939753292483,997662.6858004107
2020-11-13 00:00:00+00:00,31.4769303972166,31.744604231353264,31.41257623266095,31.741279883111606,705611.2331317519
2020-11-14 00:00:00+00:00,31.735312551012587,31.77061739661555,31.282585908567842,31.300322698377382,1167827.015149337
2020-11-15 00:00:00+00:00,31.308224443389108,31.424527411125396,30.87510129831876,30.881062504701262,970240.8569779671
2020-11-16 00:00:00+00:00,30.90432249355451,30.983855756674572,30.18711099773599,30.316421633612816,917671.9779167703
2020-11-17 00:00:00+00:00,30.279124548259187,30.923575854742385,30.255891016092445,30.902000438764983,887588.9704347182
2020-11-18 00:00:00+00:00,30.869532822489887,30.902402781685183,30.618125620882946,30.68989278274838,966355.4097666355
2020-11-19 00:00:00+00:00,30.63623095189483,30.818688650362866,30.60857895509022,30.780476975849886,943725.2168683019
2020-11-20 00:00:00+00:00,30.807145101083528,30.891605758186568,30.74352623697655,30.753704270952326,926299.0536115309
2020-11-21 00:00:00+00:00,30.76140263948324,31.225965992447264,30.697234880376932,31.21941881903633,931787.3730155427
2020-11-22 00:00:00+00:00,31.23519297723189,31.36785742892566,30.658598823540387,30.70745372270684,1052974.2824059823
2020-11-23 00:00:00+00:00,30.663557471705605,30.667060943422314,30.004530253060242,30.06597012842028,1203036.3441003102
2020-11-24 00:00:00+00:00,30.119636325363576,30.22535830395602,29.952619712508795,30.213230298899607,1082057.1598014901
2020-11-25 00:00:00+00:00,30.194834946194117,30.654071399546257,30.090148062151748,30.590793678442967,1112259.8184754571
2020-11-26 00:00:00+00:00,30.595939227583823,30.81632825272944,30.5569966894903,30.807240692547406,962258.9968553261
2020-11-27 00:00:00+00:00,30.833561926432942,30.855824894960374,30.175355998538812,30.324642784494294,1010466.5365550579
2020-11-28 00:00:00+00:00,30.294712975964252,30.833207673756643,30.24731229085239,30.750626623074552,1042648.2404230286
2020-11-29 00:00:00+00:00,30.73382680671084,30.775101407643913,30.20175448125777,30.308650095994132,934044.210635723
2020-11-30 00:00:00+00:00,30.31408055061759,30.348258169883035,30.00571740215035,30.006150598349517,957426.9929450883
2020-12-01 00:00:00+00:00,30.09189236578264,30.11634980496176,29.440533453606996,29.45675660499381,1085455.1958333077
2020-12-02 00:00:00+00:00,29.46562676325174,30.273453520833204,29.427105525312193,30.2454716899732,1109029.2755100108
2020-12-03 00:00:00+00:00,30.294056840678476,30.71904489972426,30.228928959937367,30.64332655150528,1006741.0269515258
2020-12-04 00:00:00+00:00,30.680272387407776,31.031307194871875,30.674915971122317,31.028768038686476,880484.2819221274
2020-12-05 00:00:00+00:00,31.04018693674477,31.830253038805917,31.02524369126636,31.825218300693088,970440.8016782342
2020-12-06 00:00:00+00:00,31.79373692931882,33.70994416833496,31.760498496459945,33.680262685478056,855866.8865494127
2020-12-07 00:00:00+00:00,33.7159554654723,33.747167459803485,32.54470484767851,32.56139768692285,1007520.2409834727
2020-12-08 00:00:00+00:00,32.51261712030956,32.60035684247515,32.07509074396077,32.09691549748706,1025540.3111271419
2020-12-09 00:00:00+00:00,32.14829865105376,32.189953897143496,31.650691897758247,31.716480437745844,972928.9578962224
2020-12-10 00:00:00+00:00,31.722823902191394,31.766402621508714,31.11522676102777,31.193821331799786,1024171.1222383205
2020-12-11 00:00:00+00:00,31.11115073197604,31.14887177060313,30.4747383669154,30.540949082637642,1041690.123908384
2020-12-12 00:00:00+00:00,30.530549703326944,30.61482883657547,30.36039001209415,30.37060848957715,1025686.2042907125
2020-12-13 00:00:00+00:00,30.390469282819012,30.443720607704716,29.52550537679673,29.652405156826678,879846.970770307
2020-12-14 00:00:00+00:00,29.645376828911463,29.875955068153186,29.636589578352556,29.863711699304314,974673.5674487306
2020-12-15 00:00:00+00:00,29.88506442670715,29.949982179524124,29.839759863681127,29.9065659777687,1040984.2978266268
2020-12-16 00:00:00+00:00,29.881144673914314,30.272067973317572,29.87339200979255,30.207753429396988,1157871.1771306
2020-12-17 00:00:00+00:00,30.168302635896683,30.64258031868303,30.127811289601286,30.528271739161504,972807.4249761302
2020-12-18 00:00:00+00:00,30.526090634482753,30.994283127779084,30.524824421067375,30.91103789670666,1055084.020044811
2020-12-19 00:00:00+00:00,30.912013624244494,30.927873067291575,30.6295258383585,30.693323484513652,1087815.1911923822
2020-12-20 00:00:00+00:00,30.682630410929555,32.04069667938537,30.60403885138623,32.03624835872527,980337.230162744
2020-12-21 00:00:00+00:00,32.07556616270756,32.25075636876565,31.997129119615998,32.19968420646535,1114840.7747487342
2020-12-22 00:00:00+00:00,32.17230779747586,32.17738620994671,30.974545431230585,31.034731558700013,1120217.3831430897
2020-12-23 00:00:00+00:00,31.044450569256988,31.071386823297907,30.430907074677872,30.43092725800598,1138038.473406119
2020-12-24 00:00:00+00:00,30.432995647254188,30.499374489729306,29.345479714798795,29.401608257991303,1045843.2168985532
2020-12-25 00:00:00+00:00,29.35583830539763,29.433081633376343,29.302157977214524,29.423570419277638,1236013.7249657537
2020-12-26 00:00:00+00:00,29.384759841783314,29.42568287322413,29.317042501995893,29.363721905288,938471.6887235659
2020-12-27 00:00:00+00:00,29.364071657056733,29.376006024012177,29.083922587163634,29.10155035741031,1212407.758617894
2020-12-28 00:00:00+00:00,29.1592063489402,30.39293529215977,29.116983625198316,30.30794750125888,1076829.9488658432
2020-12-29 00:00:00+00:00,30.32550398030697,30.660369634490028,30.242224801045648,30.654811415928958,1134038.7333026717
2020-12-30 00:00:00+00:00,30.60191240579139,31.192565971798246,30.575899397407532,31.115671424839597,967996.2245458289
2020-12-31 00:00:00+00:00,31.01888650023446,31.02559407625238,30.44156532442718,30.55383246986278,1084447.4702963762
2021-01-01 00:00:00+00:00,30.576230066534865,30.62179664912949,29.92964927191762,29.96132037735669,1142697.4163664363
2021-01-02 00:00:00+00:00,29.958437694370055,30.018293328024676,29.916713375558235,29.995379076059837,891264.1356276127
2021-01-03 00:00:00+00:00,30.02961178144191,30.19222959439212,29.991948886563883,30.11138928636076,983667.3718184581
2021-01-04 00:00:00+00:00,30.084869646198747,30.08575425119293,28.93152344556609,29.02557246185961,785874.7311768812
2021-01-05 00:00:00+00:00,29.03573758009325,29.06897859737737,28.92900550105842,28.932661422212526,982166.7023150843
2021-01-06 00:00:00+00:00,28.957143472522773,29.009706222753785,28.947447751779656,28.952384062118103,918399.1806539914
2021-01-07 00:00:00+00:00,28.939428923010915,28.98365808004001,28.77472926968698,28.83960362343515,978223.2312033266
2021-01-08 00:00:00+00:00,28.82731548448002,28.828338910231963,28.375213312940293,28.385593918806524,1292364.335760466
2021-01-09 00:00:00+00:00,28.38631101927132,28.39676552576397,28.082270670361794,28.092174680921616,1171780.35067972
2021-01-10 00:00:00+00:00,28.107419639644394,28.194391094793655,27.953824023455553,28.004182459654896,856055.2463299368
2021-01-11 00:00:00+00:00,28.003781047577167,28.149459484613484,27.92132275963999,28.066308551510204,1055573.8301599405
2021-01-12 00:00:00+00:00,28.093645033253804,28.471006440857916,28.077614902648293,28.41922079207273,1079893.108705924
2021-01-13 00:00:00+00:00,28.40609295393732,29.21481905259109,28.358986942774116,29.051869297016385,966210.291329541
2021-01-14 00:00:00+00:00,29.013276933132488,29.02912382739069,28.889108784649732,28.892899541641693,1017830.7603158549
2021-01-15 00:00:00+00:00,28.950020092348886,29.059508709931304,28.557904650593635,28.6419592811885,1027598.2207414998
2021-01-16 00:00:00+00:00,28.62464138632642,28.939003461312613,28.53442090436555,28.905325857868558,865338.862713814
2021-01-17 00:00:00+00:00,28.888894854207372,29.434434536307176,28.79125028745213,29.272331785088074,896867.0645913852
2021-01-18 00:00:00+00:00,29.270405568441088,29.284509262367948,28.986151877087377,29.030841171118627,1017229.671844099
2021-01-19 00:00:00+00:00,29.03279149524269,29.552988798591553,28.98251789455025,29.50520307099993,1009940.2527981767
2021-01-20 00:00:00+00:00,29.493793891604078,30.155881971722824,29.48239453986198,30.10099807685922,929143.7284582731
2021-01-21 00:00:00+00:00,30.100473299160686,30.930200349147253,30.076369177265267,30.901108567094006,920562.3860146155
2021-01-22 00:00:00+00:00,30.899879870063774,32.091913467121756,30.853826257889487,32.03273912192613,991022.0750328794
2021-01-23 00:00:00+00:00,32.03833906382206,32.15048705681703,31.44377725306387,31.495042565685765,1088615.0952983273
2021-01-24 00:00:00+00:00,31.420793397816887,31.599704656383974,31.376373924304872,31.51640231635718,992351.422905313
2021-01-25 00:00:00+00:00,31.575680770756147,31.590086555069778,31.52415723699962,31.536123693509833,1162273.0830635647
2021-01-26 00:00:00+00:00,31.531478791035596,31.57892325097828,31.429985412436352,31.486919364793902,930417.9452337439
2021-01-27 00:00:00+00:00,31.505201382393803,31.523718053962853,31.02062500311346,31.093131507199416,1019310.9801454825
2021-01-28 00:00:00+00:00,31.05028202095685,31.12876162860014,30.183026477793366,30.19498052757688,964570.4570895995
2021-01-29 00:00:00+00:00,30.180758683859978,30.276075916616183,30.16601619017352,30.263104333846996,1058796.094641311
2021-01-30 00:00:00+00:00,30.24275796863924,30.251784408791263,29.78860419515885,29.813525864335706,921841.2117774803
2021-01-31 00:00:00+00:00,29.85734351180231,29.90960979018885,29.856824091359616,29.87679368800562,1192739.7753993755
2021-02-01 00:00:00+00:00,29.85929145573456,29.87125902991941,29.385719169566002,29.417836597705367,830938.7596923994
2021-02-02 00:00:00+00:00,29.440137670889158,29.452307639268138,28.717530521901455,28.789421494954258,1171548.0239680244
2021-02-03 00:00:00+00:00,28.770696266393312,29.019917855095983,28.739666639967126,28.93621652953809,1008998.8469108832
2021-02-04 00:00:00+00:00,28.92311944989489,29.063907327202173,28.90622277389779,29.035302238038348,1055242.4581746913
2021-02-05 00:00:00+00:00,29.028172614777148,29.404848084680484,28.935776078594177,29.38540279970066,1133452.4903091958
2021-02-06 00:00:00+00:00,29.42312910588497,30.721061572547647,29.381134893269497,30.710828828329014,1085766.149516607
2021-02-07 00:00:00+00:00,30.65278988680678,30.95874301759085,30.621151543739526,30.893972915086714,926997.3112206939
2021-02-08 00:00:00+00:00,30.853326840844698,31.252537905419068,30.833543566954237,31.207634142145807,1060008.9555262602
2021-02-09 00:00:00+00:00,31.146863354971845,31.23103366226363,30.517850324375868,30.554486191565015,1186747.3972634617
2021-02-10 00:00:00+00:00,30.521258123063465,30.609432529992574,29.757190532508883,29.79001807702577,911270.8287839177
2021-02-11 00:00:00+00:00,29.765840496829444,30.806767784907006,29.641555370814736,30.76045580008193,1211842.8511193977
2021-02-12 00:00:00+00:00,30.710793620825424,30.771024907504955,30.164433435042938,30.209618494773178,1038570.2485968564
2021-02-13 00:00:00+00:00,30.187440171429152,30.319437364528277,29.501390019517714,29.597251001542308,956677.2228079743
2021-02-14 00:00:00+00:00,29.53762099135368,29.649784355786846,29.475559318895098,29.585947649196005,910671.0615391745
2021-02-15 00:00:00+00:00,29.555829488107143,29.562413643867593,29.502864605491897,29.54444260805145,977671.2925591725
2021-02-16 00:00:00+00:00,29.579908359662134,29.623994105455637,28.970989686462538,29.027554342662874,804472.1668929504
2021-02-17 00:00:00+00:00,29.03926951730501,29.10742830369637,28.85717681234068,28.86258340039368,958475.5530941213
2021-02-18 00:00:00+00:00,28.867994201716638,29.643865695615336,28.79567093261589,29.592873689339843,973707.2756144388
2021-02-19 00:00:00+00:00,29.563198590185497,29.5882773624498,29.041610239197293,29.13131482555471,892558.635088758
2021-02-20 00:00:00+00:00,29.08656665101398,29.117101168146345,28.313285045680463,28.341871138827567,1074784.519490436
2021-02-21 00:00:00+00:00,28.309585324127763,28.95714152147317,28.188348267156606,28.89279133298982,978123.3712210613
2021-02-22 00:00:00+00:00,28.89154288047778,29.19673842463301,28.870950545587306,29.190346853182547,936420.5455385572
2021-02-23 00:00:00+00:00,29.21568923451265,29.279329021510577,28.7476870920176,28.841856853056242,967466.6064931457
2021-02-24 00:00:00+00:00,28.867882804930122,28.880071445341557,27.895789878793476,27.954672374473066,1035510.7473315848
2021-02-25 00:00:00+00:00,27.97230093646158,28.04208770624098,27.451146152469736,27.55246175579591,1007322.1210466994
2021-02-26 00:00:00+00:00,27.532140248505954,27.59576826628883,27.49056655028792,27.53334453770536,929902.4911912422
2021-02-27 00:00:00+00:00,27.534020476699286,28.194494182989242,27.50537891498386,28.194057832892817,1012565.3474040444
2021-02-28 00:00:00+00:00,28.184997883016777,28.31671998450836,27.62095757961132,27.626614486971146,994932.4042433742
2021-03-01 00:00:00+00:00,27.621056294936352,27.6821414925674,27.58045100927424,27.590988160113294,886053.5776851188
2021-03-02 00:00:00+00:00,27.64719453179895,28.019973655827975,27.58190346832178,27.977261659436465,971149.5306492739
2021-03-03 00:00:00+00:00,27.927965717761825,28.014556454801106,26.68616175848576,26.686738319565826,1057933.8270420888
2021-03-04 00:00:00+00:00,26.680475560789638,27.27295754218114,26.626919175785538,27.25514943154091,1057213.8259896508
2021-03-05 00:00:00+00:00,27.288175829080046,27.30664886608221,26.62773988321251,26.62880332665707,977003.5667596606
2021-03-06 00:00:00+00:00,26.589768390337603,26.895747865716203,26.545617362634964,26.81692911934799,1067677.2794785977
2021-03-07 00:00:00+00:00,26.79966579027386,26.99134916160762,26.73279856266482,26.96034370430131,902004.4503015379
2021-03-08 00:00:00+00:00,26.946080644574078,27.598044270367634,26.902449842730615,27.562571917847922,905101.2161806674
2021-03-09 00:00:00+00:00,27.556417478825292,27.882022773670506,27.534794853480165,27.87909849229124,974874.5036706319
2021-03-10 00:00:00+00:00,27.8346046454491,27.854139693008353,26.576942046131236,26.595218400551996,1149756.6136087137
2021-03-11 00:00:00+00:00,26.611050163337488,26.61925950346023,26.149591216018834,26.191524218243085,1016325.1626538206
2021-03-12 00:00:00+00:00,26.208975297739336,26.329666196493193,26.093091819579392,26.274528134985292,972463.4190334228
2021-03-13 00:00:00+00:00,26.287885456765608,26.329901059857875,26.160744394366848,26.182738563135665,1154413.8001206648
2021-03-14 00:00:00+00:00,26.159949796769464,26.450970982978625,26.112981835790702,26.444615763552626,971306.1564796461
2021-03-15 00:00:00+00:00,26.446903508174398,26.900098144842243,26.410456370387156,26.876166922608913,1223473.3237285996
2021-03-16 00:00:00+00:00,26.85199341659334,27.237891834881797,26.81138731432807,27.216106277501513,948871.6876379254
2021-03-17 00:00:00+00:00,27.207054291434414,27.252746359100506,27.05699822858784,27.110563304162692,898827.1270748699
2021-03-18 00:00:00+00:00,27.16894503272574,27.177039125564075,26.130162823240635,26.138170089970547,983363.8025148124
2021-03-19 00:00:00+00:00,26.140671392026984,26.18191330516003,25.789321877415087,25.911504947944273,975091.5739162983
2021-03-20 00:00:00+00:00,25.880734347194764,26.14878096494196,25.841963454758424,26.138633732569406,919228.0023650717
2021-03-21 00:00:00+00:00,26.14334745198806,26.163028402977876,25.578010531575533,25.584980867903575,1260197.4078158438
2021-03-22 00:00:00+00:00,25.550395194997936,25.953201488350853,25.532057597856202,25.920417771285546,1031862.6567805249
2021-03-23 00:00:00+00:00,25.889338920999442,26.439513200944596,25.798668456943567,26.406200632543374,1046424.9573671585
2021-03-24 00:00:00+00:00,26.378708526132325,26.548732172432313,26.319496747117938,26.483878636876607,953812.0732863079
2021-03-25 00:00:00+00:00,26.47211159926744,26.505758206087126,24.794604960396907,24.919748391488707,942233.061525487
2021-03-26 00:00:00+00:00,24.943097423109414,24.994129262712477,24.216472499651456,24.300546260852656,1102555.8355717699
2021-03-27 00:00:00+00:00,24.314601653020755,25.2539928167753,24.24032608728213,25.2448610727182,832415.8227410238
2021-03-28 00:00:00+00:00,25.258064017121484,25.377977992166496,24.960782956229142,24.980408490724287,885713.5527209631
2021-03-29 00:00:00+00:00,24.95295690617534,24.98159991451837,24.011640319688535,24.018130744111296,975269.1494392445
2021-03-30 00:00:00+00:00,24.005129385148777,24.676075010204613,23.93063714762346,24.62873721399891,1135104.7305634313
2021-03-31 00:00:00+00:00,24.63543625778225,24.651341286879376,24.624631157398067,24.645172817557093,962548.3027030525
2021-04-01 00:00:00+00:00,24.62968776293247,25.21188876678131,24.541395658304662,25.20594456635077,1041615.1557274195
2021-04-02 00:00:00+00:00,25.19892807728741,25.50905976405749,25.192304992713932,25.356092480371835,1002772.8679388092
2021-04-03 00:00:00+00:00,25.367283612196644,25.620028735917476,25.3386365180986,25.599945393508094,1129625.8412936807
2021-04-04 00:00:00+00:00,25.591016831914594,25.814251394814583,25.5010352002109,25.79679871387745,841527.6981787079
2021-04-05 00:00:00+00:00,25.802630327594855,26.193998421354323,25.731399290731456,26.169645479185867,1073596.3203722779
2021-04-06 00:00:00+00:00,26.21132661822451,27.452895363599247,26.20765263942575,27.400157966578043,980110.1070257403
2021-04-07 00:00:00+00:00,27.395449008337852,27.960403047597836,27.299195982935807,27.948650206882636,1092488.4193919408
2021-04-08 00:00:00+00:00,27.981611106802227,27.990881739855087,27.039854680989716,27.08993126859219,918071.7893899685
2021-04-09 00:00:00+00:00,27.105084565269255,27.41680211486826,27.035829013277578,27.343951406353582,1002439.3069862839
2021-04-10 00:00:00+00:00,27.303831212582317,27.998023658356345,27.296637006603536,27.986575943180174,989749.3289087316
2021-04-11 00:00:00+00:00,27.9557309015109,28.751759146257886,27.944138276631115,28.6793967228376,899756.4528679587
2021-04-12 00:00:00+00:00,28.655489695800515,28.761392942155034,28.418488593200525,28.44711874436397,871958.6987053036
2021-04-13 00:00:00+00:00,28.422801153975154,29.192556923399184,28.378629472176517,29.129335814816663,941958.8638136857
2021-04-14 00:00:00+00:00,29.126705734481682,29.776319937906973,29.122115235142765,29.68674405247934,1012993.1128995
2021-04-15 00:00:00+00:00,29.704990833018126,31.28353568707944,29.641878873685503,31.266616620359322,924308.7775695507
2021-04-16 00:00:00+00:00,31.305861177372243,31.319628077777953,30.791426429062792,30.813439185067203,966992.6436972182
2021-04-17 00:00:00+00:00,30.822935119421984,30.85459004269147,30.328675332891113,30.51452868314499,811420.2645516428
2021-04-18 00:00:00+00:00,30.500928981548313,30.610155920512597,30.30615794184042,30.3404115822479,962935.007951627
2021-04-19 00:00:00+00:00,30.277235525902636,30.333921361027407,30.002112700414056,30.0564144215974,1102358.6646625008
2021-04-20 00:00:00+00:00,30.058536091129987,30.189122283497856,29.477314600513722,29.537944217311573,1070518.0325970084
2021-04-21 00:00:00+00:00,29.538705415855404,29.57148113074865,27.94952489069979,27.961321253541072,991307.8062972856
2021-04-22 00:00:00+00:00,27.966436183185284,27.969490950345172,27.63500268721316,27.730369429306627,1024365.2725014163
2021-04-23 00:00:00+00:00,27.788776250868832,27.9600363146225,27.772405168950932,27.94715325584486,917173.9604405843
2021-04-24 00:00:00+00:00,27.981824397649987,28.022480287458297,27.57840447216231,27.68389693854883,1162443.8683291401
2021-04-25 00:00:00+00:00,27.705630484100148,28.893819471671442,27.696672094336243,28.787997012305606,1206776.2506513905
2021-04-26 00:00:00+00:00,28.760300738759497,28.853374424554925,28.68257592569153,28.80721988331621,1016482.3630705975
2021-04-27 00:00:00+00:00,28.792441930777112,29.616837173409113,28.770485194195956,29.572551804653052,1259068.5836061493
2021-04-28 00:00:00+00:00,29.569747007601265,29.78545027125469,29.533994794284826,29.73946749351746,931981.7628464657
2021-04-29 00:00:00+00:00,29.71640729855871,30.305869882777323,29.579471854068114,30.247186796015146,874892.0759931047
2021-04-30 00:00:00+00:00,30.26232443998715,30.502610722305604,30.19707883697444,30.428753881813048,929037.6245905883
2021-05-01 00:00:00+00:00,30.439614173344072,31.30461349950343,30.43046296301595,31.285780756318893,978050.973492501
2021-05-02 00:00:00+00:00,31.25173219730999,31.343253243101298,31.20649477275086,31.333333295447634,1231206.6551202964
2021-05-03 00:00:00+00:00,31.3708335522873,31.719257042375972,31.31625643808504,31.65844401577636,971884.087259404
2021-05-04 00:00:00+00:00,31.661683001751484,31.91250034980967,31.61640848389508,31.904005469881447,914034.4187195979
2021-05-05 00:00:00+00:00,31.84884117455797,31.899234383603066,31.680975648214485,31.733276306547182,910154.1140422564
2021-05-06 00:00:00+00:00,31.731647029436953,32.01517097473882,31.700673396608142,32.00414745734944,1114002.2112043279
2021-05-07 00:00:00+00:00,32.01314723023076,33.50925385776167,31.869132073077612,33.48016678927752,1099730.1748309035
2021-05-08 00:00:00+00:00,33.51273603978972,33.613471375670265,33.28520432697498,33.312919293733955,951452.181364639
2021-05-09 00:00:00+00:00,33.30167696955306,33.78433624227757,33.23440687200461,33.607006982812536,812421.5883922845
2021-05-10 00:00:00+00:00,33.63483150994797,34.502955056033365,33.61016337591742,34.47692174937914,887140.6455290716
2021-05-11 00:00:00+00:00,34.48337382901304,35.31674540881645,34.4280730499906,35.286315681012965,1172124.3837499542
2021-05-12 00:00:00+00:00,35.23991224894069,35.34228463625805,35.18352355069475,35.30870589219343,1068880.788454947
2021-05-13 00:00:00+00:00,35.25873818480013,35.29575510100498,33.56818834468107,33.678571861538785,1006546.1375558304
2021-05-14 00:00:00+00:00,33.71637807479449,34.14345306270746,33.62595402734911,34.04202673323777,1186883.3173151058
2021-05-15 00:00:00+00:00,34.08274045861077,34.11408825108364,32.53845315285489,32.57699474245571,1195832.6272811517
2021-05-16 00:00:00+00:00,32.587514154756896,33.59060803384643,32.54300307818021,33.56235665031667,996406.0398038701
2021-05-17 00:00:00+00:00,33.612556092737194,33.72984805713104,33.52966347743078,33.68978172787529,998242.8239468333
2021-05-18 00:00:00+00:00,33.72537868306103,34.50208112367583,33.63226006671752,34.38388718815868,941795.3317887924
2021-05-19 00:00:00+00:00,34.4073930012717,34.42920932671401,33.74680247588653,33.78259862007992,971539.6712514865
2021-05-20 00:00:00+00:00,33.751812149838166,33.79590503837547,32.757432860721046,32.762864257977256,851367.5024199878
2021-05-21 00:00:00+00:00,32.81959082311969,33.04606791010754,32.76743223508442,32.94734807521233,850961.362381594
2021-05-22 00:00:00+00:00,32.96501778517253,33.067365397140016,32.86298934434312,32.93838534908158,827734.1131094098
2021-05-23 00:00:00+00:00,32.9256764428408,32.95342692119073,32.508830246888174,32.6292096613893,1108433.7006919445
2021-05-24 00:00:00+00:00,32.60740453927577,32.72720949757031,32.578929303010426,32.697581492708,843859.7777087437
2021-05-25 00:00:00+00:00,32.705977701330056,34.78770061449847,32.6401943095581,34.57219798233162,1194996.2298706155
2021-05-26 00:00:00+00:00,34.514425796810414,35.19099485016413,34.5099177480877,35.16813241716504,926962.2108800595
2021-05-27 00:00:00+00:00,35.192738619561396,36.02206157236791,35.1843186149585,35.928480713396354,1173734.9906782538
2021-05-28 00:00:00+00:00,35.89422036277176,36.5689962290438,35.876408246504845,36.55467384646535,963494.5657134526
2021-05-29 00:00:00+00:00,36.56822130500828,37.740959485875166,36.49963456797078,37.66752420591356,843381.3229079524
2021-05-30 00:00:00+00:00,37.64787605922982,37.67768326773986,37.4771467139564,37.539618283860285,1128377.8898065467
2021-05-31 00:00:00+00:00,37.52969210631749,37.559910233990664,36.028545704993505,36.04260232474195,1140186.5627633226
2021-06-01 00:00:00+00:00,36.01532132320221,36.057605067339885,35.889525800628874,35.92128131109596,909394.8999732989
2021-06-02 00:00:00+00:00,35.91548974334289,36.62559518455214,35.907749086961736,36.523819187945485,966834.7733402549
2021-06-03 00:00:00+00:00,36.59282654486162,36.709374816968385,35.793828418715016,35.83656068026577,909420.4063439021
2021-06-04 00:00:00+00:00,35.88619645363628,35.90764549290128,35.71062866903963,35.72466338327445,987947.3305542282
2021-06-05 00:00:00+00:00,35.73732702461811,35.75344256029609,35.063328137920415,35.24789835936351,1010782.9147440854
2021-06-06 00:00:00+00:00,35.2470067896618,36.392423970228386,35.23416350641371,36.337362848790214,964861.6940884572
2021-06-07 00:00:00+00:00,36.3680388937738,36.93565419310995,36.3352898371911,36.90088859105373,818110.8604609147
2021-06-08 00:00:00+00:00,36.94258550267788,37.42046224808932,36.8904609442833,37.3998406691323,941912.0684909978
2021-06-09 00:00:00+00:00,37.36880559385342,37.93474812219345,37.29256774347338,37.88284876540301,1070351.8763554043
2021-06-10 00:00:00+00:00,37.87991516049193,37.89006203395317,37.812199301118284,37.869782002936496,979110.0457404084
2021-06-11 00:00:00+00:00,37.800784841964294,38.08590081944304,37.742771784331396,38.034917184219516,967255.9372438294
2021-06-12 00:00:00+00:00,38.07763427997271,38.13498774950186,37.14284089814895,37.15881110464125,906922.3454969235
2021-06-13 00:00:00+00:00,37.235544950959664,37.24766279250502,35.50954585503811,35.58314532798698,938994.8630802383
2021-06-14 00:00:00+00:00,35.58599491965719,35.72012996283852,35.4954865537635,35.70439186011933,1140894.810658196
2021-06-15 00:00:00+00:00,35.62851966591307,36.06091632385356,35.6083468750822,35.950878034445054,886022.2743197891
2021-06-16 00:00:00+00:00,35.97276818314285,36.88091267722847,35.96452233550036,36.84569544805118,1072082.309668523
2021-06-17 00:00:00+00:00,36.81238365397737,38.067002716139335,36.74652107298972,38.03723374236729,1004705.5220903525
2021-06-18 00:00:00+00:00,38.012001764601834,39.298759732063225,37.943266539105096,39.266254466099745,1024481.0663121402
2021-06-19 00:00:00+00:00,39.29085777406373,39.33875787582044,38.45036007539618,38.50565113157959,926764.3718985382
2021-06-20 00:00:00+00:00,38.51545290393069,38.5776801940031,38.24654028413174,38.250617826223134,964822.2633952083
2021-06-21 00:00:00+00:00,38.231947364000035,38.66264359686738,38.09879642043512,38.635301238027395,999427.9819828043
2021-06-22 00:00:00+00:00,38.61020352872591,40.698386234456024,38.546296284822525,40.65836077366544,947933.3035390803
2021-06-23 00:00:00+00:00,40.66347706139695,42.01885697382951,40.58516620784681,41.896675328374776,1033143.2104036548
2021-06-24 00:00:00+00:00,41.87952008306301,42.918225015548195,41.84002844765507,42.8623757614808,1045743.9016123072
2021-06-25 00:00:00+00:00,42.81483122265172,42.83762780696115,42.530097847957876,42.548247193874666,1217270.662361992
2021-06-26 00:00:00+00:00,42.534097213421546,42.64178874837131,41.81671294267791,41.81999889234704,1027819.002936237
2021-06-27 00:00:00+00:00,41.83420065547542,42.549197454462906,41.80544773523184,42.502071893693326,808775.7344481163
2021-06-28 00:00:00+00:00,42.49450212734204,42.715433975884224,41.58771656246611,41.59332093364429,1116301.908083868
2021-06-29 00:00:00+00:00,41.53452841687489,41.587800911603765,41.407068811754286,41.41200741166327,979612.9358363808
2021-06-30 00:00:00+00:00,41.452966563094286,41.49924065773001,41.29662807953736,41.3335828617951,1201192.5362936854
2021-07-01 00:00:00+00:00,41.22037797232337,42.72735320880107,41.15663523674342,42.68867043682139,1147092.445250531
2021-07-02 00:00:00+00:00,42.6696157018239,42.67082199398063,42.312151708183876,42.40386906555625,949473.2616288434
2021-07-03 00:00:00+00:00,42.37757025149468,42.39390151831686,40.23096301739274,40.40100322050178,1072190.2783871177
2021-07-04 00:00:00+00:00,40.406989795823876,40.83534316028054,40.39036513516199,40.826995205129926,940604.4852252112
2021-07-05 00:00:00+00:00,40.849926169064,40.85175823173843,40.23852354087865,40.2762946074204,1000269.0826414693
2021-07-06 00:00:00+00:00,40.32167651879119,40.43520816974214,40.28790376907798,40.32677713037723,1067598.4814353953
2021-07-07 00:00:00+00:00,40.29804813782297,40.299632672154075,40.15587578303113,40.273013289272534,1111300.020604651
2021-07-08 00:00:00+00:00,40.296636727539216,40.384123637966056,40.0291303859274,40.069182365891585,1089520.5828886242
2021-07-09 00:00:00+00:00,40.0770286485862,40.80042010419603,40.06882410060306,40.723866901434874,1007498.9631912827
2021-07-10 00:00:00+00:00,40.65416639972335,40.708402761098675,39.42557008596229,39.510127575684514,1248342.3900081217
2021-07-11 00:00:00+00:00,39.58521816363944,39.72666555517963,39.09334149095512,39.119331198425535,963497.9593472912
2021-07-12 00:00:00+00:00,39.06304727770297,39.76266005769381,38.97058596583542,39.67405736158905,839279.9368300702
2021-07-13 00:00:00+00:00,39.690700520433694,39.727049366700605,39.16722823027173,39.20545172019278,858530.0704790675
2021-07-14 00:00:00+00:00,39.22074027595783,39.276882983556725,37.91193623334677,37.97923934613811,1147400.7730122341
2021-07-15 00:00:00+00:00,37.98970782146679,38.58076980595224,37.89847364883523,38.50587335373403,992334.7080153195
2021-07-16 00:00:00+00:00,38.48682923894583,39.48970561606509,38.48077570189089,39.396330478761534,1015905.7498054091
2021-07-17 00:00:00+00:00,39.4289211975953,39.58477494911596,39.37592274581106,39.37664101138104,945747.6120075663
2021-07-18 00:00:00+00:00,39.315198981513745,39.390446940903104,37.84822173423471,37.8774466888059,954729.7520700811
2021-07-19 00:00:00+00:00,37.874953262372316,38.51950921813126,37.670750316811386,38.43141621558557,921290.4139050705
2021-07-20 00:00:00+00:00,38.40974571319755,38.41884270206485,37.16069788422605,37.19139800418037,1047115.0813330088
2021-07-21 00:00:00+00:00,37.166208346849544,37.468229889206924,37.13277621560911,37.43677400984326,990262.0082462899
2021-07-22 00:00:00+00:00,37.45282494386938,37.456182880583874,36.7364859676493,36.792874810015306,1043500.5377803402
2021-07-23 00:00:00+00:00,36.83251834314807,36.92836351696738,35.92564435810894,35.96360379748731,1033943.8385317483
2021-07-24 00:00:00+00:00,35.9512590832674,35.95224805779713,35.59930544085752,35.66141247219153,957412.1266367104
2021-07-25 00:00:00+00:00,35.68925266254861,35.766537047809734,35.50333550412543,35.54513402510159,854126.9374697212
2021-07-26 00:00:00+00:00,35.54690206372131,35.575015667377684,35.100300627687716,35.1041411481727,845420.0404000642
2021-07-27 00:00:00+00:00,35.07280255069209,35.59987260660113,35.010002609498066,35.53411320768689,1302665.1591695067
2021-07-28 00:00:00+00:00,35.5249471088035,35.54300732948403,35.15195909529222,35.23259973818985,1147817.344442331
2021-07-29 00:00:00+00:00,35.22204807167235,36.05103438459016,35.14901195454432,35.94448268093575,1134018.2566891215
2021-07-30 00:00:00+00:00,35.919441600776196,36.223228760731324,35.87964279153131,36.161646335722274,932539.3193013105
2021-07-31 00:00:00+00:00,36.17714098384922,36.1776546820243,35.502709098887685,35.67491995211763,1000950.9733763121
2021-08-01 00:00:00+00:00,35.683290936081065,35.72198484542888,34.95257567249359,35.07642042197297,918463.720761683
2021-08-02 00:00:00+00:00,35.02062612441239,35.072924267762694,33.8986000528034,33.95306724568619,868791.7904834109
2021-08-03 00:00:00+00:00,33.89699287251183,34.17615631740556,33.88029026189602,34.16473116413731,941122.6479624299
2021-08-04 00:00:00+00:00,34.17924039431067,34.25892323262065,33.8254980591667,33.93687252898458,1132618.496342958
2021-08-05 00:00:00+00:00,33.90920425737597,34.03451977124458,32.36814219753027,32.377320655998204,1084074.536692397
2021-08-06 00:00:00+00:00,32.387099939328195,32.3882197196094,32.03461938881481,32.04508766028619,902995.1998377979
2021-08-07 00:00:00+00:00,32.07011268116339,32.07533274652003,31.40803814547356,31.485377128446896,968518.3949842525
2021-08-08 00:00:00+00:00,31.445360699048713,32.532729822732,31.342544828313216,32.50639280705112,1074912.317193658
2021-08-09 00:00:00+00:00,32.46050882259208,32.53711339918412,31.420117472443977,31.430576704948056,942902.8604812663
2021-08-10 00:00:00+00:00,31.48320505837878,31.516254773783924,30.527511718069658,30.549679162459643,1007958.624483273
2021-08-11 00:00:00+00:00,30.56041953708204,31.34449871141683,30.54174556777372,31.247943823742908,1040184.7447064811
2021-08-12 00:00:00+00:00,31.234843415254552,32.163918296808966,31.204779186273928,32.120319609984456,1039093.0551844131
2021-08-13 00:00:00+00:00,32.09032114414877,32.175474390177754,31.656663524614952,31.657946165257258,1025414.5427690287
2021-08-14 00:00:00+00:00,31.641786656342003,31.69444695298742,31.157851780242265,31.272761038565378,934630.282621749
2021-08-15 00:00:00+00:00,31.23552855439898,31.68939472069002,31.206781434169528,31.67324037655706,944902.5412481185
2021-08-16 00:00:00+00:00,31.70122090269861,31.78828863190043,30.235215236430765,30.24497866909504,886635.0148479375
2021-08-17 00:00:00+00:00,30.221485847023022,30.266693697988487,29.036427707786377,29.15149805120741,843866.3406497728
2021-08-18 00:00:00+00:00,29.183376222624727,29.198936178016528,28.99944451582499,28.99987833349783,988525.1258309771
2021-08-19 00:00:00+00:00,28.98826014356762,29.934785851659157,28.93360745474886,29.924856194548838,1081625.961458719
2021-08-20 00:00:00+00:00,29.893634090343532,29.91332309790001,29.67406383470311,29.677074463157826,861971.7605846054
2021-08-21 00:00:00+00:00,29.664423079186577,29.79843786011429,29.644975095280692,29.748942346305903,1027297.3244124257
2021-08-22 00:00:00+00:00,29.67087616013492,30.443678668672156,29.645079833454673,30.443404369610132,1078463.1213383395
2021-08-23 00:00:00+00:00,30.439727762995304,31.785935006078933,30.438090588919504,31.766334328708574,816326.6231178654
2021-08-24 00:00:00+00:00,31.760930265607403,31.868089499737163,31.33535513018427,31.414516362696954,972941.8899863781
2021-08-25 00:00:00+00:00,31.4404252572034,31.452329880106134,31.313725210722517,31.416503881447717,1164621.0200458374
2021-08-26 00:00:00+00:00,31.357242775356134,32.615263663720484,31.34075462268094,32.595507123622596,1055194.1017757372
2021-08-27 00:00:00+00:00,32.63337874686482,32.70047741301063,31.543275011687307,31.63077297578344,812954.2850937712
2021-08-28 00:00:00+00:00,31.6567291657876,32.41963646095276,31.65170537683699,32.30048018375757,1065833.946241161
2021-08-29 00:00:00+00:00,32.340921792076024,32.36559830476891,31.610453308485997,31.66195447607667,925226.3205771671
2021-08-30 00:00:00+00:00,31.660285214269713,31.770185229784627,31.596153560890293,31.739603826486785,1069130.693009276
2021-08-31 00:00:00+00:00,31.771784510322135,31.8327908458828,31.58174065260742,31.598601150858553,930991.8233399226
2021-09-01 00:00:00+00:00,31.552111897403947,31.554859869862646,30.960813029205788,31.011329957761504,994696.7555588036
2021-09-02 00:00:00+00:00,31.033442511081642,31.144920510942267,30.40782234179558,30.419704770368284,946245.723143705
2021-09-03 00:00:00+00:00,30.3962462268153,30.64110534460739,30.322865257404867,30.600577121279848,1000315.7722738505
2021-09-04 00:00:00+00:00,30.550043272148567,31.254074920044502,30.517666913709007,31.228453660515456,943271.9826088989
2021-09-05 00:00:00+00:00,31.19334849043605,31.208300004917106,31.11336034135902,31.159990977622197,977646.1758445522
2021-09-06 00:00:00+00:00,31.160163327851983,31.238305484119728,31.13133729497638,31.21620011850173,882439.4991689323
2021-09-07 00:00:00+00:00,31.19046862946049,31.641767137070683,31.1778456122697,31.587474832311973,1049065.959541399
2021-09-08 00:00:00+00:00,31.599354045529513,31.683547219931363,30.984615827424403,30.99197501513048,1017528.5208643925
2021-09-09 00:00:00+00:00,30.935934162004372,31.518295512658856,30.932757783871395,31.46645792308247,838346.7825895848
2021-09-10 00:00:00+00:00,31.399525697727988,32.02830289581627,31.32617902341298,31.99913952524809,1099291.666020193
2021-09-11 00:00:00+00:00,32.043054742235945,33.805721097966774,31.89263350970259,33.723048609359694,982371.2040345503
2021-09-12 00:00:00+00:00,33.753527505056645,33.90217592020676,33.48167841691196,33.483723489204856,1016176.239623591
2021-09-13 00:00:00+00:00,33.44858912409302,33.54053737002613,33.186355526840075,33.191632755855046,1076456.1672029186
2021-09-14 00:00:00+00:00,33.19153319279057,33.72897860627118,33.10048874147019,33.719528025490405,1032824.2242359984
2021-09-15 00:00:00+00:00,33.75390532237905,34.41938383560243,33.708555788324304,34.29018698619556,1116520.31584609
2021-09-16 00:00:00+00:00,34.304561453438566,34.510507367875746,33.88957433260532,33.93875159669768,970670.4477794588
2021-09-17 00:00:00+00:00,33.943782103539945,34.04760839827992,33.65561485247271,33.6796643320443,1103442.938622704
2021-09-18 00:00:00+00:00,33.71654875389478,34.06110946811416,33.59187966323856,34.05976718250925,1012292.461780732
2021-09-19 00:00:00+00:00,34.03487928572654,34.03936494925052,33.446366797032745,33.5140634389574,1050763.342450669
2021-09-20 00:00:00+00:00,33.51510835546387,33.557551917823886,33.21510826624845,33.253315457075175,1040362.9172797904
2021-09-21 00:00:00+00:00,33.25272193067556,33.362906580161514,33.22739819162487,33.32628185105564,1124073.0325309527
2021-09-22 00:00:00+00:00,33.317191706176686,34.085726991773754,33.30621835442071,34.01035728203851,1072141.2373559293
2021-09-23 00:00:00+00:00,33.997099857324585,34.0251873356666,33.480606505649355,33.61502473812186,955705.4519690153
2021-09-24 00:00:00+00:00,33.61747420573909,33.61973399164569,32.359894080330506,32.41189362420855,935873.2956000152
2021-09-25 00:00:00+00:00,32.41300883630831,32.42796891759244,31.15869279219364,31.20547291126541,995024.5852405167
2021-09-26 00:00:00+00:00,31.172756230866877,31.221957108459723,30.35620969740704,30.441451989973867,923989.8558920752
2021-09-27 00:00:00+00:00,30.46585982167086,30.520786519289107,29.630598439317307,29.664228062848704,894780.7798673653
2021-09-28 00:00:00+00:00,29.635264349368335,29.672094864560105,29.58116726754069,29.584472985067865,787194.7530701958
2021-09-29 00:00:00+00:00,29.57801666362322,29.629465692894197,28.81828528641119,28.900880428616787,845073.7242171289
2021-09-30 00:00:00+00:00,28.8923465629818,28.923688489910557,28.484481215107085,28.50891827104783,1198540.6361111524
2021-10-01 00:00:00+00:00,28.519127417673698,28.58043442552269,28.067071130240624,28.082180868989703,934349.9750370224
2021-10-02 00:00:00+00:00,28.02267180886033,28.030114431696603,27.817440823595458,27.846995671363672,1190346.0299821144
2021-10-03 00:00:00+00:00,27.871804833123587,28.64455105529678,27.847180639028103,28.604818190324703,1040315.460115558
2021-10-04 00:00:00+00:00,28.585453004514655,29.051340473033747,28.5506779993103,28.99763061212468,995024.1978363895
2021-10-05 00:00:00+00:00,29.033006657106977,29.157427522356656,28.98186300559362,29.01859153303892,849939.4883178766
2021-10-06 00:00:00+00:00,29.004715860408957,29.016879430866947,28.735114596529034,28.763757838976446,1000466.889557605
2021-10-07 00:00:00+00:00,28.762352913904405,28.83332933850355,28.502317348524016,28.52701500390632,1189218.376696823
2021-10-08 00:00:00+00:00,28.58160960698562,28.785634900431518,28.551183259887594,28.72610992223908,1155763.674401674
2021-10-09 00:00:00+00:00,28.718143074367635,29.11054240541205,28.65318410350525,29.07532406132428,1027423.8652697578
2021-10-10 00:00:00+00:00,29.111344023184493,29.112894736765732,28.5476948388798,28.563723222952575,885133.1634094984
2021-10-11 00:00:00+00:00,28.564838495969855,28.669358778936896,28.48643126037443,28.596007467320522,904283.4654750847
2021-10-12 00:00:00+00:00,28.60788678729366,28.619612717601665,27.370379024163434,27.468357825344196,914740.815660754
2021-10-13 00:00:00+00:00,27.470279472911102,27.63050982171222,27.42969383062834,27.595949186497286,1127815.49273627
2021-10-14 00:00:00+00:00,27.619346456894355,28.053612895133444,27.457994493703197,28.03102628142543,1163172.043610876
2021-10-15 00:00:00+00:00,28.0118101267688,28.053821961236867,27.827351433052044,27.885604994124556,1019589.2834967586
2021-10-16 00:00:00+00:00,27.85816420571659,28.94551224043673,27.839110787175795,28.92890144989499,969691.9564476847
2021-10-17 00:00:00+00:00,28.910428142215324,28.941202291877723,28.385614964279643,28.434874768647067,1154871.0496660983
2021-10-18 00:00:00+00:00,28.437710020710977,28.57705548841975,28.404226431137538,28.570227666248655,902142.6459135044
2021-10-19 00:00:00+00:00,28.5639188232725,28.670426432626435,28.53749161467449,28.56118676472374,1005182.3327600367
2021-10-20 00:00:00+00:00,28.581473058124924,28.624123507772445,28.441375797727805,28.515355642363705,1046296.599954613
2021-10-21 00:00:00+00:00,28.552560530801983,28.63932601477075,28.452511081657082,28.461613745511126,913719.93928236
2021-10-22 00:00:00+00:00,28.43383981167868,28.547986129588864,28.36084453601671,28.534058072266276,936408.5778608692
2021-10-23 00:00:00+00:00,28.513115534824294,29.06293634238452,28.48493202410305,29.033710001611073,928626.2420812397
2021-10-24 00:00:00+00:00,28.992010642846896,29.872109676328254,28.97408020196716,29.856790263423544,1141672.6855988086
2021-10-25 00:00:00+00:00,29.91741068396516,29.964524885182552,29.844073256926325,29.867391159486672,1191436.7277057087
2021-10-26 00:00:00+00:00,29.87649084259131,30.38555089936793,29.84293304519353,30.37055671685701,1011479.2530236561
2021-10-27 00:00:00+00:00,30.38512858043102,30.413697544649082,29.910095698316486,29.959254378572243,973178.1412957212
2021-10-28 00:00:00+00:00,29.919102734644802,30.503189254684077,29.85945644910755,30.43390795753882,940015.8925006704
2021-10-29 00:00:00+00:00,30.433872350201074,30.479031951139504,29.969923710949942,29.985608493766254,1000174.6313450328
2021-10-30 00:00:00+00:00,30.000878604453103,30.70929774963347,29.990365945195546,30.65913769854817,944977.824856321
2021-10-31 00:00:00+00:00,30.65138836570971,32.11873672307502,30.615585066899005,32.05789753486727,990296.975764478
2021-11-01 00:00:00+00:00,32.092382395565636,32.13142910736973,31.967944397134293,31.99251240884799,1041323.2823003924
2021-11-02 00:00:00+00:00,32.066473694822285,32.14210967597556,30.562646425144038,30.63217779494814,959468.7057209632
2021-11-03 00:00:00+00:00,30.60316719804561,30.633377558372377,30.2614830086401,30.31035974080078,981041.1937385902
2021-11-04 00:00:00+00:00,30.279379908688743,31.119455789094253,30.264783101216004,31.078835668731465,981454.5514927695
2021-11-05 00:00:00+00:00,31.05155603221367,31.469219260424705,31.010430908036806,31.437096039593094,968243.656527386
2021-11-06 00:00:00+00:00,31.487590276845246,31.620787422294445,31.408305941748562,31.6066287800887,955855.2122983789
2021-11-07 00:00:00+00:00,31.639574117651012,32.419850548981145,31.553764605315425,32.26361863092426,1076219.6602936806
2021-11-08 00:00:00+00:00,32.25924601309708,32.610455252393656,32.22070621357896,32.590776080460074,822926.3971023557
2021-11-09 00:00:00+00:00,32.59196758829614,33.41369925109538,32.56864070248544,33.407613054368404,1157427.9859001264
2021-11-10 00:00:00+00:00,33.380334280862414,34.069141949880624,33.327278440468234,34.04122476749961,1013552.9463202996
2021-11-11 00:00:00+00:00,34.07152238202552,35.23051161914007,34.03553532217217,35.107201920905375,1061001.7575986513
2021-11-12 00:00:00+00:00,35.093864630856274,35.456423936003496,35.06370269407598,35.374181363740504,1072507.7783148875
2021-11-13 00:00:00+00:00,35.36498136906537,36.075498744220944,35.26511118669701,36.034881577943764,929194.083996943
2021-11-14 00:00:00+00:00,36.05681924526668,36.122072901543184,35.79390323852779,35.82854279794616,908564.1443820758
2021-11-15 00:00:00+00:00,35.82180721326125,35.862198233766954,35.402866594670826,35.41429826460561,896773.0715346172
2021-11-16 00:00:00+00:00,35.405977108829845,36.73432847304319,35.35966290175658,36.65870793257881,975293.1970171412
2021-11-17 00:00:00+00:00,36.659095605949624,36.9411754110559,36.64006856573503,36.83229679960011,1069920.469155103
2021-11-18 00:00:00+00:00,36.861591566262106,37.49746407195086,36.7785058704837,37.44498173891361,941623.7974779176
2021-11-19 00:00:00+00:00,37.50663464205835,37.60708535456786,37.43125478980447,37.552783463179594,1060793.1640178305
2021-11-20 00:00:00+00:00,37.5747701008798,37.66172778677592,37.067198892557776,37.129700031821315,763207.8781138802
2021-11-21 00:00:00+00:00,37.15952684797578,37.256608741758754,37.059665715645465,37.15271487190213,961443.279802475
2021-11-22 00:00:00+00:00,37.145289750916895,38.336261616100636,37.139660395031726,38.250503649784285,1116713.7367611562
2021-11-23 00:00:00+00:00,38.22343002503584,38.70131079465021,38.17222942733654,38.693109263916305,982902.8710967065
2021-11-24 00:00:00+00:00,38.71841402465727,38.82652351806148,37.37597950986447,37.406035402201624,917085.6363833834
2021-11-25 00:00:00+00:00,37.41244084254894,37.510211714411554,37.25762064807852,37.26025379685106,934315.6777862402
2021-11-26 00:00:00+00:00,37.207246292339974,38.64101407586014,37.18132779012084,38.627831984378055,697197.7436931786
2021-11-27 00:00:00+00:00,38.615159366085194,38.65758490861848,38.414408659395576,38.478402708324516,898819.8029588079
2021-11-28 00:00:00+00:00,38.47521296327167,38.63420368604396,37.045991789076986,37.13231227789294,1105724.1372512584
2021-11-29 00:00:00+00:00,37.11335779696973,38.60535249689193,37.0328820568855,38.58055986441486,941739.7233103768
2021-11-30 00:00:00+00:00,38.63772605322333,39.25299451277346,38.54611819677384,39.12635846262663,953545.5637998774
2021-12-01 00:00:00+00:00,39.14513281678883,39.16216167035367,38.98523086404788,39.08724160851206,766818.7812963591
2021-12-02 00:00:00+00:00,39.140915228298326,39.25752682476328,38.785700333116054,38.813485762901735,836916.2206887437
2021-12-03 00:00:00+00:00,38.823710215544466,39.73021758921315,38.76508411960483,39.678710961709854,1119004.9178599752
2021-12-04 00:00:00+00:00,39.681940326147156,39.76799296298157,39.2533352558747,39.26663311296444,1061729.408066156
2021-12-05 00:00:00+00:00,39.22985607008594,40.218433201167926,39.16464597230481,40.194905411262184,870256.0968560568
2021-12-06 00:00:00+00:00,40.195384917720624,40.659866204563535,40.15193658589812,40.649403516497834,936942.760842678
2021-12-07 00:00:00+00:00,40.649934150790095,40.943006392007554,40.62917126914033,40.865157321845516,997082.7657001216
2021-12-08 00:00:00+00:00,40.80928999789758,41.08018769446809,40.74092089933205,41.00065724172213,880387.2267843244
2021-12-09 00:00:00+00:00,40.97853626086158,41.102026603639295,40.86234487751365,40.873778138210135,799585.6116486399
2021-12-10 00:00:00+00:00,40.86056435700243,41.835880303083314,40.81374048211764,41.75426235961408,984078.9612560564
2021-12-11 00:00:00+00:00,41.77152689297692,41.86162273611305,40.996127365705775,41.05426309928608,1057260.856217324
2021-12-12 00:00:00+00:00,41.073203488164424,41.109059119763046,39.72717144659159,39.75979315170724,1059185.7319729954
2021-12-13 00:00:00+00:00,39.73668004910904,40.26957653468704,39.73012208737608,40.26751167065644,1087523.7385542146
2021-12-14 00:00:00+00:00,40.28639188284881,40.84125842420481,40.17556360355421,40.79541706946442,844644.2738220177
2021-12-15 00:00:00+00:00,40.787989083602085,41.25494452189327,40.71888105613935,41.20561656356026,1005790.1909826938
2021-12-16 00:00:00+00:00,41.08737210113298,41.60682860268177,41.04790562350903,41.55962482227421,973154.8635770878
2021-12-17 00:00:00+00:00,41.539480787675714,41.70949604205115,41.17902445219242,41.310567183557424,991277.9314502807
2021-12-18 00:00:00+00:00,41.35514081626632,42.0200553923592,41.23909911946655,41.98313480323562,978821.8366365862
2021-12-19 00:00:00+00:00,41.91252732544226,42.168847424228346,41.897379417473985,41.96168008151066,933955.1819392485
2021-12-20 00:00:00+00:00,41.96640879361049,41.98544867854273,41.513289934744954,41.57148816279072,698220.9545784395
2021-12-21 00:00:00+00:00,41.63738983059116,41.70852672697067,41.248880578511404,41.32950804431649,1116182.9020570673
2021-12-22 00:00:00+00:00,41.29807228515644,43.10475587139059,41.25786524873958,43.05117478341455,1032999.0165475089
2021-12-23 00:00:00+00:00,43.05126730385167,43.163063737051495,41.45226722008258,41.59957694706682,851571.0212463492
2021-12-24 00:00:00+00:00,41.54533042243405,42.13262396301925,41.533417700256706,42.034291933639686,1047313.1652992755
2021-12-25 00:00:00+00:00,42.10269144249188,42.16068133532943,40.59800308102242,40.66238856082303,955269.519299853
2021-12-26 00:00:00+00:00,40.6590000571643,40.67414275868082,40.44224566940057,40.59069627019067,958102.7683582271
2021-12-27 00:00:00+00:00,40.59258888620456,40.75755174345991,40.11770146011829,40.256292809512495,923158.5398510967
2021-12-28 00:00:00+00:00,40.31081192560395,40.31187803176198,38.586106116958355,38.6275506314811,1053693.0472652265
2021-12-29 00:00:00+00:00,38.6531019216619,38.96910627670318,38.604113909187014,38.944849136744395,920017.6428483801
2021-12-30 00:00:00+00:00,38.91074790785751,38.93277428464435,38.64809779026774,38.665423821295775,890316.5313909401
2021-12-31 00:00:00+00:00,38.64039654603077,38.6809937670698,36.92197520838869,37.090528203053864,1113174.4810605994
2022-01-01 00:00:00+00:00,37.10888546656286,37.75056122888085,37.102081062942915,37.7336773584657,982111.8590233276
2022-01-02 00:00:00+00:00,37.71012697594133,38.88994912759317,37.63261533530582,38.847864904604904,985251.3610007792
2022-01-03 00:00:00+00:00,38.76561452244547,40.194111512242344,38.63979364599258,40.039065088603756,1069246.4120276666
2022-01-04 00:00:00+00:00,40.03693337680168,40.354443966289395,39.885237748381485,40.34367921715687,933241.3299153823
2022-01-05 00:00:00+00:00,40.283961992383276,40.47401780874691,40.21939544147496,40.397015009078956,953184.6827353114
2022-01-06 00:00:00+00:00,40.462307967336564,41.54906614286277,40.39317942021881,41.50106247604889,1030571.5269722835
2022-01-07 00:00:00+00:00,41.50839935084869,42.97955296059081,41.49630202443327,42.938407298955426,845862.2397536234
2022-01-08 00:00:00+00:00,42.89954052369212,44.06512843333823,42.79488516686142,43.94057155543283,1022109.9046768214
2022-01-09 00:00:00+00:00,43.90987324782541,43.913215678217675,42.992991894648014,43.13813128039151,924428.8540818633
2022-01-10 00:00:00+00:00,43.056626199204956,43.37753739932308,43.052878337615674,43.32952266954073,1085547.2592455149
2022-01-11 00:00:00+00:00,43.28188351079318,43.855903363928405,43.27122350409671,43.729570441727276,1054666.332684991
2022-01-12 00:00:00+00:00,43.77401381880434,43.79550892405898,42.057666618694526,42.19206638587344,1041454.8356975031
2022-01-13 00:00:00+00:00,42.286230055083124,42.612141351690624,42.28487286803547,42.607036522741545,839304.1351445443
2022-01-14 00:00:00+00:00,42.63798612550941,44.71614807464434,42.60384986332483,44.60648503129383,989660.4604826181
2022-01-15 00:00:00+00:00,44.602379337172586,45.24799271366127,44.535404558390454,45.19913620112312,882273.3439585723
2022-01-16 00:00:00+00:00,45.17961201046958,46.592025327885295,45.055774507352176,46.56951943246918,996313.6097022975
2022-01-17 00:00:00+00:00,46.52497588209176,46.85791426710761,46.46818176172158,46.75889627542046,768472.0323110261
2022-01-18 00:00:00+00:00,46.855208655459336,46.863833180551346,46.50485056705139,46.709154150219554,845916.7731624757
2022-01-19 00:00:00+00:00,46.70033785800852,47.189944089780695,46.641213273696124,47.085523336310956,1118903.3608840187
2022-01-20 00:00:00+00:00,47.18513887404536,47.42593721475701,46.31657276741057,46.342017764007046,1036905.317600656
2022-01-21 00:00:00+00:00,46.406596269875884,46.506703907691445,45.3866904890852,45.47549261086682,964618.4152520333
2022-01-22 00:00:00+00:00,45.39632903561611,46.666615608869286,45.313594153225246,46.66057772250169,909125.6677313778
2022-01-23 00:00:00+00:00,46.62950399897988,48.01145512860194,46.50288687105187,47.978188189416265,891574.6082412907
2022-01-24 00:00:00+00:00,47.94608861654144,47.97175104214813,46.90786384892662,47.05534059888157,1020015.5755088525
2022-01-25 00:00:00+00:00,47.051583401022995,48.01261361877891,46.99899035287495,47.99440034819165,965636.7690407655
2022-01-26 00:00:00+00:00,47.99150560178101,48.00923945849521,47.74281112879213,47.930169289361785,1154664.718331728
2022-01-27 00:00:00+00:00,48.07377953643562,48.299010313692,47.89130163861259,48.27632701848404,981523.627998965
2022-01-28 00:00:00+00:00,48.22432241334247,48.85101080330641,48.18080122311695,48.74222460574518,1005872.0492244533
2022-01-29 00:00:00+00:00,48.75338510977729,49.95506577092651,48.687646141027614,49.74115698792043,861149.6531944629
2022-01-30 00:00:00+00:00,49.77182279632279,49.865378679942246,49.60853517871367,49.84344846800129,963930.077482286
2022-01-31 00:00:00+00:00,49.84337011387754,51.350950820125576,49.83559148521284,51.28971797558002,1017699.1405067985
2022-02-01 00:00:00+00:00,51.295369106340814,51.66329878848612,51.278748098514484,51.62874337546789,962721.4288786813
2022-02-02 00:00:00+00:00,51.57480120518733,52.33532225109,51.493358791486294,52.29821523729956,951437.1466425767
2022-02-03 00:00:00+00:00,52.30378427522469,52.351427129388284,51.360732294781904,51.4544522072202,1032690.9625615324
2022-02-04 00:00:00+00:00,51.48076596242768,53.91264604120979,51.46043909934939,53.74604986320669,1151482.328156099
2022-02-05 00:00:00+00:00,53.763657100544144,54.29259591831414,53.70386891655031,54.27516044201328,1014496.9370307828
2022-02-06 00:00:00+00:00,54.30610818755729,55.12152562329861,54.23001024724193,55.07669235257442,1114418.628347314
2022-02-07 00:00:00+00:00,55.154494123332576,55.28372380664692,53.29743689957327,53.35474443380836,1062160.237751878
2022-02-08 00:00:00+00:00,53.404736044195225,53.53255495200254,52.45175971440859,52.50502417946795,1108435.337466785
2022-02-09 00:00:00+00:00,52.508767504873504,53.90483441014116,52.46051630408742,53.842684103816175,939028.0076653362
2022-02-10 00:00:00+00:00,53.779593489029715,54.27152176290627,53.738882194211904,54.17417721677694,979307.2505015598
2022-02-11 00:00:00+00:00,54.14167242469374,54.297874440804236,52.15349244265104,52.16067012909817,979722.6429235335
2022-02-12 00:00:00+00:00,52.14921402103294,53.369096999755904,52.066344777411935,53.2764589930349,1054627.7236563978
