timestamp,open,high,low,close,volume
2015-01-02 00:00:00+00:00,206.3800048828125,206.8800048828125,204.17999267578125,205.42999267578125,121465900
2015-01-05 00:00:00+00:00,204.1699981689453,204.3699951171875,201.35000610351562,201.72000122070312,169632600
2015-01-06 00:00:00+00:00,202.08999633789062,202.72000122070312,198.86000061035156,199.82000732421875,209151400
2015-01-07 00:00:00+00:00,201.4199981689453,202.72000122070312,200.8800048828125,202.30999755859375,125346700
2015-01-08 00:00:00+00:00,204.00999450683594,206.16000366210938,203.99000549316406,205.89999389648438,147217800
2015-01-09 00:00:00+00:00,206.39999389648438,206.4199981689453,203.50999450683594,204.25,158567300
2015-01-12 00:00:00+00:00,204.41000366210938,204.60000610351562,201.9199981689453,202.64999389648438,144396100
2015-01-13 00:00:00+00:00,204.1199951171875,205.47999572753906,200.50999450683594,202.0800018310547,214553300
2015-01-14 00:00:00+00:00,199.64999389648438,201.10000610351562,198.57000732421875,200.86000061035156,192991100
2015-01-15 00:00:00+00:00,201.6300048828125,202.00999450683594,198.8800048828125,199.02000427246094,176613900
2015-01-16 00:00:00+00:00,198.77000427246094,201.82000732421875,198.5500030517578,201.6300048828125,211879600
2015-01-20 00:00:00+00:00,202.39999389648438,202.72000122070312,200.1699981689453,202.05999755859375,130991100
2015-01-21 00:00:00+00:00,201.5,203.66000366210938,200.94000244140625,203.0800018310547,122942700
2015-01-22 00:00:00+00:00,203.99000549316406,206.25999450683594,202.3300018310547,206.10000610351562,174356000
2015-01-23 00:00:00+00:00,205.7899932861328,206.10000610351562,204.80999755859375,204.97000122070312,117516800
2015-01-26 00:00:00+00:00,204.7100067138672,205.55999755859375,203.85000610351562,205.4499969482422,92009700
2015-01-27 00:00:00+00:00,202.97000122070312,204.1199951171875,201.74000549316406,202.74000549316406,134044600
2015-01-28 00:00:00+00:00,204.1699981689453,204.2899932861328,199.91000366210938,200.13999938964844,168514300
2015-01-29 00:00:00+00:00,200.3800048828125,202.3000030517578,198.67999267578125,201.99000549316406,173585400
2015-01-30 00:00:00+00:00,200.57000732421875,202.1699981689453,199.1300048828125,199.4499969482422,197729700
2015-02-02 00:00:00+00:00,200.0500030517578,202.02999877929688,197.86000061035156,201.9199981689453,163107000
2015-02-03 00:00:00+00:00,203.0,204.85000610351562,202.5500030517578,204.83999633789062,124212900
2015-02-04 00:00:00+00:00,203.9199981689453,205.3800048828125,203.50999450683594,204.05999755859375,134306700
2015-02-05 00:00:00+00:00,204.86000061035156,206.3000030517578,204.77000427246094,206.1199951171875,97953200
2015-02-06 00:00:00+00:00,206.55999755859375,207.24000549316406,204.9199981689453,205.5500030517578,125672000
2015-02-09 00:00:00+00:00,204.77000427246094,205.63999938964844,204.13999938964844,204.6300048828125,87219000
2015-02-10 00:00:00+00:00,205.8800048828125,207.1199951171875,204.67999267578125,206.80999755859375,96164200
2015-02-11 00:00:00+00:00,206.61000061035156,207.4499969482422,205.8300018310547,206.92999267578125,91087800
2015-02-12 00:00:00+00:00,207.88999938964844,208.99000549316406,206.97000122070312,208.9199981689453,97545900
2015-02-13 00:00:00+00:00,209.07000732421875,209.83999633789062,208.75999450683594,209.77999877929688,93670400
2015-02-17 00:00:00+00:00,209.39999389648438,210.32000732421875,209.10000610351562,210.11000061035156,76968200
2015-02-18 00:00:00+00:00,209.66000366210938,210.22000122070312,209.33999633789062,210.1300048828125,80652900
2015-02-19 00:00:00+00:00,209.41000366210938,210.4199981689453,209.24000549316406,209.97999572753906,91462500
2015-02-20 00:00:00+00:00,209.47999572753906,211.3300018310547,208.72999572753906,211.24000549316406,140896400
2015-02-23 00:00:00+00:00,210.94000244140625,211.2100067138672,210.47999572753906,211.2100067138672,74411100
2015-02-24 00:00:00+00:00,211.1199951171875,212.0500030517578,210.75999450683594,211.80999755859375,72472300
2015-02-25 00:00:00+00:00,211.66000366210938,212.24000549316406,211.22000122070312,211.6300048828125,73061700
2015-02-26 00:00:00+00:00,211.52000427246094,211.7100067138672,210.64999389648438,211.3800048828125,72697900
2015-02-27 00:00:00+00:00,211.25999450683594,211.5800018310547,210.60000610351562,210.66000366210938,108076000
2015-03-02 00:00:00+00:00,210.77999877929688,212.05999755859375,210.72000122070312,211.99000549316406,87491400
2015-03-03 00:00:00+00:00,211.47000122070312,212.0500030517578,210.0800018310547,211.1199951171875,110325800
2015-03-04 00:00:00+00:00,210.39999389648438,210.49000549316406,209.05999755859375,210.22999572753906,114497200
2015-03-05 00:00:00+00:00,210.6199951171875,210.8000030517578,209.85000610351562,210.4600067138672,76873000
2015-03-06 00:00:00+00:00,209.4199981689453,209.94000244140625,207.10000610351562,207.5,188128000
2015-03-09 00:00:00+00:00,207.74000549316406,208.7899932861328,207.5500030517578,208.36000061035156,89818900
2015-03-10 00:00:00+00:00,206.7100067138672,206.80999755859375,204.92999267578125,204.97999572753906,157121300
2015-03-11 00:00:00+00:00,205.2899932861328,205.5,204.39999389648438,204.5,110145700
2015-03-12 00:00:00+00:00,205.25999450683594,207.17999267578125,205.1999969482422,207.10000610351562,93993500
2015-03-13 00:00:00+00:00,206.77000427246094,207.92999267578125,204.5800018310547,205.8300018310547,162410900
2015-03-16 00:00:00+00:00,206.7100067138672,208.69000244140625,205.86000061035156,208.5800018310547,136099200
2015-03-17 00:00:00+00:00,207.69000244140625,208.4199981689453,206.97999572753906,207.9600067138672,94510400
2015-03-18 00:00:00+00:00,207.38999938964844,211.27000427246094,206.6199951171875,210.4600067138672,228808500
2015-03-19 00:00:00+00:00,209.9600067138672,210.47000122070312,209.02999877929688,209.5,117917300
2015-03-20 00:00:00+00:00,209.7100067138672,211.02000427246094,209.49000549316406,210.41000366210938,177715100
2015-03-23 00:00:00+00:00,210.4199981689453,211.11000061035156,210.0,210.0,71784500
2015-03-24 00:00:00+00:00,209.85000610351562,210.39999389648438,208.74000549316406,208.82000732421875,77805300
2015-03-25 00:00:00+00:00,209.07000732421875,209.35000610351562,205.7100067138672,205.75999450683594,159521700
2015-03-26 00:00:00+00:00,204.9600067138672,206.3699951171875,204.1199951171875,205.27000427246094,153067200
2015-03-27 00:00:00+00:00,205.1300048828125,205.9499969482422,204.89999389648438,205.74000549316406,118939000
2015-03-30 00:00:00+00:00,206.97999572753906,208.61000061035156,206.9600067138672,208.25,96180400
2015-03-31 00:00:00+00:00,207.25999450683594,208.10000610351562,206.36000061035156,206.42999267578125,126768700
2015-04-01 00:00:00+00:00,206.38999938964844,206.4199981689453,204.50999450683594,205.6999969482422,137303600
2015-04-02 00:00:00+00:00,205.6199951171875,206.97999572753906,205.39999389648438,206.44000244140625,86900900
2015-04-06 00:00:00+00:00,205.3699951171875,208.4499969482422,205.2100067138672,207.8300018310547,114368200
2015-04-07 00:00:00+00:00,207.86000061035156,208.75999450683594,207.24000549316406,207.27999877929688,81236300
2015-04-08 00:00:00+00:00,207.5500030517578,208.50999450683594,207.0800018310547,207.97999572753906,89351900
2015-04-09 00:00:00+00:00,207.77999877929688,209.17999267578125,207.19000244140625,208.89999389648438,85548900
2015-04-10 00:00:00+00:00,209.1999969482422,210.08999633789062,208.9600067138672,210.0399932861328,72722900
2015-04-13 00:00:00+00:00,209.8699951171875,210.6300048828125,209.02999877929688,209.08999633789062,74436600
2015-04-14 00:00:00+00:00,208.85000610351562,209.7100067138672,208.10000610351562,209.49000549316406,75099900
2015-04-15 00:00:00+00:00,210.0500030517578,211.0399932861328,209.9499969482422,210.42999267578125,99529300
2015-04-16 00:00:00+00:00,210.02999877929688,210.97999572753906,209.7899932861328,210.3699951171875,68934900
2015-04-17 00:00:00+00:00,208.94000244140625,209.22999572753906,207.00999450683594,207.9499969482422,191113200
2015-04-20 00:00:00+00:00,209.05999755859375,210.25,208.9600067138672,209.85000610351562,92189500
2015-04-21 00:00:00+00:00,210.6699981689453,210.86000061035156,209.24000549316406,209.60000610351562,72559800
2015-04-22 00:00:00+00:00,210.00999450683594,210.85000610351562,208.89999389648438,210.6300048828125,78264600
2015-04-23 00:00:00+00:00,210.14999389648438,211.94000244140625,210.00999450683594,211.16000366210938,102585900
2015-04-24 00:00:00+00:00,211.66000366210938,211.97000122070312,211.11000061035156,211.64999389648438,61327400
2015-04-27 00:00:00+00:00,212.3300018310547,212.47999572753906,210.5399932861328,210.77000427246094,79358100
2015-04-28 00:00:00+00:00,210.74000549316406,211.5,209.3300018310547,211.44000244140625,86863500
2015-04-29 00:00:00+00:00,210.3699951171875,211.2899932861328,209.60000610351562,210.57000732421875,125684900
2015-04-30 00:00:00+00:00,209.8800048828125,210.35000610351562,207.6199951171875,208.4600067138672,161304900
2015-05-01 00:00:00+00:00,209.39999389648438,210.77000427246094,209.27999877929688,210.72000122070312,103399700
2015-05-04 00:00:00+00:00,211.22999572753906,212.02000427246094,211.10000610351562,211.32000732421875,70927200
2015-05-05 00:00:00+00:00,211.02999877929688,211.4600067138672,208.72999572753906,208.89999389648438,113326200
2015-05-06 00:00:00+00:00,209.55999755859375,209.92999267578125,206.75999450683594,208.0399932861328,135060200
2015-05-07 00:00:00+00:00,207.9199981689453,209.3800048828125,207.52000427246094,208.8699951171875,88244900
2015-05-08 00:00:00+00:00,210.8800048828125,211.86000061035156,210.77999877929688,211.6199951171875,155877300
2015-05-11 00:00:00+00:00,211.57000732421875,211.88999938964844,210.52000427246094,210.61000061035156,75708100
2015-05-12 00:00:00+00:00,209.61000061035156,210.6300048828125,208.6199951171875,209.97999572753906,119727600
2015-05-13 00:00:00+00:00,210.47000122070312,211.22000122070312,209.74000549316406,210.02000427246094,94667900
2015-05-14 00:00:00+00:00,211.24000549316406,212.32000732421875,210.91000366210938,212.2100067138672,95934000
2015-05-15 00:00:00+00:00,212.44000244140625,212.61000061035156,211.86000061035156,212.44000244140625,76510100
2015-05-18 00:00:00+00:00,212.24000549316406,213.39999389648438,212.16000366210938,213.10000610351562,74549700
2015-05-19 00:00:00+00:00,213.24000549316406,213.57000732421875,212.69000244140625,213.02999877929688,72114600
2015-05-20 00:00:00+00:00,213.14999389648438,213.77999877929688,212.5,212.8800048828125,76857500
2015-05-21 00:00:00+00:00,212.7100067138672,213.75,212.50999450683594,213.5,64764600
2015-05-22 00:00:00+00:00,213.0399932861328,213.5399932861328,212.91000366210938,212.99000549316406,57433500
2015-05-26 00:00:00+00:00,212.39999389648438,212.91000366210938,210.1999969482422,210.6999969482422,124308600
2015-05-27 00:00:00+00:00,211.25,212.97999572753906,210.75999450683594,212.6999969482422,93214000
2015-05-28 00:00:00+00:00,212.3300018310547,212.58999633789062,211.6300048828125,212.4600067138672,74974600
2015-05-29 00:00:00+00:00,212.3800048828125,212.42999267578125,210.82000732421875,211.13999938964844,124919600
2015-06-01 00:00:00+00:00,211.94000244140625,212.33999633789062,210.6199951171875,211.57000732421875,93338800
2015-06-02 00:00:00+00:00,211.02000427246094,212.19000244140625,210.27000427246094,211.36000061035156,91531000
2015-06-03 00:00:00+00:00,212.0,212.6699981689453,211.3300018310547,211.9199981689453,87820900
2015-06-04 00:00:00+00:00,211.07000732421875,211.86000061035156,209.75,210.1300048828125,151882800
2015-06-05 00:00:00+00:00,209.9499969482422,210.5800018310547,208.97999572753906,209.77000427246094,121704700
2015-06-08 00:00:00+00:00,209.63999938964844,209.82000732421875,208.38999938964844,208.47999572753906,89063300
2015-06-09 00:00:00+00:00,208.4499969482422,209.10000610351562,207.69000244140625,208.4499969482422,105034700
2015-06-10 00:00:00+00:00,209.3699951171875,211.41000366210938,209.3000030517578,210.9499969482422,134551300
2015-06-11 00:00:00+00:00,211.47999572753906,212.08999633789062,211.1999969482422,211.6300048828125,73876400
2015-06-12 00:00:00+00:00,210.63999938964844,211.47999572753906,209.67999267578125,210.00999450683594,135382400
2015-06-15 00:00:00+00:00,208.63999938964844,209.4499969482422,207.7899932861328,209.11000061035156,124384200
2015-06-16 00:00:00+00:00,208.92999267578125,210.35000610351562,208.72000122070312,210.25,85308200
2015-06-17 00:00:00+00:00,210.58999633789062,211.32000732421875,209.36000061035156,210.58999633789062,126708600
2015-06-18 00:00:00+00:00,211.30999755859375,213.33999633789062,210.6300048828125,212.77999877929688,165867900
2015-06-19 00:00:00+00:00,211.4600067138672,211.5500030517578,210.36000061035156,210.80999755859375,130478700
2015-06-22 00:00:00+00:00,211.91000366210938,212.58999633789062,211.63999938964844,211.88999938964844,70696000
2015-06-23 00:00:00+00:00,212.13999938964844,212.44000244140625,211.57000732421875,212.0399932861328,68476800
2015-06-24 00:00:00+00:00,211.72000122070312,212.1699981689453,210.47000122070312,210.5,92307300
2015-06-25 00:00:00+00:00,211.10000610351562,211.25,209.77000427246094,209.86000061035156,97107400
2015-06-26 00:00:00+00:00,210.2899932861328,210.5800018310547,209.16000366210938,209.82000732421875,104174800
2015-06-29 00:00:00+00:00,208.0500030517578,209.8300018310547,205.3300018310547,205.4199981689453,202621300
2015-06-30 00:00:00+00:00,207.25999450683594,207.32000732421875,205.27999877929688,205.85000610351562,182925100
2015-07-01 00:00:00+00:00,207.72999572753906,208.02999877929688,206.55999755859375,207.5,135979900
2015-07-02 00:00:00+00:00,208.07000732421875,208.27000427246094,206.80999755859375,207.30999755859375,104373700
2015-07-06 00:00:00+00:00,205.77000427246094,207.64999389648438,205.52999877929688,206.72000122070312,117975400
2015-07-07 00:00:00+00:00,206.9600067138672,208.1699981689453,204.11000061035156,208.02000427246094,173820200
2015-07-08 00:00:00+00:00,206.4199981689453,206.75999450683594,204.25,204.52999877929688,164020100
2015-07-09 00:00:00+00:00,207.0399932861328,207.35000610351562,204.77000427246094,204.89999389648438,144113100
2015-07-10 00:00:00+00:00,207.2899932861328,207.97999572753906,204.9499969482422,207.47999572753906,129456900
2015-07-13 00:00:00+00:00,208.99000549316406,209.89999389648438,208.94000244140625,209.77000427246094,106069400
2015-07-14 00:00:00+00:00,209.72000122070312,211.0500030517578,209.64999389648438,210.67999267578125,81709600
2015-07-15 00:00:00+00:00,210.72999572753906,211.27999877929688,210.0399932861328,210.61000061035156,97914100
2015-07-16 00:00:00+00:00,211.8699951171875,212.3000030517578,211.5800018310547,212.3000030517578,106683300
2015-07-17 00:00:00+00:00,212.2899932861328,212.5500030517578,211.8000030517578,212.47999572753906,89030000
2015-07-20 00:00:00+00:00,212.75,213.17999267578125,212.2100067138672,212.58999633789062,70446800
2015-07-21 00:00:00+00:00,212.42999267578125,212.74000549316406,211.38999938964844,211.75,77965000
2015-07-22 00:00:00+00:00,210.92999267578125,211.77000427246094,210.88999938964844,211.3699951171875,88667900
2015-07-23 00:00:00+00:00,211.52999877929688,211.64999389648438,209.75,210.17999267578125,90509100
2015-07-24 00:00:00+00:00,210.3000030517578,210.3699951171875,207.60000610351562,208.0,117755000
2015-07-27 00:00:00+00:00,206.94000244140625,207.5500030517578,206.25999450683594,206.7899932861328,132361100
2015-07-28 00:00:00+00:00,207.7899932861328,209.5,206.8000030517578,209.3300018310547,123544800
2015-07-29 00:00:00+00:00,209.47999572753906,211.0399932861328,209.30999755859375,210.77000427246094,105791300
2015-07-30 00:00:00+00:00,210.16000366210938,211.02000427246094,209.4199981689453,210.82000732421875,91304400
2015-07-31 00:00:00+00:00,211.4199981689453,211.4499969482422,210.16000366210938,210.5,103266900
2015-08-03 00:00:00+00:00,210.4600067138672,210.52999877929688,208.64999389648438,209.7899932861328,113965700
2015-08-04 00:00:00+00:00,209.6999969482422,210.25,208.8000030517578,209.3800048828125,81820800
2015-08-05 00:00:00+00:00,210.4499969482422,211.30999755859375,209.72999572753906,210.07000732421875,85786800
2015-08-06 00:00:00+00:00,210.2899932861328,210.4199981689453,207.64999389648438,208.35000610351562,116030800
2015-08-07 00:00:00+00:00,208.16000366210938,208.33999633789062,206.8699951171875,207.9499969482422,117858000
2015-08-10 00:00:00+00:00,209.27999877929688,210.6699981689453,209.27999877929688,210.57000732421875,80270700
2015-08-11 00:00:00+00:00,208.97000122070312,209.47000122070312,207.75999450683594,208.6699981689453,126081400
2015-08-12 00:00:00+00:00,207.11000061035156,209.13999938964844,205.36000061035156,208.9199981689453,172123700
2015-08-13 00:00:00+00:00,208.72999572753906,209.5500030517578,208.00999450683594,208.66000366210938,89383300
2015-08-14 00:00:00+00:00,208.42999267578125,209.50999450683594,208.25999450683594,209.4199981689453,72786500
2015-08-17 00:00:00+00:00,208.7100067138672,210.58999633789062,208.16000366210938,210.58999633789062,79072600
2015-08-18 00:00:00+00:00,210.25999450683594,210.67999267578125,209.6999969482422,209.97999572753906,71692700
2015-08-19 00:00:00+00:00,209.08999633789062,210.00999450683594,207.35000610351562,208.32000732421875,172946000
2015-08-20 00:00:00+00:00,206.50999450683594,208.2899932861328,203.89999389648438,203.97000122070312,194327900
2015-08-21 00:00:00+00:00,201.72999572753906,203.94000244140625,197.52000427246094,197.8300018310547,346588500
2015-08-24 00:00:00+00:00,187.49000549316406,197.47999572753906,182.39999389648438,189.5,507244300
2015-08-25 00:00:00+00:00,195.42999267578125,195.4499969482422,186.9199981689453,187.27000427246094,369833100
2015-08-26 00:00:00+00:00,192.0800018310547,194.7899932861328,188.3699951171875,194.4600067138672,339257000
2015-08-27 00:00:00+00:00,197.02000427246094,199.4199981689453,195.2100067138672,199.27000427246094,274143900
2015-08-28 00:00:00+00:00,198.5,199.83999633789062,197.9199981689453,199.27999877929688,160414400
2015-08-31 00:00:00+00:00,198.11000061035156,199.1300048828125,197.00999450683594,197.6699981689453,163298800
2015-09-01 00:00:00+00:00,193.1199951171875,194.77000427246094,190.72999572753906,191.77000427246094,256000400
2015-09-02 00:00:00+00:00,194.6199951171875,195.4600067138672,192.4199981689453,195.41000366210938,160269300
2015-09-03 00:00:00+00:00,196.25999450683594,198.0500030517578,194.9600067138672,195.5500030517578,152087800
2015-09-04 00:00:00+00:00,192.85000610351562,193.86000061035156,191.61000061035156,192.58999633789062,207081000
2015-09-08 00:00:00+00:00,195.94000244140625,197.61000061035156,195.1699981689453,197.42999267578125,116025700
2015-09-09 00:00:00+00:00,199.32000732421875,199.47000122070312,194.35000610351562,194.7899932861328,149347700
2015-09-10 00:00:00+00:00,194.55999755859375,197.22000122070312,194.25,195.85000610351562,158611100
2015-09-11 00:00:00+00:00,195.3800048828125,196.82000732421875,194.52999877929688,196.74000549316406,119691200
2015-09-14 00:00:00+00:00,196.9499969482422,197.00999450683594,195.42999267578125,196.00999450683594,79452000
2015-09-15 00:00:00+00:00,196.61000061035156,198.99000549316406,195.9600067138672,198.4600067138672,113806200
2015-09-16 00:00:00+00:00,198.82000732421875,200.41000366210938,198.41000366210938,200.17999267578125,99581600
2015-09-17 00:00:00+00:00,200.02000427246094,202.88999938964844,199.27999877929688,199.72999572753906,276046600
2015-09-18 00:00:00+00:00,195.7100067138672,198.67999267578125,194.9600067138672,195.4499969482422,223657500
2015-09-21 00:00:00+00:00,196.44000244140625,197.67999267578125,195.2100067138672,196.4600067138672,105726200
2015-09-22 00:00:00+00:00,193.8800048828125,194.4600067138672,192.55999755859375,193.91000366210938,153890900
2015-09-23 00:00:00+00:00,194.11000061035156,194.6699981689453,192.91000366210938,193.60000610351562,92790600
2015-09-24 00:00:00+00:00,192.14999389648438,193.4499969482422,190.55999755859375,192.89999389648438,159378800
2015-09-25 00:00:00+00:00,194.63999938964844,195.0,191.80999755859375,192.85000610351562,155054800
2015-09-28 00:00:00+00:00,191.77999877929688,191.91000366210938,187.63999938964844,188.00999450683594,178515900
2015-09-29 00:00:00+00:00,188.27000427246094,189.74000549316406,186.92999267578125,188.1199951171875,159045600
2015-09-30 00:00:00+00:00,190.3699951171875,191.8300018310547,189.44000244140625,191.6300048828125,163452000
2015-10-01 00:00:00+00:00,192.0800018310547,192.49000549316406,189.82000732421875,192.1300048828125,131079000
2015-10-02 00:00:00+00:00,189.77000427246094,195.02999877929688,189.1199951171875,195.0,211003300
2015-10-05 00:00:00+00:00,196.4600067138672,198.74000549316406,196.3300018310547,198.47000122070312,126320800
2015-10-06 00:00:00+00:00,198.30999755859375,198.97999572753906,197.0,197.7899932861328,110274500
2015-10-07 00:00:00+00:00,198.89999389648438,199.8300018310547,197.47999572753906,199.41000366210938,124307300
2015-10-08 00:00:00+00:00,198.9499969482422,201.5500030517578,198.58999633789062,201.2100067138672,153055200
2015-10-09 00:00:00+00:00,201.3800048828125,201.89999389648438,200.5800018310547,201.3300018310547,107069200
2015-10-12 00:00:00+00:00,201.4199981689453,201.75999450683594,200.91000366210938,201.52000427246094,56395600
2015-10-13 00:00:00+00:00,200.64999389648438,202.16000366210938,200.0500030517578,200.25,88038700
2015-10-14 00:00:00+00:00,200.17999267578125,200.8699951171875,198.94000244140625,199.2899932861328,99106200
2015-10-15 00:00:00+00:00,200.0800018310547,202.36000061035156,199.63999938964844,202.35000610351562,134142200
2015-10-16 00:00:00+00:00,202.8300018310547,203.2899932861328,201.9199981689453,203.27000427246094,114580100
2015-10-19 00:00:00+00:00,202.5,203.3699951171875,202.1300048828125,203.3699951171875,76523900
2015-10-20 00:00:00+00:00,202.85000610351562,203.83999633789062,202.5500030517578,203.11000061035156,78448500
2015-10-21 00:00:00+00:00,203.61000061035156,203.7899932861328,201.64999389648438,201.85000610351562,102038000
2015-10-22 00:00:00+00:00,202.97999572753906,205.50999450683594,201.85000610351562,205.25999450683594,174911700
2015-10-23 00:00:00+00:00,207.25,207.9499969482422,206.3000030517578,207.50999450683594,144442300
2015-10-26 00:00:00+00:00,207.3000030517578,207.3699951171875,206.55999755859375,207.0,69033000
2015-10-27 00:00:00+00:00,206.1999969482422,207.0,205.7899932861328,206.60000610351562,77905800
2015-10-28 00:00:00+00:00,207.0,208.97999572753906,206.2100067138672,208.9499969482422,135906700
2015-10-29 00:00:00+00:00,208.35000610351562,209.27000427246094,208.2100067138672,208.8300018310547,90525500
2015-10-30 00:00:00+00:00,209.05999755859375,209.44000244140625,207.74000549316406,207.92999267578125,131076900
2015-11-02 00:00:00+00:00,208.32000732421875,210.6199951171875,208.1699981689453,210.38999938964844,86270800
2015-11-03 00:00:00+00:00,209.97000122070312,211.66000366210938,209.6999969482422,211.0,95246100
2015-11-04 00:00:00+00:00,211.35000610351562,211.5,209.72000122070312,210.36000061035156,96224500
2015-11-05 00:00:00+00:00,210.42999267578125,210.97999572753906,209.08999633789062,210.14999389648438,78408700
2015-11-06 00:00:00+00:00,209.74000549316406,210.32000732421875,208.4600067138672,210.0399932861328,110471500
2015-11-09 00:00:00+00:00,209.30999755859375,209.49000549316406,206.9499969482422,208.0800018310547,131008700
2015-11-10 00:00:00+00:00,207.50999450683594,208.60000610351562,207.19000244140625,208.55999755859375,75874600
2015-11-11 00:00:00+00:00,208.8800048828125,208.94000244140625,207.66000366210938,207.74000549316406,67846000
2015-11-12 00:00:00+00:00,206.5,207.05999755859375,204.82000732421875,204.83999633789062,121315200
2015-11-13 00:00:00+00:00,204.35000610351562,204.6699981689453,202.44000244140625,202.5399932861328,153577100
2015-11-16 00:00:00+00:00,202.32000732421875,205.69000244140625,202.17999267578125,205.6199951171875,117645200
2015-11-17 00:00:00+00:00,205.99000549316406,207.0399932861328,204.8800048828125,205.47000122070312,121123700
2015-11-18 00:00:00+00:00,206.0399932861328,208.89999389648438,205.99000549316406,208.72999572753906,121342500
2015-11-19 00:00:00+00:00,208.58999633789062,209.0500030517578,208.1999969482422,208.5500030517578,88220500
2015-11-20 00:00:00+00:00,209.4499969482422,210.1199951171875,208.86000061035156,209.30999755859375,94011500
2015-11-23 00:00:00+00:00,209.3800048828125,209.97999572753906,208.52000427246094,209.07000732421875,64931200
2015-11-24 00:00:00+00:00,207.8699951171875,209.8300018310547,207.41000366210938,209.35000610351562,98874400
2015-11-25 00:00:00+00:00,209.5,209.74000549316406,209.00999450683594,209.32000732421875,51980100
2015-11-27 00:00:00+00:00,209.42999267578125,209.8000030517578,208.86000061035156,209.55999755859375,37317800
2015-11-30 00:00:00+00:00,209.75,209.88999938964844,208.55999755859375,208.69000244140625,112822700
2015-12-01 00:00:00+00:00,209.44000244140625,210.82000732421875,209.11000061035156,210.67999267578125,97858400
2015-12-02 00:00:00+00:00,210.6199951171875,211.0,208.22999572753906,208.52999877929688,108441300
2015-12-03 00:00:00+00:00,208.8300018310547,209.14999389648438,204.75,205.61000061035156,166224200
2015-12-04 00:00:00+00:00,205.61000061035156,209.97000122070312,205.61000061035156,209.6199951171875,192913900
2015-12-07 00:00:00+00:00,209.22999572753906,209.72999572753906,207.1999969482422,208.35000610351562,102027100
2015-12-08 00:00:00+00:00,206.49000549316406,208.2899932861328,205.77999877929688,206.9499969482422,103372400
2015-12-09 00:00:00+00:00,206.19000244140625,208.67999267578125,204.17999267578125,205.33999633789062,162401500
2015-12-10 00:00:00+00:00,205.4199981689453,207.42999267578125,205.13999938964844,205.8699951171875,116128900
2015-12-11 00:00:00+00:00,203.35000610351562,204.13999938964844,201.50999450683594,201.8800048828125,211173300
2015-12-14 00:00:00+00:00,202.07000732421875,203.0500030517578,199.9499969482422,202.89999389648438,182385200
2015-12-15 00:00:00+00:00,204.6999969482422,206.11000061035156,202.8699951171875,205.02999877929688,154069600
2015-12-16 00:00:00+00:00,206.3699951171875,208.38999938964844,204.8000030517578,208.02999877929688,197017000
2015-12-17 00:00:00+00:00,208.39999389648438,208.47999572753906,204.83999633789062,204.86000061035156,173092500
2015-12-18 00:00:00+00:00,202.77000427246094,202.92999267578125,199.8300018310547,200.02000427246094,251393500
2015-12-21 00:00:00+00:00,201.41000366210938,201.8800048828125,200.08999633789062,201.6699981689453,99094300
2015-12-22 00:00:00+00:00,202.72000122070312,203.85000610351562,201.5500030517578,203.5,111026200
2015-12-23 00:00:00+00:00,204.69000244140625,206.07000732421875,204.5800018310547,206.02000427246094,110987200
2015-12-24 00:00:00+00:00,205.72000122070312,206.3300018310547,205.4199981689453,205.67999267578125,48539600
2015-12-28 00:00:00+00:00,204.86000061035156,205.25999450683594,203.94000244140625,205.2100067138672,65899900
2015-12-29 00:00:00+00:00,206.50999450683594,207.7899932861328,206.47000122070312,207.39999389648438,92640700
2015-12-30 00:00:00+00:00,207.11000061035156,207.2100067138672,205.75999450683594,205.92999267578125,63317700
2015-12-31 00:00:00+00:00,205.1300048828125,205.88999938964844,203.8699951171875,203.8699951171875,114877900
2016-01-04 00:00:00+00:00,200.49000549316406,201.02999877929688,198.58999633789062,201.02000427246094,222353500
2016-01-05 00:00:00+00:00,201.39999389648438,201.89999389648438,200.0500030517578,201.36000061035156,110845800
2016-01-06 00:00:00+00:00,198.33999633789062,200.05999755859375,197.60000610351562,198.82000732421875,152112600
2016-01-07 00:00:00+00:00,195.3300018310547,197.44000244140625,193.58999633789062,194.0500030517578,213436100
2016-01-08 00:00:00+00:00,195.19000244140625,195.85000610351562,191.5800018310547,191.9199981689453,209817200
2016-01-11 00:00:00+00:00,193.00999450683594,193.41000366210938,189.82000732421875,192.11000061035156,187941300
2016-01-12 00:00:00+00:00,193.82000732421875,194.5500030517578,191.13999938964844,193.66000366210938,172330500
2016-01-13 00:00:00+00:00,194.4499969482422,194.86000061035156,188.3800048828125,188.8300018310547,221168900
2016-01-14 00:00:00+00:00,189.5500030517578,193.25999450683594,187.66000366210938,191.92999267578125,240795600
2016-01-15 00:00:00+00:00,186.77000427246094,188.75999450683594,185.52000427246094,187.80999755859375,324846400
2016-01-19 00:00:00+00:00,189.9600067138672,190.11000061035156,186.1999969482422,188.05999755859375,195244400
2016-01-20 00:00:00+00:00,185.02999877929688,187.5,181.02000427246094,185.64999389648438,286547800
2016-01-21 00:00:00+00:00,186.2100067138672,188.8699951171875,184.63999938964844,186.69000244140625,195772900
2016-01-22 00:00:00+00:00,189.77999877929688,190.75999450683594,188.8800048828125,190.52000427246094,168319600
2016-01-25 00:00:00+00:00,189.9199981689453,190.14999389648438,187.41000366210938,187.63999938964844,130371700
2016-01-26 00:00:00+00:00,188.4199981689453,190.52999877929688,188.02000427246094,190.1999969482422,141036800
2016-01-27 00:00:00+00:00,189.5800018310547,191.55999755859375,187.05999755859375,188.1300048828125,185681700
2016-01-28 00:00:00+00:00,189.9600067138672,190.1999969482422,187.16000366210938,189.11000061035156,143798800
2016-01-29 00:00:00+00:00,190.02000427246094,193.8800048828125,189.8800048828125,193.72000122070312,210529300
2016-02-01 00:00:00+00:00,192.52999877929688,194.5800018310547,191.83999633789062,193.64999389648438,136061600
2016-02-02 00:00:00+00:00,191.9600067138672,191.97000122070312,189.5399932861328,190.16000366210938,182564900
2016-02-03 00:00:00+00:00,191.41000366210938,191.77999877929688,187.10000610351562,191.3000030517578,205054900
2016-02-04 00:00:00+00:00,190.7100067138672,192.75,189.9600067138672,191.60000610351562,139531800
2016-02-05 00:00:00+00:00,190.99000549316406,191.6699981689453,187.1999969482422,187.9499969482422,180788300
2016-02-08 00:00:00+00:00,185.77000427246094,186.1199951171875,182.8000030517578,185.4199981689453,191526700
2016-02-09 00:00:00+00:00,183.36000061035156,186.94000244140625,183.1999969482422,185.42999267578125,184513100
2016-02-10 00:00:00+00:00,186.41000366210938,188.33999633789062,185.1199951171875,185.27000427246094,148214100
2016-02-11 00:00:00+00:00,182.33999633789062,184.10000610351562,181.08999633789062,182.86000061035156,219058900
2016-02-12 00:00:00+00:00,184.9600067138672,186.64999389648438,183.9600067138672,186.6300048828125,127632400
2016-02-16 00:00:00+00:00,188.77000427246094,189.80999755859375,187.6300048828125,189.77999877929688,120250700
2016-02-17 00:00:00+00:00,191.16000366210938,193.32000732421875,191.00999450683594,192.8800048828125,136009500
2016-02-18 00:00:00+00:00,193.1999969482422,193.27000427246094,191.72000122070312,192.08999633789062,102343000
2016-02-19 00:00:00+00:00,191.1699981689453,192.17999267578125,190.4499969482422,192.0,114793000
2016-02-22 00:00:00+00:00,193.8699951171875,194.9499969482422,193.7899932861328,194.77999877929688,103640300
2016-02-23 00:00:00+00:00,194.0,194.32000732421875,192.17999267578125,192.32000732421875,111455300
2016-02-24 00:00:00+00:00,190.6300048828125,193.52999877929688,189.32000732421875,193.1999969482422,150812200
2016-02-25 00:00:00+00:00,193.72999572753906,195.5500030517578,192.8300018310547,195.5399932861328,110728300
2016-02-26 00:00:00+00:00,196.57000732421875,196.67999267578125,194.89999389648438,195.08999633789062,129833700
2016-02-29 00:00:00+00:00,195.11000061035156,196.22999572753906,193.3300018310547,193.55999755859375,125918100
2016-03-01 00:00:00+00:00,195.00999450683594,198.2100067138672,194.4499969482422,198.11000061035156,141799700
2016-03-02 00:00:00+00:00,197.74000549316406,199.05999755859375,197.25,199.0,102415000
2016-03-03 00:00:00+00:00,198.7899932861328,199.8000030517578,198.11000061035156,199.77999877929688,95172200
2016-03-04 00:00:00+00:00,200.00999450683594,201.35000610351562,199.02999877929688,200.42999267578125,129293600
2016-03-07 00:00:00+00:00,199.33999633789062,201.07000732421875,199.25,200.58999633789062,100219000
2016-03-08 00:00:00+00:00,199.32000732421875,199.9199981689453,198.2100067138672,198.39999389648438,123974900
2016-03-09 00:00:00+00:00,199.36000061035156,199.7899932861328,198.42999267578125,199.3800048828125,94801200
2016-03-10 00:00:00+00:00,199.9600067138672,201.07000732421875,197.3800048828125,199.5399932861328,156838700
2016-03-11 00:00:00+00:00,201.25999450683594,202.80999755859375,199.52000427246094,202.75999450683594,137964500
2016-03-14 00:00:00+00:00,202.16000366210938,203.0399932861328,201.77000427246094,202.5,73612000
2016-03-15 00:00:00+00:00,201.36000061035156,202.52999877929688,201.0500030517578,202.1699981689453,93169100
2016-03-16 00:00:00+00:00,201.60000610351562,203.82000732421875,201.5500030517578,203.33999633789062,129303200
2016-03-17 00:00:00+00:00,203.24000549316406,205.22999572753906,202.77000427246094,204.6300048828125,134278500
2016-03-18 00:00:00+00:00,204.1699981689453,204.77999877929688,203.8000030517578,204.3800048828125,138372400
2016-03-21 00:00:00+00:00,204.07000732421875,204.94000244140625,203.8000030517578,204.6699981689453,72926700
2016-03-22 00:00:00+00:00,203.75999450683594,205.22999572753906,203.57000732421875,204.55999755859375,97471900
2016-03-23 00:00:00+00:00,204.11000061035156,204.3300018310547,203.00999450683594,203.2100067138672,81052500
2016-03-24 00:00:00+00:00,202.0,203.16000366210938,201.74000549316406,203.1199951171875,84360900
2016-03-28 00:00:00+00:00,203.61000061035156,203.86000061035156,202.7100067138672,203.24000549316406,62408200
2016-03-29 00:00:00+00:00,202.75999450683594,205.25,202.39999389648438,205.1199951171875,92922900
2016-03-30 00:00:00+00:00,206.3000030517578,206.8699951171875,205.58999633789062,206.02000427246094,86365300
2016-03-31 00:00:00+00:00,205.91000366210938,206.41000366210938,205.3300018310547,205.52000427246094,94584100
2016-04-01 00:00:00+00:00,204.35000610351562,207.13999938964844,203.97999572753906,206.9199981689453,114423500
2016-04-04 00:00:00+00:00,206.8300018310547,207.07000732421875,205.88999938964844,206.25,63497000
2016-04-05 00:00:00+00:00,204.6699981689453,206.25999450683594,203.88999938964844,204.19000244140625,99662200
2016-04-06 00:00:00+00:00,204.19000244140625,206.49000549316406,203.97999572753906,206.4199981689453,91839800
2016-04-07 00:00:00+00:00,205.13999938964844,205.55999755859375,203.08999633789062,203.9499969482422,113859000
2016-04-08 00:00:00+00:00,205.33999633789062,205.85000610351562,203.8699951171875,204.5,95040600
2016-04-11 00:00:00+00:00,205.25,206.07000732421875,203.91000366210938,204.02000427246094,83757500
2016-04-12 00:00:00+00:00,204.22000122070312,206.25,203.6999969482422,205.9199981689453,115350600
2016-04-13 00:00:00+00:00,207.0,208.10000610351562,206.83999633789062,208.0,96336400
2016-04-14 00:00:00+00:00,208.07000732421875,208.60000610351562,207.60000610351562,208.00999450683594,65212900
2016-04-15 00:00:00+00:00,208.00999450683594,208.1699981689453,207.39999389648438,207.77999877929688,75761600
2016-04-18 00:00:00+00:00,207.77999877929688,209.27999877929688,207.0,209.24000549316406,82531000
2016-04-19 00:00:00+00:00,209.74000549316406,210.1999969482422,208.94000244140625,209.89999389648438,88316100
2016-04-20 00:00:00+00:00,209.9499969482422,210.9199981689453,209.38999938964844,210.10000610351562,81100300
2016-04-21 00:00:00+00:00,210.1199951171875,210.25,208.64999389648438,208.97000122070312,85695000
2016-04-22 00:00:00+00:00,208.5500030517578,209.2899932861328,207.91000366210938,208.97000122070312,99251700
2016-04-25 00:00:00+00:00,208.25999450683594,208.66000366210938,207.5399932861328,208.61000061035156,66166500
2016-04-26 00:00:00+00:00,209.0399932861328,209.52000427246094,208.36000061035156,208.9199981689453,75864200
2016-04-27 00:00:00+00:00,208.47000122070312,209.80999755859375,208.0500030517578,209.35000610351562,77329400
2016-04-28 00:00:00+00:00,208.4600067138672,209.75999450683594,206.9600067138672,207.4499969482422,97216200
2016-04-29 00:00:00+00:00,206.72000122070312,207.1300048828125,205.02999877929688,206.3300018310547,142424100
2016-05-02 00:00:00+00:00,206.9199981689453,208.17999267578125,206.41000366210938,207.97000122070312,62188000
2016-05-03 00:00:00+00:00,206.52000427246094,206.8000030517578,205.27999877929688,206.16000366210938,106422100
2016-05-04 00:00:00+00:00,204.99000549316406,205.85000610351562,204.4199981689453,205.00999450683594,92243800
2016-05-05 00:00:00+00:00,205.55999755859375,205.97999572753906,204.47000122070312,204.97000122070312,67619200
2016-05-06 00:00:00+00:00,204.05999755859375,205.77000427246094,203.8800048828125,205.72000122070312,89315000
2016-05-09 00:00:00+00:00,205.57000732421875,206.39999389648438,205.36000061035156,205.88999938964844,74374900
2016-05-10 00:00:00+00:00,206.72000122070312,208.47000122070312,206.63999938964844,208.4499969482422,77472200
2016-05-11 00:00:00+00:00,207.91000366210938,208.5399932861328,206.5,206.5,81727000
2016-05-12 00:00:00+00:00,207.2899932861328,207.49000549316406,205.3699951171875,206.55999755859375,89586300
2016-05-13 00:00:00+00:00,206.2100067138672,206.86000061035156,204.3800048828125,204.75999450683594,96474600
2016-05-16 00:00:00+00:00,204.9600067138672,207.33999633789062,204.88999938964844,206.77999877929688,77486800
2016-05-17 00:00:00+00:00,206.4600067138672,206.8000030517578,204.22999572753906,204.85000610351562,114924900
2016-05-18 00:00:00+00:00,204.44000244140625,206.3000030517578,203.6300048828125,204.91000366210938,120062100
2016-05-19 00:00:00+00:00,204.05999755859375,204.5399932861328,202.77999877929688,204.1999969482422,115430500
2016-05-20 00:00:00+00:00,204.9199981689453,206.10000610351562,204.86000061035156,205.49000549316406,104990400
2016-05-23 00:00:00+00:00,205.50999450683594,205.83999633789062,204.99000549316406,205.2100067138672,58682600
2016-05-24 00:00:00+00:00,206.1699981689453,208.24000549316406,206.13999938964844,207.8699951171875,93537800
2016-05-25 00:00:00+00:00,208.6699981689453,209.77000427246094,207.8699951171875,209.27999877929688,76621400
2016-05-26 00:00:00+00:00,209.44000244140625,209.7100067138672,208.97000122070312,209.33999633789062,55280700
2016-05-27 00:00:00+00:00,209.52999877929688,210.25,209.47000122070312,210.24000549316406,64211200
2016-05-31 00:00:00+00:00,210.55999755859375,210.69000244140625,209.17999267578125,209.83999633789062,109879400
2016-06-01 00:00:00+00:00,209.1199951171875,210.47999572753906,208.88999938964844,210.27000427246094,69936200
2016-06-02 00:00:00+00:00,209.8000030517578,210.92999267578125,209.24000549316406,210.91000366210938,63044700
2016-06-03 00:00:00+00:00,210.25,210.69000244140625,208.86000061035156,210.27999877929688,101757100
2016-06-06 00:00:00+00:00,210.6999969482422,211.77000427246094,210.50999450683594,211.35000610351562,64887000
2016-06-07 00:00:00+00:00,211.52999877929688,212.33999633789062,211.5,211.67999267578125,60974800
2016-06-08 00:00:00+00:00,211.83999633789062,212.52000427246094,211.69000244140625,212.3699951171875,66170900
2016-06-09 00:00:00+00:00,211.50999450683594,212.22000122070312,211.19000244140625,212.0800018310547,73786900
2016-06-10 00:00:00+00:00,210.4600067138672,210.86000061035156,209.42999267578125,210.07000732421875,113829200
2016-06-13 00:00:00+00:00,209.36000061035156,210.3699951171875,208.35000610351562,208.4499969482422,117751200
2016-06-14 00:00:00+00:00,208.0,208.74000549316406,206.9199981689453,208.0399932861328,125059300
2016-06-15 00:00:00+00:00,208.0399932861328,209.36000061035156,207.52999877929688,207.75,109124500
2016-06-16 00:00:00+00:00,207.75,208.57000732421875,205.58999633789062,208.3699951171875,149533100
2016-06-17 00:00:00+00:00,207.1699981689453,207.1999969482422,205.75,206.52000427246094,117055700
2016-06-20 00:00:00+00:00,208.82000732421875,209.61000061035156,207.75,207.85000610351562,82789600
2016-06-21 00:00:00+00:00,208.3000030517578,208.9199981689453,207.77999877929688,208.44000244140625,72461700
2016-06-22 00:00:00+00:00,208.64999389648438,209.5,207.92999267578125,208.10000610351562,95560500
2016-06-23 00:00:00+00:00,209.80999755859375,210.8699951171875,209.27000427246094,210.80999755859375,102731400
2016-06-24 00:00:00+00:00,203.6300048828125,210.85000610351562,202.72000122070312,203.24000549316406,333444400
2016-06-27 00:00:00+00:00,201.58999633789062,201.60000610351562,198.64999389648438,199.60000610351562,230775800
2016-06-28 00:00:00+00:00,201.47999572753906,203.22999572753906,201.1199951171875,203.1999969482422,159382400
2016-06-29 00:00:00+00:00,204.83999633789062,206.92999267578125,204.72000122070312,206.66000366210938,137328600
2016-06-30 00:00:00+00:00,207.2100067138672,209.5399932861328,206.55999755859375,209.47999572753906,165021900
2016-07-01 00:00:00+00:00,209.47999572753906,210.49000549316406,209.2899932861328,209.9199981689453,106055300
2016-07-05 00:00:00+00:00,208.9499969482422,209.0800018310547,207.7100067138672,208.41000366210938,109803700
2016-07-06 00:00:00+00:00,207.8300018310547,209.8000030517578,207.05999755859375,209.66000366210938,96021500
2016-07-07 00:00:00+00:00,209.8699951171875,210.64999389648438,208.6300048828125,209.52999877929688,85593800
2016-07-08 00:00:00+00:00,211.0500030517578,212.94000244140625,210.77999877929688,212.64999389648438,133971000
2016-07-11 00:00:00+00:00,213.19000244140625,214.07000732421875,212.9499969482422,213.39999389648438,73633900
2016-07-12 00:00:00+00:00,214.52999877929688,215.3000030517578,213.42999267578125,214.9499969482422,101275600
2016-07-13 00:00:00+00:00,215.44000244140625,215.4499969482422,214.35000610351562,214.9199981689453,87324100
2016-07-14 00:00:00+00:00,216.39999389648438,216.6699981689453,215.66000366210938,216.1199951171875,91230900
2016-07-15 00:00:00+00:00,216.77999877929688,217.00999450683594,215.30999755859375,215.8300018310547,107155400
2016-07-18 00:00:00+00:00,215.97000122070312,216.60000610351562,215.6699981689453,216.41000366210938,58725900
2016-07-19 00:00:00+00:00,215.9199981689453,216.22999572753906,215.6300048828125,216.19000244140625,54345700
2016-07-20 00:00:00+00:00,216.19000244140625,217.3699951171875,216.19000244140625,217.08999633789062,58159500
2016-07-21 00:00:00+00:00,216.9600067138672,217.22000122070312,215.75,216.27000427246094,67777300
2016-07-22 00:00:00+00:00,216.41000366210938,217.3000030517578,216.10000610351562,217.24000549316406,62787500
2016-07-25 00:00:00+00:00,217.0,217.05999755859375,215.97000122070312,216.64999389648438,55873100
2016-07-26 00:00:00+00:00,216.52999877929688,217.1699981689453,215.75999450683594,216.75,70080500
2016-07-27 00:00:00+00:00,217.19000244140625,217.27000427246094,215.6199951171875,216.52000427246094,84083900
2016-07-28 00:00:00+00:00,216.2899932861328,217.11000061035156,215.75,216.77000427246094,65035700
2016-07-29 00:00:00+00:00,216.4600067138672,217.5399932861328,216.1300048828125,217.1199951171875,79519400
2016-08-01 00:00:00+00:00,217.19000244140625,217.64999389648438,216.41000366210938,216.94000244140625,73311400
2016-08-02 00:00:00+00:00,216.64999389648438,216.8300018310547,214.57000732421875,215.5500030517578,92295500
2016-08-03 00:00:00+00:00,215.47999572753906,216.25,215.1300048828125,216.17999267578125,53993600
2016-08-04 00:00:00+00:00,216.30999755859375,216.77999877929688,214.25,216.41000366210938,46585500
2016-08-05 00:00:00+00:00,216.41000366210938,218.22999572753906,216.41000366210938,218.17999267578125,71892200
2016-08-08 00:00:00+00:00,218.39999389648438,218.52000427246094,217.74000549316406,218.0500030517578,39906500
2016-08-09 00:00:00+00:00,218.1300048828125,218.75999450683594,217.8000030517578,218.17999267578125,51251700
2016-08-10 00:00:00+00:00,218.30999755859375,218.39999389648438,217.22999572753906,217.63999938964844,57941100
2016-08-11 00:00:00+00:00,218.25999450683594,218.94000244140625,217.9499969482422,218.64999389648438,72504300
2016-08-12 00:00:00+00:00,218.2899932861328,218.7100067138672,217.99000549316406,218.4600067138672,61313500
2016-08-15 00:00:00+00:00,218.88999938964844,219.5,218.8800048828125,219.08999633789062,49813500
2016-08-16 00:00:00+00:00,218.60000610351562,218.67999267578125,217.9600067138672,217.9600067138672,53213600
2016-08-17 00:00:00+00:00,218.0,218.52999877929688,217.02000427246094,218.3699951171875,75134300
2016-08-18 00:00:00+00:00,218.33999633789062,218.89999389648438,218.2100067138672,218.86000061035156,52989300
2016-08-19 00:00:00+00:00,218.30999755859375,218.75,217.74000549316406,218.5399932861328,75443000
2016-08-22 00:00:00+00:00,218.25999450683594,218.8000030517578,217.8300018310547,218.52999877929688,61368800
2016-08-23 00:00:00+00:00,219.25,219.60000610351562,218.89999389648438,218.97000122070312,53399200
2016-08-24 00:00:00+00:00,218.8000030517578,218.91000366210938,217.36000061035156,217.85000610351562,71728900
2016-08-25 00:00:00+00:00,217.39999389648438,218.19000244140625,217.22000122070312,217.6999969482422,69224800
2016-08-26 00:00:00+00:00,217.9199981689453,219.1199951171875,216.25,217.2899932861328,122506300
2016-08-29 00:00:00+00:00,217.44000244140625,218.6699981689453,217.39999389648438,218.36000061035156,70502200
2016-08-30 00:00:00+00:00,218.25999450683594,218.58999633789062,217.35000610351562,218.0,58114500
2016-08-31 00:00:00+00:00,217.61000061035156,217.75,216.47000122070312,217.3800048828125,85269500
2016-09-01 00:00:00+00:00,217.3699951171875,217.72999572753906,216.02999877929688,217.38999938964844,97844200
2016-09-02 00:00:00+00:00,218.38999938964844,218.8699951171875,217.6999969482422,218.3699951171875,79293900
2016-09-06 00:00:00+00:00,218.6999969482422,219.1199951171875,217.86000061035156,219.02999877929688,56702100
2016-09-07 00:00:00+00:00,218.83999633789062,219.22000122070312,218.3000030517578,219.00999450683594,76554900
2016-09-08 00:00:00+00:00,218.6199951171875,218.94000244140625,218.14999389648438,218.50999450683594,74102900
2016-09-09 00:00:00+00:00,216.97000122070312,217.02999877929688,213.25,213.27999877929688,221589100
2016-09-12 00:00:00+00:00,212.38999938964844,216.80999755859375,212.30999755859375,216.33999633789062,168110900
2016-09-13 00:00:00+00:00,214.83999633789062,215.14999389648438,212.5,213.22999572753906,182828800
2016-09-14 00:00:00+00:00,213.2899932861328,214.6999969482422,212.5,213.14999389648438,134185500
2016-09-15 00:00:00+00:00,212.9600067138672,215.72999572753906,212.75,215.27999877929688,134427900
2016-09-16 00:00:00+00:00,213.47999572753906,213.69000244140625,212.57000732421875,213.3699951171875,155236400
2016-09-19 00:00:00+00:00,214.1300048828125,214.8800048828125,213.02999877929688,213.41000366210938,80250500
2016-09-20 00:00:00+00:00,214.41000366210938,214.58999633789062,213.3800048828125,213.4199981689453,69665300
2016-09-21 00:00:00+00:00,214.24000549316406,216.02999877929688,213.44000244140625,215.82000732421875,110284400
2016-09-22 00:00:00+00:00,217.0,217.52999877929688,216.7100067138672,217.17999267578125,76678700
2016-09-23 00:00:00+00:00,216.72000122070312,216.8800048828125,215.8800048828125,215.99000549316406,73630900
2016-09-26 00:00:00+00:00,215.02000427246094,215.22999572753906,214.00999450683594,214.24000549316406,89827300
2016-09-27 00:00:00+00:00,214.0500030517578,215.67999267578125,213.6199951171875,215.57000732421875,78494800
2016-09-28 00:00:00+00:00,215.8300018310547,216.82000732421875,214.7100067138672,216.63999938964844,87411000
2016-09-29 00:00:00+00:00,216.39999389648438,216.8699951171875,214.0399932861328,214.67999267578125,128070600
2016-09-30 00:00:00+00:00,215.64999389648438,217.1199951171875,215.36000061035156,216.3000030517578,117202900
2016-10-03 00:00:00+00:00,215.82000732421875,216.0399932861328,215.0399932861328,215.77999877929688,83512100
2016-10-04 00:00:00+00:00,215.91000366210938,216.1699981689453,213.99000549316406,214.67999267578125,119948100
2016-10-05 00:00:00+00:00,215.41000366210938,216.1300048828125,215.3300018310547,215.6300048828125,72816000
2016-10-06 00:00:00+00:00,215.3699951171875,216.0399932861328,214.74000549316406,215.77999877929688,62927400
2016-10-07 00:00:00+00:00,216.10000610351562,216.3000030517578,214.19000244140625,215.0399932861328,89788300
2016-10-10 00:00:00+00:00,216.16000366210938,216.6999969482422,215.99000549316406,216.16000366210938,51855000
2016-10-11 00:00:00+00:00,215.66000366210938,215.74000549316406,212.5800018310547,213.42999267578125,130367400
2016-10-12 00:00:00+00:00,213.58999633789062,214.32000732421875,213.00999450683594,213.7100067138672,73866100
2016-10-13 00:00:00+00:00,212.16000366210938,213.58999633789062,211.2100067138672,213.00999450683594,101357000
2016-10-14 00:00:00+00:00,214.14999389648438,214.69000244140625,213.02999877929688,213.1199951171875,93346200
2016-10-17 00:00:00+00:00,213.08999633789062,213.38999938964844,212.1699981689453,212.3800048828125,58275700
2016-10-18 00:00:00+00:00,214.24000549316406,214.30999755859375,213.27000427246094,213.7100067138672,76869700
2016-10-19 00:00:00+00:00,214.02000427246094,214.63999938964844,213.60000610351562,214.27999877929688,66519200
2016-10-20 00:00:00+00:00,213.8699951171875,214.52999877929688,213.11000061035156,213.8800048828125,73639800
2016-10-21 00:00:00+00:00,213.8800048828125,214.0800018310547,212.75999450683594,213.97999572753906,89089100
2016-10-24 00:00:00+00:00,215.0,215.32000732421875,214.47999572753906,214.88999938964844,60146600
2016-10-25 00:00:00+00:00,214.67999267578125,214.97999572753906,213.97999572753906,214.1699981689453,66542300
2016-10-26 00:00:00+00:00,213.2100067138672,214.4199981689453,212.92999267578125,213.74000549316406,75705500
2016-10-27 00:00:00+00:00,214.5800018310547,214.6199951171875,213.0800018310547,213.1699981689453,77220200
2016-10-28 00:00:00+00:00,213.13999938964844,213.92999267578125,211.7100067138672,212.5399932861328,140623200
2016-10-31 00:00:00+00:00,212.92999267578125,213.19000244140625,212.36000061035156,212.5500030517578,61272500
2016-11-01 00:00:00+00:00,212.92999267578125,212.99000549316406,209.60000610351562,211.00999450683594,122781800
2016-11-02 00:00:00+00:00,210.64999389648438,211.10000610351562,209.22999572753906,209.74000549316406,103330800
2016-11-03 00:00:00+00:00,209.99000549316406,210.24000549316406,208.4600067138672,208.77999877929688,88939300
2016-11-04 00:00:00+00:00,208.91000366210938,209.88999938964844,208.3800048828125,208.5500030517578,109122100
2016-11-07 00:00:00+00:00,208.5500030517578,213.19000244140625,208.5500030517578,213.14999389648438,109794900
2016-11-08 00:00:00+00:00,212.69000244140625,214.77000427246094,212.3800048828125,214.11000061035156,106772100
2016-11-09 00:00:00+00:00,212.3699951171875,217.10000610351562,212.33999633789062,216.3800048828125,258429000
2016-11-10 00:00:00+00:00,217.3000030517578,218.30999755859375,215.22000122070312,216.9199981689453,172113300
2016-11-11 00:00:00+00:00,216.0800018310547,216.6999969482422,215.32000732421875,216.4199981689453,100552700
2016-11-14 00:00:00+00:00,217.02999877929688,217.27000427246094,215.72000122070312,216.58999633789062,94580000
2016-11-15 00:00:00+00:00,217.0399932861328,218.27999877929688,216.8000030517578,218.27999877929688,91652600
2016-11-16 00:00:00+00:00,217.55999755859375,218.13999938964844,217.4199981689453,217.8699951171875,65617700
2016-11-17 00:00:00+00:00,218.0500030517578,219.05999755859375,217.9199981689453,218.99000549316406,69797200
2016-11-18 00:00:00+00:00,219.07000732421875,219.27000427246094,218.2899932861328,218.5,86265800
2016-11-21 00:00:00+00:00,219.1699981689453,220.17999267578125,219.0,220.14999389648438,72402600
2016-11-22 00:00:00+00:00,220.50999450683594,220.7899932861328,219.72999572753906,220.5800018310547,67429000
2016-11-23 00:00:00+00:00,219.97999572753906,220.75999450683594,219.75,220.6999969482422,56620200
2016-11-25 00:00:00+00:00,221.10000610351562,221.55999755859375,221.00999450683594,221.52000427246094,37872300
2016-11-28 00:00:00+00:00,221.16000366210938,221.47999572753906,220.36000061035156,220.47999572753906,76572500
2016-11-29 00:00:00+00:00,220.52000427246094,221.44000244140625,220.1699981689453,220.91000366210938,69886700
2016-11-30 00:00:00+00:00,221.6300048828125,221.82000732421875,220.30999755859375,220.3800048828125,113291800
2016-12-01 00:00:00+00:00,220.72999572753906,220.72999572753906,219.14999389648438,219.57000732421875,79040500
2016-12-02 00:00:00+00:00,219.6699981689453,220.25,219.25999450683594,219.67999267578125,74840300
2016-12-05 00:00:00+00:00,220.64999389648438,221.39999389648438,220.4199981689453,221.0,67837800
2016-12-06 00:00:00+00:00,221.22000122070312,221.74000549316406,220.66000366210938,221.6999969482422,59877400
2016-12-07 00:00:00+00:00,221.52000427246094,224.6699981689453,221.3800048828125,224.60000610351562,110738100
2016-12-08 00:00:00+00:00,224.57000732421875,225.6999969482422,224.25999450683594,225.14999389648438,99714400
2016-12-09 00:00:00+00:00,225.41000366210938,226.52999877929688,225.3699951171875,226.50999450683594,88005800
2016-12-12 00:00:00+00:00,226.39999389648438,226.9600067138672,225.75999450683594,226.25,102016100
2016-12-13 00:00:00+00:00,227.02000427246094,228.33999633789062,227.0,227.75999450683594,110477500
2016-12-14 00:00:00+00:00,227.41000366210938,228.22999572753906,225.3699951171875,225.8800048828125,142501800
2016-12-15 00:00:00+00:00,226.16000366210938,227.80999755859375,225.88999938964844,226.80999755859375,124972600
2016-12-16 00:00:00+00:00,226.00999450683594,226.0800018310547,224.6699981689453,225.0399932861328,156420200
2016-12-19 00:00:00+00:00,225.25,226.02000427246094,225.0800018310547,225.52999877929688,90341100
2016-12-20 00:00:00+00:00,226.14999389648438,226.57000732421875,225.8800048828125,226.39999389648438,89838800
2016-12-21 00:00:00+00:00,226.25,226.4499969482422,225.77000427246094,225.77000427246094,67909000
2016-12-22 00:00:00+00:00,225.60000610351562,225.74000549316406,224.9199981689453,225.3800048828125,56219100
2016-12-23 00:00:00+00:00,225.42999267578125,225.72000122070312,225.2100067138672,225.7100067138672,36697800
2016-12-27 00:00:00+00:00,226.02000427246094,226.72999572753906,226.0,226.27000427246094,42672500
2016-12-28 00:00:00+00:00,226.57000732421875,226.58999633789062,224.27000427246094,224.39999389648438,64095000
2016-12-29 00:00:00+00:00,224.47999572753906,224.88999938964844,223.83999633789062,224.35000610351562,48696100
2016-12-30 00:00:00+00:00,224.72999572753906,224.8300018310547,222.72999572753906,223.52999877929688,108998300
2017-01-03 00:00:00+00:00,225.0399932861328,225.8300018310547,223.8800048828125,225.24000549316406,91366500
2017-01-04 00:00:00+00:00,225.6199951171875,226.75,225.61000061035156,226.5800018310547,78744400
2017-01-05 00:00:00+00:00,226.27000427246094,226.5800018310547,225.47999572753906,226.39999389648438,78379000
2017-01-06 00:00:00+00:00,226.52999877929688,227.75,225.89999389648438,227.2100067138672,71559900
2017-01-09 00:00:00+00:00,226.91000366210938,227.07000732421875,226.4199981689453,226.4600067138672,46939700
2017-01-10 00:00:00+00:00,226.47999572753906,227.4499969482422,226.00999450683594,226.4600067138672,63771900
2017-01-11 00:00:00+00:00,226.36000061035156,227.10000610351562,225.58999633789062,227.10000610351562,74650000
2017-01-12 00:00:00+00:00,226.5,226.75,224.9600067138672,226.52999877929688,72113200
2017-01-13 00:00:00+00:00,226.72999572753906,227.39999389648438,226.69000244140625,227.0500030517578,62717900
2017-01-17 00:00:00+00:00,226.30999755859375,226.77999877929688,225.8000030517578,226.25,61240800
2017-01-18 00:00:00+00:00,226.5399932861328,226.8000030517578,225.89999389648438,226.75,54793300
2017-01-19 00:00:00+00:00,226.83999633789062,227.0,225.41000366210938,225.91000366210938,66608800
2017-01-20 00:00:00+00:00,226.6999969482422,227.30999755859375,225.97000122070312,226.74000549316406,129168600
2017-01-23 00:00:00+00:00,226.74000549316406,226.80999755859375,225.27000427246094,226.14999389648438,75061600
2017-01-24 00:00:00+00:00,226.39999389648438,228.0800018310547,226.27000427246094,227.60000610351562,95555300
2017-01-25 00:00:00+00:00,228.6999969482422,229.57000732421875,228.50999450683594,229.57000732421875,84437700
2017-01-26 00:00:00+00:00,229.39999389648438,229.7100067138672,229.00999450683594,229.3300018310547,59970700
2017-01-27 00:00:00+00:00,229.4199981689453,229.58999633789062,228.75999450683594,228.97000122070312,59711100
2017-01-30 00:00:00+00:00,228.1699981689453,228.1999969482422,226.41000366210938,227.5500030517578,79737300
2017-01-31 00:00:00+00:00,226.97999572753906,227.60000610351562,226.32000732421875,227.52999877929688,75880800
2017-02-01 00:00:00+00:00,227.52999877929688,228.58999633789062,226.94000244140625,227.6199951171875,79117700
2017-02-02 00:00:00+00:00,227.6199951171875,228.10000610351562,226.82000732421875,227.77000427246094,69657600
2017-02-03 00:00:00+00:00,228.82000732421875,229.5500030517578,228.4600067138672,229.33999633789062,80563200
2017-02-06 00:00:00+00:00,228.8699951171875,229.3300018310547,228.5399932861328,228.92999267578125,57790100
2017-02-07 00:00:00+00:00,229.3800048828125,229.66000366210938,228.72000122070312,228.94000244140625,57931200
2017-02-08 00:00:00+00:00,228.94000244140625,229.38999938964844,228.30999755859375,229.24000549316406,51566200
2017-02-09 00:00:00+00:00,229.24000549316406,230.9499969482422,229.24000549316406,230.60000610351562,65955200
2017-02-10 00:00:00+00:00,231.0,231.77000427246094,230.6199951171875,231.50999450683594,66015900
2017-02-13 00:00:00+00:00,232.0800018310547,233.07000732421875,232.0500030517578,232.77000427246094,55182100
2017-02-14 00:00:00+00:00,232.55999755859375,233.7100067138672,232.16000366210938,233.6999969482422,71109000
2017-02-15 00:00:00+00:00,233.4499969482422,235.13999938964844,233.38999938964844,234.9199981689453,86785800
2017-02-16 00:00:00+00:00,234.9499969482422,235.16000366210938,233.85000610351562,234.72000122070312,84722400
2017-02-17 00:00:00+00:00,233.9499969482422,235.08999633789062,233.92999267578125,235.08999633789062,77204100
2017-02-21 00:00:00+00:00,235.52000427246094,236.69000244140625,235.50999450683594,236.49000549316406,88946100
2017-02-22 00:00:00+00:00,236.02000427246094,236.5399932861328,235.8300018310547,236.27999877929688,62115200
2017-02-23 00:00:00+00:00,236.8800048828125,236.89999389648438,235.55999755859375,236.44000244140625,74615900
2017-02-24 00:00:00+00:00,235.4600067138672,236.7899932861328,235.41000366210938,236.74000549316406,82381600
2017-02-27 00:00:00+00:00,236.63999938964844,237.30999755859375,236.35000610351562,237.11000061035156,56515400
2017-02-28 00:00:00+00:00,236.6699981689453,236.9499969482422,236.02000427246094,236.47000122070312,96961900
2017-03-01 00:00:00+00:00,238.38999938964844,240.32000732421875,238.3699951171875,239.77999877929688,149158200
2017-03-02 00:00:00+00:00,239.55999755859375,239.57000732421875,238.2100067138672,238.27000427246094,70246000
2017-03-03 00:00:00+00:00,238.1699981689453,238.61000061035156,237.72999572753906,238.4199981689453,81974300
2017-03-06 00:00:00+00:00,237.5,238.1199951171875,237.00999450683594,237.7100067138672,55391500
2017-03-07 00:00:00+00:00,237.36000061035156,237.77000427246094,236.75999450683594,237.0,65103700
2017-03-08 00:00:00+00:00,237.33999633789062,237.63999938964844,236.39999389648438,236.55999755859375,78168800
2017-03-09 00:00:00+00:00,236.6999969482422,237.24000549316406,235.74000549316406,236.86000061035156,90683900
2017-03-10 00:00:00+00:00,237.97000122070312,238.02000427246094,236.58999633789062,237.69000244140625,81991700
2017-03-13 00:00:00+00:00,237.6199951171875,237.86000061035156,237.24000549316406,237.80999755859375,57256800
2017-03-14 00:00:00+00:00,237.17999267578125,237.24000549316406,236.19000244140625,236.89999389648438,59880800
2017-03-15 00:00:00+00:00,237.55999755859375,239.44000244140625,237.2899932861328,238.9499969482422,96081800
2017-03-16 00:00:00+00:00,239.11000061035156,239.1999969482422,238.10000610351562,238.47999572753906,78344000
2017-03-17 00:00:00+00:00,237.75,237.97000122070312,237.02999877929688,237.02999877929688,89002100
2017-03-20 00:00:00+00:00,237.02999877929688,237.36000061035156,236.32000732421875,236.77000427246094,52537000
2017-03-21 00:00:00+00:00,237.47000122070312,237.61000061035156,233.5800018310547,233.72999572753906,131809300
2017-03-22 00:00:00+00:00,233.77000427246094,234.61000061035156,233.0500030517578,234.27999877929688,97569200
2017-03-23 00:00:00+00:00,234.27999877929688,235.33999633789062,233.60000610351562,234.02999877929688,100410300
2017-03-24 00:00:00+00:00,234.3800048828125,235.0399932861328,232.9600067138672,233.86000061035156,112504900
2017-03-27 00:00:00+00:00,231.92999267578125,233.9199981689453,231.61000061035156,233.6199951171875,87454500
2017-03-28 00:00:00+00:00,233.27000427246094,235.80999755859375,233.13999938964844,235.32000732421875,93483900
2017-03-29 00:00:00+00:00,234.99000549316406,235.80999755859375,234.72999572753906,235.5399932861328,61950400
2017-03-30 00:00:00+00:00,235.47000122070312,236.52000427246094,235.27000427246094,236.2899932861328,56737900
2017-03-31 00:00:00+00:00,235.89999389648438,236.50999450683594,235.67999267578125,235.74000549316406,73733100
2017-04-03 00:00:00+00:00,235.8000030517578,236.02999877929688,233.91000366210938,235.3300018310547,85546500
2017-04-04 00:00:00+00:00,235.0,235.5800018310547,234.55999755859375,235.47999572753906,56466200
2017-04-05 00:00:00+00:00,236.25999450683594,237.38999938964844,234.5399932861328,234.77999877929688,108800600
2017-04-06 00:00:00+00:00,234.94000244140625,236.0399932861328,234.42999267578125,235.44000244140625,69135800
2017-04-07 00:00:00+00:00,235.14999389648438,236.0,234.63999938964844,235.1999969482422,74412300
2017-04-10 00:00:00+00:00,235.36000061035156,236.25999450683594,234.72999572753906,235.33999633789062,67615300
2017-04-11 00:00:00+00:00,234.89999389648438,235.17999267578125,233.33999633789062,235.05999755859375,88045300
2017-04-12 00:00:00+00:00,234.74000549316406,234.9600067138672,233.77000427246094,234.02999877929688,81864400
2017-04-13 00:00:00+00:00,233.63999938964844,234.49000549316406,232.50999450683594,232.50999450683594,92880400
2017-04-17 00:00:00+00:00,233.11000061035156,234.57000732421875,232.8800048828125,234.57000732421875,68405400
2017-04-18 00:00:00+00:00,233.72000122070312,234.49000549316406,233.0800018310547,233.8699951171875,83225800
2017-04-19 00:00:00+00:00,234.52000427246094,234.9499969482422,233.17999267578125,233.44000244140625,68699900
2017-04-20 00:00:00+00:00,234.14999389648438,235.85000610351562,233.77999877929688,235.33999633789062,92572200
2017-04-21 00:00:00+00:00,235.25,235.30999755859375,234.1300048828125,234.58999633789062,110389800
2017-04-24 00:00:00+00:00,237.17999267578125,237.41000366210938,234.55999755859375,237.1699981689453,119209900
2017-04-25 00:00:00+00:00,237.91000366210938,238.9499969482422,237.80999755859375,238.5500030517578,76698300
2017-04-26 00:00:00+00:00,238.50999450683594,239.52999877929688,238.35000610351562,238.39999389648438,84702500
2017-04-27 00:00:00+00:00,238.77000427246094,238.9499969482422,237.97999572753906,238.60000610351562,57410300
2017-04-28 00:00:00+00:00,238.89999389648438,238.92999267578125,237.92999267578125,238.0800018310547,63532800
2017-05-01 00:00:00+00:00,238.67999267578125,239.1699981689453,238.1999969482422,238.67999267578125,66882500
2017-05-02 00:00:00+00:00,238.83999633789062,238.97999572753906,238.3000030517578,238.77000427246094,57375700
2017-05-03 00:00:00+00:00,238.77000427246094,238.8800048828125,237.6999969482422,238.47999572753906,73137700
2017-05-04 00:00:00+00:00,238.8300018310547,238.9199981689453,237.77999877929688,238.75999450683594,61462700
2017-05-05 00:00:00+00:00,239.19000244140625,239.72000122070312,238.67999267578125,239.6999969482422,62001300
2017-05-08 00:00:00+00:00,239.75,239.9199981689453,239.1699981689453,239.66000366210938,48385700
2017-05-09 00:00:00+00:00,239.9600067138672,240.19000244140625,239.0399932861328,239.44000244140625,51363200
2017-05-10 00:00:00+00:00,239.38999938964844,239.8699951171875,239.14999389648438,239.8699951171875,54293800
2017-05-11 00:00:00+00:00,239.35000610351562,239.57000732421875,238.1300048828125,239.3800048828125,62358300
2017-05-12 00:00:00+00:00,239.08999633789062,239.42999267578125,238.6699981689453,238.97999572753906,53912700
2017-05-15 00:00:00+00:00,239.47000122070312,240.44000244140625,239.4499969482422,240.3000030517578,61918900
2017-05-16 00:00:00+00:00,240.63999938964844,240.6699981689453,239.6300048828125,240.0800018310547,51241800
2017-05-17 00:00:00+00:00,240.0800018310547,240.0800018310547,235.75,235.82000732421875,172174100
2017-05-18 00:00:00+00:00,235.72999572753906,237.75,235.42999267578125,236.77000427246094,107047700
2017-05-19 00:00:00+00:00,237.3300018310547,239.0800018310547,237.27000427246094,238.30999755859375,115011400
2017-05-22 00:00:00+00:00,238.89999389648438,239.7100067138672,238.82000732421875,239.52000427246094,61010600
2017-05-23 00:00:00+00:00,239.9499969482422,240.24000549316406,239.50999450683594,240.0500030517578,48341700
2017-05-24 00:00:00+00:00,240.32000732421875,240.72999572753906,239.92999267578125,240.61000061035156,46927700
2017-05-25 00:00:00+00:00,241.1999969482422,242.0800018310547,240.9600067138672,241.75999450683594,64071700
2017-05-26 00:00:00+00:00,241.5399932861328,241.89999389648438,241.4499969482422,241.7100067138672,46629900
2017-05-30 00:00:00+00:00,241.33999633789062,241.7899932861328,241.16000366210938,241.5,35201900
2017-05-31 00:00:00+00:00,241.83999633789062,241.8800048828125,240.63999938964844,241.44000244140625,91796000
2017-06-01 00:00:00+00:00,241.97000122070312,243.3800048828125,241.63999938964844,243.36000061035156,68962000
2017-06-02 00:00:00+00:00,243.4199981689453,244.35000610351562,243.0800018310547,244.1699981689453,88666100
2017-06-05 00:00:00+00:00,243.97000122070312,244.3000030517578,243.75999450683594,243.99000549316406,44698800
2017-06-06 00:00:00+00:00,243.33999633789062,243.97999572753906,243.1199951171875,243.2100067138672,50375400
2017-06-07 00:00:00+00:00,243.60000610351562,243.9199981689453,242.8300018310547,243.66000366210938,54144300
2017-06-08 00:00:00+00:00,243.77000427246094,244.3300018310547,243.1699981689453,243.77999877929688,65950700
2017-06-09 00:00:00+00:00,244.08999633789062,245.00999450683594,241.9499969482422,243.41000366210938,132256400
2017-06-12 00:00:00+00:00,243.1300048828125,243.4199981689453,242.3800048828125,243.36000061035156,86108100
2017-06-13 00:00:00+00:00,243.97999572753906,244.61000061035156,243.5800018310547,244.5500030517578,60067000
2017-06-14 00:00:00+00:00,244.86000061035156,244.8699951171875,243.2899932861328,244.24000549316406,78602300
2017-06-15 00:00:00+00:00,242.67999267578125,243.91000366210938,242.36000061035156,243.77000427246094,66464900
2017-06-16 00:00:00+00:00,242.77000427246094,242.8300018310547,241.6300048828125,242.63999938964844,84553100
2017-06-19 00:00:00+00:00,243.58999633789062,244.72999572753906,243.47999572753906,244.66000366210938,65123800
2017-06-20 00:00:00+00:00,244.25,244.25999450683594,242.99000549316406,243.00999450683594,56906400
2017-06-21 00:00:00+00:00,243.4600067138672,243.58999633789062,242.41000366210938,242.9499969482422,55977600
2017-06-22 00:00:00+00:00,242.9600067138672,243.52999877929688,242.63999938964844,242.83999633789062,44148100
2017-06-23 00:00:00+00:00,242.91000366210938,243.50999450683594,242.47000122070312,243.1300048828125,66986800
2017-06-26 00:00:00+00:00,243.89999389648438,244.3800048828125,243.0500030517578,243.2899932861328,56700500
2017-06-27 00:00:00+00:00,243.0399932861328,243.3800048828125,241.30999755859375,241.3300018310547,82247700
2017-06-28 00:00:00+00:00,242.5,243.72000122070312,242.22999572753906,243.49000549316406,70042600
2017-06-29 00:00:00+00:00,243.66000366210938,243.72000122070312,239.9600067138672,241.35000610351562,106949700
2017-06-30 00:00:00+00:00,242.27999877929688,242.7100067138672,241.5800018310547,241.8000030517578,86820700
2017-07-03 00:00:00+00:00,242.8800048828125,243.3800048828125,242.2100067138672,242.2100067138672,39153800
2017-07-05 00:00:00+00:00,242.6300048828125,243.00999450683594,241.6999969482422,242.77000427246094,54427600
2017-07-06 00:00:00+00:00,241.88999938964844,242.02999877929688,240.33999633789062,240.5500030517578,65400800
2017-07-07 00:00:00+00:00,241.2100067138672,242.27999877929688,240.55999755859375,242.11000061035156,57972300
2017-07-10 00:00:00+00:00,242.11000061035156,242.8000030517578,241.75999450683594,242.3699951171875,36663300
2017-07-11 00:00:00+00:00,242.3699951171875,242.5500030517578,240.85000610351562,242.19000244140625,50354600
2017-07-12 00:00:00+00:00,243.3000030517578,244.1999969482422,243.3000030517578,244.00999450683594,59610400
2017-07-13 00:00:00+00:00,244.02000427246094,244.5500030517578,243.75999450683594,244.4199981689453,39471600
2017-07-14 00:00:00+00:00,244.4199981689453,245.97000122070312,244.30999755859375,245.55999755859375,60262700
2017-07-17 00:00:00+00:00,245.47000122070312,245.91000366210938,245.3300018310547,245.52999877929688,33531900
2017-07-18 00:00:00+00:00,245.05999755859375,245.72000122070312,244.6699981689453,245.66000366210938,42742500
2017-07-19 00:00:00+00:00,246.02000427246094,247.0,246.00999450683594,246.99000549316406,51034300
2017-07-20 00:00:00+00:00,247.27999877929688,247.4199981689453,246.47000122070312,247.10000610351562,47135200
2017-07-21 00:00:00+00:00,246.44000244140625,246.91000366210938,246.17999267578125,246.8800048828125,82340800
2017-07-24 00:00:00+00:00,246.7899932861328,246.97999572753906,246.27999877929688,246.82000732421875,46622300
2017-07-25 00:00:00+00:00,247.67999267578125,247.8000030517578,247.16000366210938,247.4199981689453,54915600
2017-07-26 00:00:00+00:00,247.75,247.7899932861328,247.1300048828125,247.42999267578125,47575400
2017-07-27 00:00:00+00:00,247.9600067138672,248.0,245.67999267578125,247.1999969482422,70766600
2017-07-28 00:00:00+00:00,246.64999389648438,247.05999755859375,246.1300048828125,246.91000366210938,50088400
2017-07-31 00:00:00+00:00,247.3699951171875,247.47999572753906,246.52999877929688,246.77000427246094,65838700
2017-08-01 00:00:00+00:00,247.4600067138672,247.5,246.72000122070312,247.32000732421875,55050400
2017-08-02 00:00:00+00:00,247.47000122070312,247.60000610351562,246.3699951171875,247.44000244140625,47211200
2017-08-03 00:00:00+00:00,247.30999755859375,247.33999633789062,246.63999938964844,246.9600067138672,40856000
2017-08-04 00:00:00+00:00,247.52000427246094,247.7899932861328,246.97000122070312,247.41000366210938,60191800
2017-08-07 00:00:00+00:00,247.49000549316406,247.8699951171875,247.3699951171875,247.8699951171875,31995000
2017-08-08 00:00:00+00:00,247.50999450683594,248.91000366210938,246.8300018310547,247.25999450683594,61719400
2017-08-09 00:00:00+00:00,246.47000122070312,247.30999755859375,246.05999755859375,247.25,62632600
2017-08-10 00:00:00+00:00,246.2899932861328,246.44000244140625,243.6999969482422,243.75999450683594,120479500
2017-08-11 00:00:00+00:00,244.02000427246094,244.8000030517578,243.75,244.1199951171875,74869900
2017-08-14 00:00:00+00:00,245.58999633789062,246.7899932861328,245.5500030517578,246.5399932861328,73291900
2017-08-15 00:00:00+00:00,246.97999572753906,247.0,246.16000366210938,246.50999450683594,55242700
2017-08-16 00:00:00+00:00,247.11000061035156,247.57000732421875,246.4499969482422,246.94000244140625,56715500
2017-08-17 00:00:00+00:00,246.24000549316406,246.60000610351562,243.08999633789062,243.08999633789062,128490400
2017-08-18 00:00:00+00:00,242.89999389648438,244.19000244140625,242.1999969482422,242.7100067138672,136748000
2017-08-21 00:00:00+00:00,242.63999938964844,243.1999969482422,241.8300018310547,242.89999389648438,65469700
2017-08-22 00:00:00+00:00,243.57000732421875,245.6199951171875,243.5500030517578,245.44000244140625,63140100
2017-08-23 00:00:00+00:00,244.3300018310547,245.0500030517578,244.16000366210938,244.55999755859375,50203800
2017-08-24 00:00:00+00:00,245.0,245.17999267578125,243.75,243.99000549316406,50741700
2017-08-25 00:00:00+00:00,244.89999389648438,245.61000061035156,244.38999938964844,244.55999755859375,64445900
2017-08-28 00:00:00+00:00,245.1699981689453,245.1999969482422,244.08999633789062,244.57000732421875,40565600
2017-08-29 00:00:00+00:00,243.05999755859375,245.14999389648438,242.92999267578125,244.85000610351562,51135700
2017-08-30 00:00:00+00:00,244.8300018310547,246.32000732421875,244.6199951171875,246.00999450683594,62030800
2017-08-31 00:00:00+00:00,246.72000122070312,247.77000427246094,246.0500030517578,247.49000549316406,103803900
2017-09-01 00:00:00+00:00,247.9199981689453,248.3300018310547,247.6699981689453,247.83999633789062,62007000
2017-09-05 00:00:00+00:00,247.25999450683594,247.52000427246094,244.9499969482422,246.05999755859375,91398800
2017-09-06 00:00:00+00:00,246.83999633789062,247.27999877929688,246.22999572753906,246.89999389648438,57916900
2017-09-07 00:00:00+00:00,247.25,247.27000427246094,246.39999389648438,246.8699951171875,58034700
2017-09-08 00:00:00+00:00,246.5399932861328,247.11000061035156,246.3000030517578,246.5800018310547,63832800
2017-09-11 00:00:00+00:00,248.0399932861328,249.3000030517578,248.02000427246094,249.2100067138672,71364800
2017-09-12 00:00:00+00:00,249.6300048828125,250.08999633789062,249.4199981689453,250.0500030517578,56896000
2017-09-13 00:00:00+00:00,249.72000122070312,250.2100067138672,249.58999633789062,250.1699981689453,59228000
2017-09-14 00:00:00+00:00,249.8000030517578,250.32000732421875,249.60000610351562,250.08999633789062,95446300
2017-09-15 00:00:00+00:00,248.69000244140625,249.2899932861328,248.57000732421875,249.19000244140625,95432400
2017-09-18 00:00:00+00:00,249.61000061035156,250.1199951171875,249.27999877929688,249.72000122070312,46235200
2017-09-19 00:00:00+00:00,250.0,250.07000732421875,249.60000610351562,249.97000122070312,47108100
2017-09-20 00:00:00+00:00,250.07000732421875,250.19000244140625,248.9199981689453,250.05999755859375,59574100
2017-09-21 00:00:00+00:00,249.8800048828125,249.97999572753906,249.19000244140625,249.38999938964844,48211400
2017-09-22 00:00:00+00:00,249.0500030517578,249.6300048828125,249.02000427246094,249.44000244140625,51214000
2017-09-25 00:00:00+00:00,249.14999389648438,249.5500030517578,248.0800018310547,248.92999267578125,57064400
2017-09-26 00:00:00+00:00,249.4199981689453,249.6999969482422,248.80999755859375,249.0800018310547,54082000
2017-09-27 00:00:00+00:00,249.8800048828125,250.49000549316406,248.8699951171875,250.0500030517578,81001400
2017-09-28 00:00:00+00:00,249.72999572753906,250.44000244140625,249.6300048828125,250.35000610351562,44778800
2017-09-29 00:00:00+00:00,250.33999633789062,251.32000732421875,250.1300048828125,251.22999572753906,85578000
2017-10-02 00:00:00+00:00,251.49000549316406,252.32000732421875,251.2899932861328,252.32000732421875,59023000
2017-10-03 00:00:00+00:00,252.32000732421875,252.88999938964844,252.22999572753906,252.86000061035156,66810200
2017-10-04 00:00:00+00:00,252.69000244140625,253.44000244140625,252.55999755859375,253.16000366210938,55953600
2017-10-05 00:00:00+00:00,253.5399932861328,254.67999267578125,253.1999969482422,254.66000366210938,63522800
2017-10-06 00:00:00+00:00,254.14999389648438,254.6999969482422,253.85000610351562,254.3699951171875,80646000
2017-10-09 00:00:00+00:00,254.6300048828125,254.6999969482422,253.64999389648438,253.9499969482422,35803100
2017-10-10 00:00:00+00:00,254.60000610351562,255.0500030517578,253.97999572753906,254.6199951171875,43057400
2017-10-11 00:00:00+00:00,254.50999450683594,255.02000427246094,254.32000732421875,255.02000427246094,47674300
2017-10-12 00:00:00+00:00,254.66000366210938,255.05999755859375,254.3699951171875,254.63999938964844,47065100
2017-10-13 00:00:00+00:00,255.13999938964844,255.27000427246094,254.63999938964844,254.9499969482422,54800400
2017-10-16 00:00:00+00:00,255.2100067138672,255.50999450683594,254.82000732421875,255.2899932861328,38221700
2017-10-17 00:00:00+00:00,255.22999572753906,255.52000427246094,254.97999572753906,255.47000122070312,31561000
2017-10-18 00:00:00+00:00,255.89999389648438,255.9499969482422,255.5,255.72000122070312,40888300
2017-10-19 00:00:00+00:00,254.8300018310547,255.8300018310547,254.35000610351562,255.7899932861328,61903800
2017-10-20 00:00:00+00:00,256.70001220703125,257.1400146484375,255.77000427246094,257.1099853515625,89176400
2017-10-23 00:00:00+00:00,257.4800109863281,257.510009765625,256.0199890136719,256.1099853515625,63915300
2017-10-24 00:00:00+00:00,256.6000061035156,256.8299865722656,256.1499938964844,256.55999755859375,66935900
2017-10-25 00:00:00+00:00,256.17999267578125,256.30999755859375,254.0,255.2899932861328,103715300
2017-10-26 00:00:00+00:00,255.99000549316406,256.29998779296875,255.47999572753906,255.6199951171875,69798000
2017-10-27 00:00:00+00:00,256.4700012207031,257.8900146484375,255.6300048828125,257.7099914550781,85562500
2017-10-30 00:00:00+00:00,256.4700012207031,257.6000061035156,256.4100036621094,256.75,54285700
2017-10-31 00:00:00+00:00,257.17999267578125,257.44000244140625,256.80999755859375,257.1499938964844,60304800
2017-11-01 00:00:00+00:00,258.0400085449219,258.42999267578125,257.07000732421875,257.489990234375,54202700
2017-11-02 00:00:00+00:00,257.4100036621094,257.75,256.19000244140625,257.5899963378906,56449500
2017-11-03 00:00:00+00:00,257.7699890136719,258.5,257.29998779296875,258.45001220703125,59589700
2017-11-06 00:00:00+00:00,258.29998779296875,259.0,258.2200012207031,258.8500061035156,49652600
2017-11-07 00:00:00+00:00,258.9700012207031,259.3500061035156,258.0899963378906,258.6700134277344,57502200
2017-11-08 00:00:00+00:00,258.4700012207031,259.2200012207031,258.1499938964844,259.1099853515625,50469600
2017-11-09 00:00:00+00:00,257.7300109863281,258.3900146484375,256.3599853515625,258.1700134277344,95085500
2017-11-10 00:00:00+00:00,257.7300109863281,258.2900085449219,257.3699951171875,258.0899963378906,59984700
2017-11-13 00:00:00+00:00,257.30999755859375,258.5899963378906,257.2699890136719,258.3299865722656,50228600
2017-11-14 00:00:00+00:00,257.4100036621094,257.8500061035156,256.5199890136719,257.7300109863281,61315200
2017-11-15 00:00:00+00:00,256.6199951171875,257.2200012207031,255.6300048828125,256.44000244140625,80811500
2017-11-16 00:00:00+00:00,257.5199890136719,259.0400085449219,257.4700012207031,258.6199951171875,67777000
2017-11-17 00:00:00+00:00,258.2200012207031,258.5899963378906,257.7699890136719,257.8599853515625,75756800
2017-11-20 00:00:00+00:00,258.1400146484375,258.5199890136719,257.8599853515625,258.29998779296875,48075500
2017-11-21 00:00:00+00:00,259.17999267578125,260.20001220703125,258.260009765625,259.989990234375,69176800
2017-11-22 00:00:00+00:00,260.0,260.1499938964844,259.57000732421875,259.760009765625,45033400
2017-11-24 00:00:00+00:00,260.32000732421875,260.4800109863281,260.1600036621094,260.3599853515625,27856500
2017-11-27 00:00:00+00:00,260.4100036621094,260.75,260.0,260.2300109863281,52274900
2017-11-28 00:00:00+00:00,260.760009765625,262.8999938964844,260.6499938964844,262.8699951171875,98971700
2017-11-29 00:00:00+00:00,263.0199890136719,263.6300048828125,262.20001220703125,262.7099914550781,77512100
2017-11-30 00:00:00+00:00,263.760009765625,266.04998779296875,263.6700134277344,265.010009765625,127894400
2017-12-01 00:00:00+00:00,264.760009765625,265.30999755859375,260.760009765625,264.4599914550781,164390900
2017-12-04 00:00:00+00:00,266.30999755859375,266.79998779296875,264.0799865722656,264.1400146484375,94040600
2017-12-05 00:00:00+00:00,263.19000244140625,265.1499938964844,263.0400085449219,263.19000244140625,77994500
2017-12-06 00:00:00+00:00,263.29998779296875,263.7300109863281,262.7099914550781,263.239990234375,75898600
2017-12-07 00:00:00+00:00,264.07000732421875,264.42999267578125,262.94000244140625,264.07000732421875,77218600
2017-12-08 00:00:00+00:00,265.1600036621094,265.5199890136719,264.0299987792969,265.510009765625,76563900
2017-12-11 00:00:00+00:00,266.30999755859375,266.3800048828125,265.4800109863281,266.30999755859375,83077500
2017-12-12 00:00:00+00:00,267.2099914550781,267.32000732421875,266.3500061035156,266.7799987792969,85195800
2017-12-13 00:00:00+00:00,267.05999755859375,267.55999755859375,266.6499938964844,266.75,102905400
2017-12-14 00:00:00+00:00,267.0899963378906,267.2200012207031,265.6000061035156,265.6600036621094,100666700
2017-12-15 00:00:00+00:00,265.45001220703125,267.0400085449219,265.3900146484375,266.510009765625,144610300
2017-12-18 00:00:00+00:00,268.1000061035156,268.6000061035156,267.9800109863281,268.20001220703125,83653600
2017-12-19 00:00:00+00:00,268.4800109863281,268.5299987792969,267.0899963378906,267.1700134277344,82382900
2017-12-20 00:00:00+00:00,268.2699890136719,268.3299865722656,266.69000244140625,267.0299987792969,76751500
2017-12-21 00:00:00+00:00,267.739990234375,268.3900146484375,267.29998779296875,267.5799865722656,67032300
2017-12-22 00:00:00+00:00,267.6000061035156,267.6400146484375,266.8999938964844,267.510009765625,78720900
2017-12-26 00:00:00+00:00,267.04998779296875,267.44000244140625,266.8900146484375,267.19000244140625,45244400
2017-12-27 00:00:00+00:00,267.3800048828125,267.7300109863281,267.010009765625,267.32000732421875,57751000
2017-12-28 00:00:00+00:00,267.8900146484375,267.9200134277344,267.45001220703125,267.8699951171875,45116100
2017-12-29 00:00:00+00:00,268.5299987792969,268.54998779296875,266.6400146484375,266.8599853515625,96007400
2018-01-02 00:00:00+00:00,267.8399963378906,268.80999755859375,267.3999938964844,268.7699890136719,86655700
2018-01-03 00:00:00+00:00,268.9599914550781,270.6400146484375,268.9599914550781,270.4700012207031,90070400
2018-01-04 00:00:00+00:00,271.20001220703125,272.1600036621094,270.5400085449219,271.6099853515625,80636400
2018-01-05 00:00:00+00:00,272.510009765625,273.55999755859375,271.95001220703125,273.4200134277344,83524000
2018-01-08 00:00:00+00:00,273.30999755859375,274.1000061035156,272.9800109863281,273.9200134277344,57319200
2018-01-09 00:00:00+00:00,274.3999938964844,275.25,274.0799865722656,274.5400085449219,57254000
2018-01-10 00:00:00+00:00,273.67999267578125,274.4200134277344,272.9200134277344,274.1199951171875,69574300
2018-01-11 00:00:00+00:00,274.75,276.1199951171875,274.55999755859375,276.1199951171875,62361500
2018-01-12 00:00:00+00:00,276.4200134277344,278.1099853515625,276.0799865722656,277.9200134277344,90816100
2018-01-16 00:00:00+00:00,279.3500061035156,280.0899963378906,276.17999267578125,276.9700012207031,106555100
2018-01-17 00:00:00+00:00,278.0299987792969,280.04998779296875,276.9700012207031,279.6099853515625,113258800
2018-01-18 00:00:00+00:00,279.4800109863281,279.9599914550781,278.5799865722656,279.1400146484375,100728000
2018-01-19 00:00:00+00:00,279.79998779296875,280.4100036621094,279.1400146484375,280.4100036621094,140920100
2018-01-22 00:00:00+00:00,280.1700134277344,282.69000244140625,280.1099853515625,282.69000244140625,91322400
2018-01-23 00:00:00+00:00,282.739990234375,283.6199951171875,282.3699951171875,283.2900085449219,97084700
2018-01-24 00:00:00+00:00,284.0199890136719,284.70001220703125,281.8399963378906,283.17999267578125,134816100
2018-01-25 00:00:00+00:00,284.1600036621094,284.2699890136719,282.3999938964844,283.29998779296875,84587300
2018-01-26 00:00:00+00:00,284.25,286.6300048828125,283.9599914550781,286.5799865722656,107743100
2018-01-29 00:00:00+00:00,285.92999267578125,286.42999267578125,284.5,284.67999267578125,90118300
2018-01-30 00:00:00+00:00,282.6000061035156,284.739990234375,281.2200012207031,281.760009765625,131796400
2018-01-31 00:00:00+00:00,282.7300109863281,283.29998779296875,280.67999267578125,281.8999938964844,108364800
2018-02-01 00:00:00+00:00,281.07000732421875,283.05999755859375,280.67999267578125,281.5799865722656,90102500
2018-02-02 00:00:00+00:00,280.0799865722656,280.2300109863281,275.4100036621094,275.45001220703125,173174800
2018-02-05 00:00:00+00:00,273.45001220703125,275.8500061035156,263.30999755859375,263.92999267578125,294681800
2018-02-06 00:00:00+00:00,259.94000244140625,269.70001220703125,258.70001220703125,269.1300048828125,355026800
2018-02-07 00:00:00+00:00,268.5,272.3599853515625,267.5799865722656,267.6700134277344,167376100
2018-02-08 00:00:00+00:00,268.010009765625,268.1700134277344,257.5899963378906,257.6300048828125,246449500
2018-02-09 00:00:00+00:00,260.79998779296875,263.6099853515625,252.9199981689453,261.5,283565300
2018-02-12 00:00:00+00:00,263.8299865722656,267.010009765625,261.6600036621094,265.3399963378906,143736000
2018-02-13 00:00:00+00:00,263.9700012207031,266.6199951171875,263.30999755859375,266.0,81223600
2018-02-14 00:00:00+00:00,264.30999755859375,270.0,264.29998779296875,269.5899963378906,120735700
2018-02-15 00:00:00+00:00,271.57000732421875,273.0400085449219,268.7699890136719,273.0299987792969,111200300
2018-02-16 00:00:00+00:00,272.32000732421875,275.32000732421875,272.2699890136719,273.1099853515625,160420100
2018-02-20 00:00:00+00:00,272.0299987792969,273.6700134277344,270.5,271.3999938964844,86369700
2018-02-21 00:00:00+00:00,271.8999938964844,274.7200012207031,269.94000244140625,270.04998779296875,98883700
2018-02-22 00:00:00+00:00,271.1000061035156,273.04998779296875,269.6400146484375,270.3999938964844,110511300
2018-02-23 00:00:00+00:00,271.7900085449219,274.7099914550781,271.25,274.7099914550781,92766400
2018-02-26 00:00:00+00:00,275.92999267578125,278.010009765625,275.260009765625,277.8999938964844,86491400
2018-02-27 00:00:00+00:00,278.1099853515625,278.9200134277344,274.3599853515625,274.42999267578125,99099200
2018-02-28 00:00:00+00:00,275.67999267578125,276.19000244140625,271.2900085449219,271.6499938964844,121907800
2018-03-01 00:00:00+00:00,271.4100036621094,273.1700134277344,266.0,267.70001220703125,176855100
2018-03-02 00:00:00+00:00,265.79998779296875,269.7200012207031,264.82000732421875,269.0799865722656,139083200
2018-03-05 00:00:00+00:00,267.7300109863281,272.8900146484375,267.6099853515625,272.19000244140625,97307400
2018-03-06 00:00:00+00:00,273.29998779296875,273.3900146484375,271.17999267578125,272.8800048828125,79213200
2018-03-07 00:00:00+00:00,270.4200134277344,273.17999267578125,270.20001220703125,272.7799987792969,87063500
2018-03-08 00:00:00+00:00,273.54998779296875,274.239990234375,272.4200134277344,274.1000061035156,66901200
2018-03-09 00:00:00+00:00,275.70001220703125,278.8699951171875,275.3399963378906,278.8699951171875,113625300
2018-03-12 00:00:00+00:00,279.20001220703125,279.9100036621094,278.0799865722656,278.5199890136719,71924800
2018-03-13 00:00:00+00:00,279.8399963378906,280.4100036621094,276.0299987792969,276.7200012207031,91968900
2018-03-14 00:00:00+00:00,277.80999755859375,278.0199890136719,274.6700134277344,275.29998779296875,105895100
2018-03-15 00:00:00+00:00,275.8800048828125,276.6099853515625,274.42999267578125,275.0,83433000
2018-03-16 00:00:00+00:00,274.5,275.3900146484375,274.1400146484375,274.20001220703125,100343700
2018-03-19 00:00:00+00:00,273.3500061035156,274.3999938964844,268.6199951171875,270.489990234375,109208400
2018-03-20 00:00:00+00:00,270.94000244140625,271.6700134277344,270.17999267578125,270.95001220703125,59757300
2018-03-21 00:00:00+00:00,270.8999938964844,273.2699890136719,270.19000244140625,270.42999267578125,78709600
2018-03-22 00:00:00+00:00,267.9100036621094,268.8699951171875,263.3599853515625,263.6700134277344,148785900
2018-03-23 00:00:00+00:00,264.1700134277344,264.5400085449219,257.8299865722656,258.04998779296875,183534800
2018-03-26 00:00:00+00:00,262.1300048828125,265.42999267578125,259.4100036621094,265.1099853515625,141956100
2018-03-27 00:00:00+00:00,266.1700134277344,266.7699890136719,258.8399963378906,260.6000061035156,129941400
2018-03-28 00:00:00+00:00,260.75,262.6400146484375,258.5799865722656,259.8299865722656,146452300
2018-03-29 00:00:00+00:00,261.1199951171875,265.260009765625,259.8399963378906,263.1499938964844,111601600
2018-04-02 00:00:00+00:00,262.54998779296875,263.1300048828125,254.6699981689453,257.4700012207031,186286300
2018-04-03 00:00:00+00:00,258.8699951171875,261.30999755859375,256.8399963378906,260.7699890136719,119956900
2018-04-04 00:00:00+00:00,256.75,264.3599853515625,256.6000061035156,263.55999755859375,123715300
2018-04-05 00:00:00+00:00,265.54998779296875,266.6400146484375,264.32000732421875,265.6400146484375,82652600
2018-04-06 00:00:00+00:00,263.4200134277344,265.1099853515625,258.0,259.7200012207031,179521200
2018-04-09 00:00:00+00:00,261.3699951171875,264.8399963378906,259.94000244140625,261.0,105442900
2018-04-10 00:00:00+00:00,264.2699890136719,266.0400085449219,262.9800109863281,265.1499938964844,103529000
2018-04-11 00:00:00+00:00,263.4700012207031,265.6400146484375,263.3900146484375,263.760009765625,91140200
2018-04-12 00:00:00+00:00,265.260009765625,267.0,265.05999755859375,265.92999267578125,68890500
2018-04-13 00:00:00+00:00,267.4100036621094,267.5400085449219,264.010009765625,265.1499938964844,85079200
2018-04-16 00:00:00+00:00,267.0,268.20001220703125,266.07000732421875,267.3299865722656,63405300
2018-04-17 00:00:00+00:00,269.3299865722656,270.8699951171875,268.75,270.19000244140625,64682000
2018-04-18 00:00:00+00:00,270.69000244140625,271.29998779296875,269.8699951171875,270.3900146484375,57303900
2018-04-19 00:00:00+00:00,269.6499938964844,269.8800048828125,267.7200012207031,268.8900146484375,77655900
2018-04-20 00:00:00+00:00,268.80999755859375,269.05999755859375,265.6099853515625,266.6099853515625,99953100
2018-04-23 00:00:00+00:00,267.260009765625,267.8900146484375,265.3500061035156,266.57000732421875,65558000
2018-04-24 00:00:00+00:00,267.7300109863281,267.9800109863281,261.2799987792969,262.9800109863281,112885500
2018-04-25 00:00:00+00:00,262.9100036621094,264.1300048828125,260.8500061035156,263.6300048828125,103840900
2018-04-26 00:00:00+00:00,264.7900085449219,267.25,264.2900085449219,266.30999755859375,67731900
2018-04-27 00:00:00+00:00,267.0,267.3399963378906,265.5,266.55999755859375,57053600
2018-04-30 00:00:00+00:00,267.260009765625,267.8900146484375,264.42999267578125,264.510009765625,82182300
2018-05-01 00:00:00+00:00,263.8699951171875,265.1000061035156,262.1099853515625,264.9800109863281,74203400
2018-05-02 00:00:00+00:00,264.760009765625,265.67999267578125,262.760009765625,263.20001220703125,86368900
2018-05-03 00:00:00+00:00,262.260009765625,263.3599853515625,259.04998779296875,262.6199951171875,136311500
2018-05-04 00:00:00+00:00,261.5199890136719,266.7900085449219,261.1499938964844,266.0199890136719,91222100
2018-05-07 00:00:00+00:00,266.8900146484375,268.0199890136719,266.1099853515625,266.9200134277344,55304900
2018-05-08 00:00:00+00:00,266.5,267.3299865722656,265.1499938964844,266.9200134277344,67499200
2018-05-09 00:00:00+00:00,267.67999267578125,269.8699951171875,267.0899963378906,269.5,59666100
2018-05-10 00:00:00+00:00,270.3399963378906,272.3900146484375,270.2200012207031,272.0199890136719,72063900
2018-05-11 00:00:00+00:00,272.1600036621094,273.1499938964844,271.5799865722656,272.8500061035156,59871500
2018-05-14 00:00:00+00:00,273.3399963378906,274.0799865722656,272.3599853515625,272.9800109863281,54790600
2018-05-15 00:00:00+00:00,271.5899963378906,271.6099853515625,270.0299987792969,271.1000061035156,87036100
2018-05-16 00:00:00+00:00,271.1400146484375,272.760009765625,271.1099853515625,272.239990234375,53942600
2018-05-17 00:00:00+00:00,271.94000244140625,273.2300109863281,271.1300048828125,272.010009765625,56536400
2018-05-18 00:00:00+00:00,271.6199951171875,272.0299987792969,270.92999267578125,271.3299865722656,64368000
2018-05-21 00:00:00+00:00,273.010009765625,273.9800109863281,272.57000732421875,273.3699951171875,58025900
2018-05-22 00:00:00+00:00,273.9599914550781,274.25,272.239990234375,272.6099853515625,52966400
2018-05-23 00:00:00+00:00,271.1700134277344,273.3900146484375,270.989990234375,273.3599853515625,64694200
2018-05-24 00:00:00+00:00,272.9100036621094,273.2200012207031,270.7799987792969,272.79998779296875,76043800
2018-05-25 00:00:00+00:00,272.1499938964844,272.8599853515625,271.5799865722656,272.1499938964844,56374800
2018-05-29 00:00:00+00:00,270.30999755859375,271.1700134277344,267.760009765625,269.0199890136719,115908600
2018-05-30 00:00:00+00:00,270.5,273.1099853515625,270.4200134277344,272.6099853515625,69678400
2018-05-31 00:00:00+00:00,272.1499938964844,272.489990234375,270.260009765625,270.94000244140625,93519900
2018-06-01 00:00:00+00:00,272.4100036621094,273.94000244140625,272.3299865722656,273.6000061035156,71258400
2018-06-04 00:00:00+00:00,274.5299987792969,275.19000244140625,274.260009765625,274.8999938964844,45385200
2018-06-05 00:00:00+00:00,275.04998779296875,275.5299987792969,274.17999267578125,275.1000061035156,51135000
2018-06-06 00:00:00+00:00,275.7900085449219,277.5199890136719,275.0899963378906,277.3999938964844,62732200
2018-06-07 00:00:00+00:00,277.95001220703125,278.2799987792969,276.3399963378906,277.3699951171875,72969400
2018-06-08 00:00:00+00:00,276.8500061035156,278.25,276.6600036621094,278.19000244140625,72139700
2018-06-11 00:00:00+00:00,278.44000244140625,279.3699951171875,278.30999755859375,278.55999755859375,58892500
2018-06-12 00:00:00+00:00,279.0299987792969,279.3299865722656,278.19000244140625,278.9200134277344,72329000
2018-06-13 00:00:00+00:00,279.19000244140625,279.4800109863281,277.79998779296875,278.0299987792969,79070600
2018-06-14 00:00:00+00:00,279.010009765625,279.3299865722656,278.05999755859375,278.7300109863281,77097600
2018-06-15 00:00:00+00:00,276.6000061035156,277.510009765625,275.3500061035156,277.1300048828125,120041600
2018-06-18 00:00:00+00:00,275.489990234375,276.70001220703125,274.95001220703125,276.55999755859375,52917600
2018-06-19 00:00:00+00:00,274.0,275.75,273.5299987792969,275.5,97531500
2018-06-20 00:00:00+00:00,276.2699890136719,276.7200012207031,275.5899963378906,275.9700012207031,53785500
2018-06-21 00:00:00+00:00,275.9599914550781,275.9800109863281,273.67999267578125,274.239990234375,71061400
2018-06-22 00:00:00+00:00,275.6600036621094,275.7900085449219,274.489990234375,274.739990234375,54898500
2018-06-25 00:00:00+00:00,273.44000244140625,273.6199951171875,269.1000061035156,271.0,137854200
2018-06-26 00:00:00+00:00,271.6400146484375,272.55999755859375,270.7900085449219,271.6000061035156,68547400
2018-06-27 00:00:00+00:00,272.260009765625,273.8699951171875,269.17999267578125,269.3500061035156,105110700
2018-06-28 00:00:00+00:00,269.2900085449219,271.75,268.489990234375,270.8900146484375,76650500
2018-06-29 00:00:00+00:00,272.1199951171875,273.6600036621094,271.1499938964844,271.2799987792969,97592500
2018-07-02 00:00:00+00:00,269.510009765625,272.0400085449219,269.239990234375,271.8599853515625,63554800
2018-07-03 00:00:00+00:00,272.8699951171875,272.9800109863281,270.4200134277344,270.8999938964844,42187100
2018-07-05 00:00:00+00:00,272.1700134277344,273.17999267578125,270.9599914550781,273.1099853515625,56925900
2018-07-06 00:00:00+00:00,273.1400146484375,275.8399963378906,272.7099914550781,275.4200134277344,66493700
2018-07-09 00:00:00+00:00,276.54998779296875,277.9599914550781,276.5,277.8999938964844,50550400
2018-07-10 00:00:00+00:00,278.4100036621094,279.010009765625,278.0799865722656,278.8999938964844,51966800
2018-07-11 00:00:00+00:00,277.1499938964844,278.0400085449219,276.5199890136719,276.8599853515625,77054700
2018-07-12 00:00:00+00:00,278.2799987792969,279.42999267578125,277.6000061035156,279.3699951171875,60124700
2018-07-13 00:00:00+00:00,279.1700134277344,279.92999267578125,278.6600036621094,279.5899963378906,48216000
2018-07-16 00:00:00+00:00,279.6400146484375,279.79998779296875,278.8399963378906,279.3399963378906,48201000
2018-07-17 00:00:00+00:00,278.4700012207031,280.9100036621094,278.4100036621094,280.4700012207031,52315500
2018-07-18 00:00:00+00:00,280.55999755859375,281.17999267578125,280.05999755859375,281.05999755859375,44593500
2018-07-19 00:00:00+00:00,280.30999755859375,280.739990234375,279.4599914550781,280.0,61412100
2018-07-20 00:00:00+00:00,279.7699890136719,280.4800109863281,279.5,279.67999267578125,82337700
2018-07-23 00:00:00+00:00,279.45001220703125,280.42999267578125,279.05999755859375,280.20001220703125,47047600
2018-07-24 00:00:00+00:00,281.7900085449219,282.55999755859375,280.6300048828125,281.6099853515625,68026900
2018-07-25 00:00:00+00:00,281.3299865722656,284.3699951171875,281.2799987792969,284.010009765625,78882900
2018-07-26 00:00:00+00:00,283.20001220703125,284.1099853515625,283.0899963378906,283.3399963378906,57919500
2018-07-27 00:00:00+00:00,283.7099914550781,283.82000732421875,280.3800048828125,281.4200134277344,76768700
2018-07-30 00:00:00+00:00,281.510009765625,281.69000244140625,279.3599853515625,279.95001220703125,63742500
2018-07-31 00:00:00+00:00,280.80999755859375,282.0199890136719,280.3800048828125,281.3299865722656,68570500
2018-08-01 00:00:00+00:00,281.55999755859375,282.1300048828125,280.1300048828125,280.8599853515625,53853300
2018-08-02 00:00:00+00:00,279.3900146484375,282.5799865722656,279.1600036621094,282.3900146484375,63426400
2018-08-03 00:00:00+00:00,282.5299987792969,283.6600036621094,282.3299865722656,283.6000061035156,53935400
2018-08-06 00:00:00+00:00,283.6400146484375,284.989990234375,283.20001220703125,284.6400146484375,39400900
2018-08-07 00:00:00+00:00,285.3900146484375,286.010009765625,285.239990234375,285.5799865722656,43196600
2018-08-08 00:00:00+00:00,285.3900146484375,285.9100036621094,284.94000244140625,285.4599914550781,42114600
2018-08-09 00:00:00+00:00,285.5299987792969,285.9700012207031,284.9200134277344,285.07000732421875,35717000
2018-08-10 00:00:00+00:00,283.45001220703125,284.05999755859375,282.3599853515625,283.1600036621094,77076000
2018-08-13 00:00:00+00:00,283.4700012207031,284.1600036621094,281.7699890136719,282.1000061035156,65732900
2018-08-14 00:00:00+00:00,282.9200134277344,284.1700134277344,282.4800109863281,283.8999938964844,43842000
2018-08-15 00:00:00+00:00,282.3800048828125,282.5400085449219,280.1600036621094,281.7799987792969,102925400
2018-08-16 00:00:00+00:00,283.3999938964844,285.0400085449219,283.3599853515625,284.05999755859375,69967900
2018-08-17 00:00:00+00:00,283.8299865722656,285.55999755859375,283.3699951171875,285.05999755859375,65618500
2018-08-20 00:00:00+00:00,285.57000732421875,285.9700012207031,285.05999755859375,285.6700134277344,39807500
2018-08-21 00:00:00+00:00,286.25,287.30999755859375,285.7099914550781,286.3399963378906,67272000
2018-08-22 00:00:00+00:00,285.8800048828125,286.760009765625,285.5799865722656,286.1700134277344,44993300
2018-08-23 00:00:00+00:00,285.9700012207031,286.94000244140625,285.42999267578125,285.7900085449219,49204900
2018-08-24 00:00:00+00:00,286.44000244140625,287.6700134277344,286.3800048828125,287.510009765625,57487400
2018-08-27 00:00:00+00:00,288.8599853515625,289.8999938964844,288.67999267578125,289.7799987792969,57072400
2018-08-28 00:00:00+00:00,290.29998779296875,290.4200134277344,289.3999938964844,289.9200134277344,46943500
2018-08-29 00:00:00+00:00,290.1600036621094,291.739990234375,289.8900146484375,291.4800109863281,61485500
2018-08-30 00:00:00+00:00,290.94000244140625,291.3599853515625,289.6300048828125,290.29998779296875,61229500
2018-08-31 00:00:00+00:00,289.8399963378906,290.80999755859375,289.2900085449219,290.30999755859375,66140800
2018-09-04 00:00:00+00:00,289.8399963378906,290.2099914550781,288.67999267578125,289.80999755859375,57594400
2018-09-05 00:00:00+00:00,289.4100036621094,289.6400146484375,287.8900146484375,289.0299987792969,72452400
2018-09-06 00:00:00+00:00,289.1499938964844,289.489990234375,287.0,288.1600036621094,65909900
2018-09-07 00:00:00+00:00,286.9800109863281,288.70001220703125,286.7099914550781,287.6000061035156,73524800
2018-09-10 00:00:00+00:00,288.739990234375,289.0400085449219,287.8800048828125,288.1000061035156,50210900
2018-09-11 00:00:00+00:00,287.3699951171875,289.54998779296875,286.9800109863281,289.04998779296875,50530500
2018-09-12 00:00:00+00:00,289.05999755859375,289.79998779296875,288.2300109863281,289.1199951171875,59810800
2018-09-13 00:00:00+00:00,290.32000732421875,291.0400085449219,290.0,290.8299865722656,51034200
2018-09-14 00:00:00+00:00,291.05999755859375,291.2699890136719,290.0,290.8800048828125,55079900
2018-09-17 00:00:00+00:00,290.82000732421875,290.8599853515625,289.0299987792969,289.3399963378906,68244000
2018-09-18 00:00:00+00:00,289.5799865722656,291.5799865722656,289.54998779296875,290.9100036621094,61930400
2018-09-19 00:00:00+00:00,290.9700012207031,291.69000244140625,290.8299865722656,291.2200012207031,49080600
2018-09-20 00:00:00+00:00,292.6400146484375,293.94000244140625,291.239990234375,293.5799865722656,100360600
2018-09-21 00:00:00+00:00,293.0899963378906,293.2200012207031,291.80999755859375,291.989990234375,105479700
2018-09-24 00:00:00+00:00,291.3399963378906,291.5,290.3699951171875,291.0199890136719,53409600
2018-09-25 00:00:00+00:00,291.5299987792969,291.6499938964844,290.4800109863281,290.75,44370000
2018-09-26 00:00:00+00:00,290.9100036621094,292.239990234375,289.4100036621094,289.8800048828125,79739700
2018-09-27 00:00:00+00:00,290.4100036621094,291.9100036621094,290.1000061035156,290.69000244140625,59249500
2018-09-28 00:00:00+00:00,289.989990234375,291.2799987792969,289.95001220703125,290.7200012207031,70091400
2018-10-01 00:00:00+00:00,292.1099853515625,292.92999267578125,290.9800109863281,291.7300109863281,62078900
2018-10-02 00:00:00+00:00,291.55999755859375,292.3599853515625,291.1400146484375,291.55999755859375,47258200
2018-10-03 00:00:00+00:00,292.739990234375,293.2099914550781,291.32000732421875,291.7200012207031,64694600
2018-10-04 00:00:00+00:00,291.17999267578125,291.239990234375,287.6600036621094,289.44000244140625,111545900
2018-10-05 00:00:00+00:00,289.69000244140625,290.2699890136719,286.2200012207031,287.82000732421875,105951700
2018-10-08 00:00:00+00:00,287.04998779296875,288.2200012207031,285.5,287.82000732421875,87742200
2018-10-09 00:00:00+00:00,287.3900146484375,288.8599853515625,286.7699890136719,287.3999938964844,74339000
2018-10-10 00:00:00+00:00,286.8299865722656,286.9100036621094,277.8800048828125,278.29998779296875,214731000
2018-10-11 00:00:00+00:00,277.0799865722656,278.8999938964844,270.3599853515625,272.1700134277344,274840500
2018-10-12 00:00:00+00:00,276.7699890136719,277.0899963378906,272.3699951171875,275.95001220703125,183186500
2018-10-15 00:00:00+00:00,275.54998779296875,277.0400085449219,274.29998779296875,274.3999938964844,102263700
2018-10-16 00:00:00+00:00,276.6000061035156,280.82000732421875,276.07000732421875,280.3999938964844,118255800
2018-10-17 00:00:00+00:00,280.44000244140625,281.1499938964844,277.55999755859375,280.45001220703125,110626000
2018-10-18 00:00:00+00:00,279.3999938964844,280.07000732421875,274.9700012207031,276.3999938964844,134557500
2018-10-19 00:00:00+00:00,277.1300048828125,279.29998779296875,275.4700012207031,276.25,139901600
2018-10-22 00:00:00+00:00,277.0,277.3599853515625,274.4100036621094,275.010009765625,82415800
2018-10-23 00:00:00+00:00,270.95001220703125,274.8699951171875,268.6099853515625,273.6099853515625,146352700
2018-10-24 00:00:00+00:00,273.3299865722656,273.760009765625,264.70001220703125,265.32000732421875,177806700
2018-10-25 00:00:00+00:00,267.3800048828125,271.80999755859375,266.2300109863281,270.0799865722656,138061500
2018-10-26 00:00:00+00:00,265.9200134277344,271.0,262.2900085449219,265.3299865722656,201574600
2018-10-29 00:00:00+00:00,268.79998779296875,270.25,259.8500061035156,263.8599853515625,160749100
2018-10-30 00:00:00+00:00,263.6700134277344,268.1199951171875,263.1199951171875,267.7699890136719,157116000
2018-10-31 00:00:00+00:00,270.6499938964844,273.2300109863281,270.1199951171875,270.6300048828125,128296300
2018-11-01 00:00:00+00:00,271.6000061035156,273.7300109863281,270.3800048828125,273.510009765625,99495000
2018-11-02 00:00:00+00:00,274.75,275.2300109863281,269.5899963378906,271.8900146484375,122634100
2018-11-05 00:00:00+00:00,272.44000244140625,274.010009765625,271.3500061035156,273.3900146484375,65622500
2018-11-06 00:00:00+00:00,273.32000732421875,275.29998779296875,273.25,275.1199951171875,60085900
2018-11-07 00:00:00+00:00,277.55999755859375,281.1000061035156,277.0799865722656,281.010009765625,102752100
2018-11-08 00:00:00+00:00,280.1099853515625,281.2200012207031,279.2200012207031,280.5,65584900
2018-11-09 00:00:00+00:00,279.0299987792969,279.239990234375,276.17999267578125,277.760009765625,98812600
2018-11-12 00:00:00+00:00,277.19000244140625,277.4599914550781,271.989990234375,272.57000732421875,99673600
2018-11-13 00:00:00+00:00,273.0899963378906,275.3299865722656,271.25,272.05999755859375,98176600
2018-11-14 00:00:00+00:00,274.1600036621094,274.6099853515625,268.45001220703125,270.20001220703125,125335900
2018-11-15 00:00:00+00:00,268.7799987792969,273.5400085449219,267.010009765625,273.0199890136719,135101400
2018-11-16 00:00:00+00:00,271.7900085449219,274.75,271.2099914550781,273.7300109863281,126668000
2018-11-19 00:00:00+00:00,273.04998779296875,273.3800048828125,268.07000732421875,269.1000061035156,103061700
2018-11-20 00:00:00+00:00,265.3599853515625,267.0,263.1499938964844,264.1199951171875,136021300
2018-11-21 00:00:00+00:00,265.8599853515625,267.1499938964844,265.010009765625,265.0199890136719,75563700
2018-11-23 00:00:00+00:00,263.17999267578125,264.82000732421875,263.07000732421875,263.25,42807900
2018-11-26 00:00:00+00:00,265.7799987792969,267.75,265.3399963378906,267.5,79981400
2018-11-27 00:00:00+00:00,266.3399963378906,268.3999938964844,265.6600036621094,268.3999938964844,75502400
2018-11-28 00:00:00+00:00,269.6000061035156,274.5799865722656,268.3299865722656,274.5799865722656,127629600
2018-11-29 00:00:00+00:00,273.7099914550781,275.54998779296875,272.42999267578125,273.9800109863281,82346400
2018-11-30 00:00:00+00:00,273.80999755859375,276.2799987792969,273.45001220703125,275.6499938964844,98204200
2018-12-03 00:00:00+00:00,280.2799987792969,280.3999938964844,277.510009765625,279.29998779296875,103176300
2018-12-04 00:00:00+00:00,278.3699951171875,278.8500061035156,269.8999938964844,270.25,177986000
2018-12-06 00:00:00+00:00,265.9200134277344,269.9700012207031,262.44000244140625,269.8399963378906,204185400
2018-12-07 00:00:00+00:00,269.4599914550781,271.2200012207031,262.6300048828125,263.57000732421875,161018900
2018-12-10 00:00:00+00:00,263.3699951171875,265.1600036621094,258.6199951171875,264.07000732421875,151445900
2018-12-11 00:00:00+00:00,267.6600036621094,267.8699951171875,262.4800109863281,264.1300048828125,121504400
2018-12-12 00:00:00+00:00,267.4700012207031,269.0,265.3699951171875,265.4599914550781,97976700
2018-12-13 00:00:00+00:00,266.5199890136719,267.489990234375,264.1199951171875,265.3699951171875,96662700
2018-12-14 00:00:00+00:00,262.9599914550781,264.0299987792969,259.8500061035156,260.4700012207031,116961100
2018-12-17 00:00:00+00:00,259.3999938964844,260.6499938964844,253.52999877929688,255.36000061035156,165492300
2018-12-18 00:00:00+00:00,257.20001220703125,257.95001220703125,253.27999877929688,255.0800018310547,134515100
2018-12-19 00:00:00+00:00,255.1699981689453,259.3999938964844,249.35000610351562,251.25999450683594,214992800
2018-12-20 00:00:00+00:00,249.86000061035156,251.6199951171875,244.64999389648438,247.1699981689453,252053400
2018-12-21 00:00:00+00:00,246.74000549316406,249.7100067138672,239.97999572753906,240.6999969482422,255345600
2018-12-24 00:00:00+00:00,239.0399932861328,240.83999633789062,234.27000427246094,234.33999633789062,147311600
2018-12-26 00:00:00+00:00,235.97000122070312,246.17999267578125,233.75999450683594,246.17999267578125,218485400
2018-12-27 00:00:00+00:00,242.57000732421875,248.2899932861328,238.9600067138672,248.07000732421875,186267300
2018-12-28 00:00:00+00:00,249.5800018310547,251.39999389648438,246.4499969482422,247.75,153100200
2018-12-31 00:00:00+00:00,249.55999755859375,250.19000244140625,247.47000122070312,249.9199981689453,144299400
2019-01-02 00:00:00+00:00,245.97999572753906,251.2100067138672,245.9499969482422,250.17999267578125,126925200
2019-01-03 00:00:00+00:00,248.22999572753906,248.57000732421875,243.6699981689453,244.2100067138672,144140700
2019-01-04 00:00:00+00:00,247.58999633789062,253.11000061035156,247.1699981689453,252.38999938964844,142628800
2019-01-07 00:00:00+00:00,252.69000244140625,255.9499969482422,251.69000244140625,254.3800048828125,103139100
2019-01-08 00:00:00+00:00,256.82000732421875,257.30999755859375,254.0,256.7699890136719,102512600
2019-01-09 00:00:00+00:00,257.55999755859375,258.9100036621094,256.19000244140625,257.9700012207031,95006600
2019-01-10 00:00:00+00:00,256.260009765625,259.1600036621094,255.5,258.8800048828125,96823900
2019-01-11 00:00:00+00:00,257.67999267578125,259.010009765625,257.0299987792969,258.9800109863281,73858100
2019-01-14 00:00:00+00:00,256.8599853515625,258.29998779296875,256.4100036621094,257.3999938964844,70908200
2019-01-15 00:00:00+00:00,257.82000732421875,260.70001220703125,257.80999755859375,260.3500061035156,85208300
2019-01-16 00:00:00+00:00,260.8299865722656,261.9700012207031,260.6000061035156,260.9800109863281,77636700
2019-01-17 00:00:00+00:00,260.010009765625,263.9200134277344,259.9599914550781,262.9599914550781,96118400
2019-01-18 00:00:00+00:00,264.9800109863281,266.9800109863281,263.0,266.4599914550781,127900300
2019-01-22 00:00:00+00:00,264.82000732421875,265.05999755859375,261.05999755859375,262.8599853515625,115531200
2019-01-23 00:00:00+00:00,264.010009765625,264.7900085449219,260.6600036621094,263.4100036621094,86030300
2019-01-24 00:00:00+00:00,263.2099914550781,264.20001220703125,262.0799865722656,263.54998779296875,59204100
2019-01-25 00:00:00+00:00,265.6099853515625,266.70001220703125,263.6600036621094,265.7799987792969,96883400
2019-01-28 00:00:00+00:00,263.3900146484375,263.8299865722656,261.7900085449219,263.760009765625,85613700
2019-01-29 00:00:00+00:00,263.9200134277344,264.54998779296875,262.4800109863281,263.4100036621094,66136300
2019-01-30 00:00:00+00:00,265.1000061035156,268.5199890136719,264.25,267.5799865722656,92473700
2019-01-31 00:00:00+00:00,267.510009765625,270.4700012207031,267.2699890136719,269.92999267578125,104012100
2019-02-01 00:00:00+00:00,270.1499938964844,271.20001220703125,269.17999267578125,270.05999755859375,85782500
2019-02-04 00:00:00+00:00,270.1099853515625,272.0299987792969,269.3599853515625,271.9599914550781,60744800
2019-02-05 00:00:00+00:00,272.44000244140625,273.44000244140625,271.8800048828125,273.1000061035156,79552800
2019-02-06 00:00:00+00:00,272.7900085449219,273.3399963378906,271.9200134277344,272.739990234375,58347800
2019-02-07 00:00:00+00:00,270.94000244140625,271.54998779296875,268.2900085449219,270.1400146484375,95482000
2019-02-08 00:00:00+00:00,268.75,270.5799865722656,267.8299865722656,270.4700012207031,75788900
2019-02-11 00:00:00+00:00,271.20001220703125,271.489990234375,270.0299987792969,270.6199951171875,68021400
2019-02-12 00:00:00+00:00,272.4200134277344,274.5199890136719,272.3399963378906,274.1000061035156,72270200
2019-02-13 00:00:00+00:00,275.0299987792969,275.92999267578125,274.55999755859375,274.989990234375,65277200
2019-02-14 00:00:00+00:00,273.7799987792969,275.6400146484375,272.8699951171875,274.3800048828125,83234400
2019-02-15 00:00:00+00:00,276.3599853515625,277.4100036621094,276.1300048828125,277.3699951171875,97088700
2019-02-19 00:00:00+00:00,276.4800109863281,278.5799865722656,276.4700012207031,277.8500061035156,59120800
2019-02-20 00:00:00+00:00,277.80999755859375,278.9200134277344,277.25,278.4100036621094,76610800
2019-02-21 00:00:00+00:00,277.70001220703125,278.1000061035156,276.3500061035156,277.4200134277344,64214700
2019-02-22 00:00:00+00:00,278.1099853515625,279.3599853515625,277.3999938964844,279.1400146484375,78114600
2019-02-25 00:00:00+00:00,280.7300109863281,281.30999755859375,279.42999267578125,279.5199890136719,69030700
2019-02-26 00:00:00+00:00,279.1300048828125,280.29998779296875,278.8999938964844,279.32000732421875,56844100
2019-02-27 00:00:00+00:00,278.5199890136719,279.5899963378906,277.4800109863281,279.20001220703125,56921600
2019-02-28 00:00:00+00:00,278.9599914550781,279.45001220703125,278.32000732421875,278.67999267578125,69268300
2019-03-01 00:00:00+00:00,280.44000244140625,280.8800048828125,278.82000732421875,280.4200134277344,78880500
2019-03-04 00:00:00+00:00,281.6000061035156,281.8699951171875,276.8399963378906,279.3999938964844,106494600
2019-03-05 00:00:00+00:00,279.5400085449219,279.760009765625,278.4100036621094,279.0199890136719,59114600
2019-03-06 00:00:00+00:00,279.1499938964844,279.1600036621094,276.9700012207031,277.3299865722656,75039800
2019-03-07 00:00:00+00:00,276.8299865722656,276.989990234375,274.07000732421875,275.010009765625,94885100
2019-03-08 00:00:00+00:00,272.94000244140625,274.6499938964844,272.4200134277344,274.4599914550781,85795800
2019-03-11 00:00:00+00:00,275.260009765625,278.6199951171875,275.2300109863281,278.44000244140625,65098900
2019-03-12 00:00:00+00:00,279.05999755859375,280.07000732421875,278.8500061035156,279.489990234375,79667500
2019-03-13 00:00:00+00:00,280.4800109863281,282.3800048828125,280.29998779296875,281.3399963378906,80639200
2019-03-14 00:00:00+00:00,281.3699951171875,281.8399963378906,280.6700134277344,281.1600036621094,67518400
2019-03-15 00:00:00+00:00,280.5400085449219,282.2099914550781,280.3299865722656,281.30999755859375,81309000
2019-03-18 00:00:00+00:00,281.54998779296875,282.6600036621094,281.29998779296875,282.3299865722656,62199800
2019-03-19 00:00:00+00:00,283.510009765625,284.3599853515625,281.4100036621094,282.3999938964844,90268100
2019-03-20 00:00:00+00:00,282.1600036621094,283.5,280.32000732421875,281.54998779296875,84609200
2019-03-21 00:00:00+00:00,280.6400146484375,285.17999267578125,280.5899963378906,284.7300109863281,79550400
2019-03-22 00:00:00+00:00,283.2200012207031,283.79998779296875,279.17999267578125,279.25,122659300
2019-03-25 00:00:00+00:00,278.8699951171875,280.19000244140625,277.6400146484375,279.0400085449219,85575200
2019-03-26 00:00:00+00:00,280.989990234375,282.17999267578125,279.55999755859375,281.1199951171875,68125900
2019-03-27 00:00:00+00:00,281.1099853515625,281.760009765625,277.92999267578125,279.6499938964844,72224700
2019-03-28 00:00:00+00:00,280.3500061035156,281.2099914550781,279.07000732421875,280.7099914550781,56238500
2019-03-29 00:00:00+00:00,282.3900146484375,282.8399963378906,281.1400146484375,282.4800109863281,82186800
2019-04-01 00:00:00+00:00,284.70001220703125,286.1600036621094,284.3999938964844,285.8299865722656,77617900
2019-04-02 00:00:00+00:00,286.0400085449219,286.2300109863281,285.0899963378906,285.9700012207031,40070400
2019-04-03 00:00:00+00:00,287.32000732421875,287.760009765625,285.75,286.4200134277344,68243200
2019-04-04 00:00:00+00:00,286.7799987792969,287.4599914550781,286.010009765625,287.17999267578125,48997500
2019-04-05 00:00:00+00:00,287.9200134277344,288.6300048828125,287.6000061035156,288.57000732421875,58621700
2019-04-08 00:00:00+00:00,288.1000061035156,288.9100036621094,287.3699951171875,288.7900085449219,53566300
2019-04-09 00:00:00+00:00,287.7200012207031,288.0799865722656,286.70001220703125,287.30999755859375,66142300
2019-04-10 00:00:00+00:00,287.7699890136719,288.3900146484375,287.30999755859375,288.2900085449219,52601500
2019-04-11 00:00:00+00:00,288.8299865722656,288.8399963378906,287.5799865722656,288.2099914550781,55093100
2019-04-12 00:00:00+00:00,290.0,290.4700012207031,288.260009765625,290.1600036621094,69727800
2019-04-15 00:00:00+00:00,290.239990234375,290.3500061035156,289.0799865722656,289.9700012207031,49596700
2019-04-16 00:00:00+00:00,290.95001220703125,291.010009765625,289.5,290.1600036621094,52153200
2019-04-17 00:00:00+00:00,291.3999938964844,291.42999267578125,288.989990234375,289.45001220703125,58268300
2019-04-18 00:00:00+00:00,290.1000061035156,290.32000732421875,288.6600036621094,290.0199890136719,68708500
2019-04-22 00:00:00+00:00,289.1700134277344,290.44000244140625,289.07000732421875,290.2699890136719,40160100
2019-04-23 00:00:00+00:00,290.67999267578125,293.1400146484375,290.4200134277344,292.8800048828125,52246600
2019-04-24 00:00:00+00:00,292.7900085449219,293.1600036621094,292.07000732421875,292.2300109863281,50392900
2019-04-25 00:00:00+00:00,292.1199951171875,292.7799987792969,290.7300109863281,292.04998779296875,57770900
2019-04-26 00:00:00+00:00,292.1000061035156,293.489990234375,291.239990234375,293.4100036621094,50916400
2019-04-29 00:00:00+00:00,293.510009765625,294.45001220703125,293.4100036621094,293.8699951171875,57197700
2019-04-30 00:00:00+00:00,293.489990234375,294.3399963378906,291.9200134277344,294.0199890136719,81111700
2019-05-01 00:00:00+00:00,294.7200012207031,294.95001220703125,291.79998779296875,291.80999755859375,71671900
2019-05-02 00:00:00+00:00,291.67999267578125,292.70001220703125,289.5199890136719,291.17999267578125,65030200
2019-05-03 00:00:00+00:00,292.82000732421875,294.3399963378906,291.29998779296875,294.0299987792969,56543700
2019-05-06 00:00:00+00:00,289.25,293.30999755859375,288.8999938964844,292.82000732421875,107198100
2019-05-07 00:00:00+00:00,290.1499938964844,290.80999755859375,285.80999755859375,287.92999267578125,144729900
2019-05-08 00:00:00+00:00,287.5299987792969,289.42999267578125,286.8699951171875,287.5299987792969,91568300
2019-05-09 00:00:00+00:00,285.2300109863281,287.3299865722656,283.29998779296875,286.6600036621094,103471100
2019-05-10 00:00:00+00:00,285.6199951171875,288.94000244140625,282.29998779296875,288.1000061035156,112429300
2019-05-13 00:00:00+00:00,282.4200134277344,283.489990234375,279.92999267578125,280.8599853515625,127290500
2019-05-14 00:00:00+00:00,281.989990234375,285.1000061035156,281.8500061035156,283.3999938964844,77003200
2019-05-15 00:00:00+00:00,281.5899963378906,285.7699890136719,281.3599853515625,285.05999755859375,73956400
2019-05-16 00:00:00+00:00,285.8399963378906,289.2099914550781,285.760009765625,287.70001220703125,76749600
2019-05-17 00:00:00+00:00,285.1400146484375,288.6000061035156,285.1199951171875,285.8399963378906,100353000
2019-05-20 00:00:00+00:00,284.05999755859375,285.9599914550781,283.1199951171875,283.95001220703125,62877600
2019-05-21 00:00:00+00:00,285.8299865722656,286.92999267578125,285.54998779296875,286.510009765625,46847100
2019-05-22 00:00:00+00:00,285.45001220703125,286.69000244140625,285.1000061035156,285.6300048828125,49482500
2019-05-23 00:00:00+00:00,283.1600036621094,283.2099914550781,280.57000732421875,282.1400146484375,98733800
2019-05-24 00:00:00+00:00,283.739990234375,284.20001220703125,282.0899963378906,282.7799987792969,55268100
2019-05-28 00:00:00+00:00,283.0899963378906,284.1499938964844,280.1300048828125,280.1499938964844,70029400
2019-05-29 00:00:00+00:00,278.9100036621094,279.3599853515625,276.7099914550781,278.2699890136719,104972900
2019-05-30 00:00:00+00:00,279.1099853515625,280.0400085449219,277.80999755859375,279.0299987792969,62523800
2019-05-31 00:00:00+00:00,276.20001220703125,277.1199951171875,275.239990234375,275.2699890136719,86862800
2019-06-03 00:00:00+00:00,275.30999755859375,276.54998779296875,273.0899963378906,274.57000732421875,96428000
2019-06-04 00:00:00+00:00,277.1199951171875,280.67999267578125,276.6199951171875,280.5299987792969,77231900
2019-06-05 00:00:00+00:00,282.3299865722656,282.989990234375,280.32000732421875,282.9599914550781,71169700
2019-06-06 00:00:00+00:00,283.2900085449219,285.54998779296875,282.57000732421875,284.79998779296875,69430400
2019-06-07 00:00:00+00:00,285.92999267578125,288.8500061035156,285.739990234375,287.6499938964844,74272200
2019-06-10 00:00:00+00:00,289.3699951171875,290.82000732421875,288.8699951171875,288.9700012207031,60799100
2019-06-11 00:00:00+00:00,290.989990234375,291.3999938964844,288.17999267578125,288.8999938964844,58641300
2019-06-12 00:00:00+00:00,288.6400146484375,289.260009765625,287.82000732421875,288.3900146484375,47096300
2019-06-13 00:00:00+00:00,289.3999938964844,289.9800109863281,288.6199951171875,289.5799865722656,48945200
2019-06-14 00:00:00+00:00,289.260009765625,289.92999267578125,288.4100036621094,289.260009765625,52324700
2019-06-17 00:00:00+00:00,289.5199890136719,290.2200012207031,289.17999267578125,289.3699951171875,39205700
2019-06-18 00:00:00+00:00,291.3900146484375,293.57000732421875,290.989990234375,292.3999938964844,85434800
2019-06-19 00:00:00+00:00,292.54998779296875,293.6499938964844,291.4700012207031,293.05999755859375,78674400
2019-06-20 00:00:00+00:00,296.0400085449219,296.30999755859375,293.1300048828125,295.8599853515625,116570000
2019-06-21 00:00:00+00:00,294.1300048828125,295.5199890136719,293.760009765625,294.0,83309500
2019-06-24 00:00:00+00:00,294.2300109863281,294.5799865722656,293.4700012207031,293.6400146484375,47582700
2019-06-25 00:00:00+00:00,293.70001220703125,293.7300109863281,290.6400146484375,290.760009765625,82028700
2019-06-26 00:00:00+00:00,291.75,292.30999755859375,290.3500061035156,290.4700012207031,51584900
2019-06-27 00:00:00+00:00,291.30999755859375,292.05999755859375,290.8900146484375,291.5,40355200
2019-06-28 00:00:00+00:00,292.5799865722656,293.54998779296875,292.010009765625,293.0,59350900
2019-07-01 00:00:00+00:00,296.67999267578125,296.9200134277344,294.3299865722656,295.6600036621094,78705600
2019-07-02 00:00:00+00:00,295.6099853515625,296.489990234375,294.67999267578125,296.42999267578125,61504500
2019-07-03 00:00:00+00:00,297.17999267578125,298.82000732421875,297.0199890136719,298.79998779296875,40898900
2019-07-05 00:00:00+00:00,297.44000244140625,298.6400146484375,296.010009765625,298.4599914550781,51677300
2019-07-08 00:00:00+00:00,297.010009765625,298.260009765625,296.2200012207031,296.82000732421875,45841800
2019-07-09 00:00:00+00:00,295.5400085449219,297.5199890136719,295.4800109863281,297.19000244140625,41101300
2019-07-10 00:00:00+00:00,298.3699951171875,299.6600036621094,297.7799987792969,298.6099853515625,58448500
2019-07-11 00:00:00+00:00,299.32000732421875,299.5799865722656,298.20001220703125,299.30999755859375,50826100
2019-07-12 00:00:00+00:00,299.8500061035156,300.7300109863281,299.510009765625,300.6499938964844,40326000
2019-07-15 00:00:00+00:00,301.1300048828125,301.1300048828125,300.19000244140625,300.75,33900000
2019-07-16 00:00:00+00:00,300.6499938964844,300.8800048828125,299.44000244140625,299.7799987792969,36650100
2019-07-17 00:00:00+00:00,299.75,299.92999267578125,297.739990234375,297.739990234375,36036300
2019-07-18 00:00:00+00:00,297.19000244140625,299.25,296.70001220703125,298.8299865722656,51392600
2019-07-19 00:00:00+00:00,300.0400085449219,300.07000732421875,296.9800109863281,297.1700134277344,58678600
2019-07-22 00:00:00+00:00,297.6099853515625,298.5,297.0400085449219,297.8999938964844,43638100
2019-07-23 00:00:00+00:00,299.1400146484375,300.0299987792969,298.2200012207031,300.0299987792969,44564500
2019-07-24 00:00:00+00:00,299.19000244140625,301.44000244140625,299.0899963378906,301.44000244140625,47213200
2019-07-25 00:00:00+00:00,300.94000244140625,301.0,299.1099853515625,300.0,55394100
2019-07-26 00:00:00+00:00,300.760009765625,302.2300109863281,300.6199951171875,302.010009765625,45084100
2019-07-29 00:00:00+00:00,301.8800048828125,302.010009765625,300.8500061035156,301.4599914550781,38126500
2019-07-30 00:00:00+00:00,299.9100036621094,301.1700134277344,299.489990234375,300.7200012207031,45849000
2019-07-31 00:00:00+00:00,300.989990234375,301.20001220703125,295.20001220703125,297.42999267578125,104245200
2019-08-01 00:00:00+00:00,297.6000061035156,300.8699951171875,293.9599914550781,294.8399963378906,142646600
2019-08-02 00:00:00+00:00,293.8500061035156,294.1199951171875,290.8999938964844,292.6199951171875,116749700
2019-08-05 00:00:00+00:00,288.0899963378906,288.2099914550781,281.7200012207031,283.82000732421875,178745400
2019-08-06 00:00:00+00:00,285.9100036621094,288.0400085449219,284.2799987792969,287.79998779296875,120711700
2019-08-07 00:00:00+00:00,284.3999938964844,288.82000732421875,282.0400085449219,287.9700012207031,140572300
2019-08-08 00:00:00+00:00,289.6199951171875,293.6199951171875,289.010009765625,293.6199951171875,87713900
2019-08-09 00:00:00+00:00,292.5799865722656,293.239990234375,289.6499938964844,291.6199951171875,93730000
2019-08-12 00:00:00+00:00,289.9599914550781,291.6099853515625,287.0199890136719,288.07000732421875,65527600
2019-08-13 00:00:00+00:00,287.739990234375,294.1499938964844,287.3599853515625,292.54998779296875,94299800
2019-08-14 00:00:00+00:00,288.07000732421875,288.739990234375,283.760009765625,283.8999938964844,135622100
2019-08-15 00:00:00+00:00,284.8800048828125,285.6400146484375,282.3900146484375,284.6499938964844,99556600
2019-08-16 00:00:00+00:00,286.4800109863281,289.3299865722656,284.7099914550781,288.8500061035156,83018300
2019-08-19 00:00:00+00:00,292.19000244140625,293.0799865722656,291.44000244140625,292.3299865722656,53571800
2019-08-20 00:00:00+00:00,291.7699890136719,292.3599853515625,289.95001220703125,290.0899963378906,51596400
2019-08-21 00:00:00+00:00,292.4800109863281,292.8599853515625,291.7200012207031,292.45001220703125,49524700
2019-08-22 00:00:00+00:00,293.2300109863281,293.92999267578125,290.3999938964844,292.3599853515625,51666400
2019-08-23 00:00:00+00:00,290.9200134277344,292.760009765625,283.4700012207031,284.8500061035156,149161500
2019-08-26 00:00:00+00:00,287.2699890136719,288.0,285.5799865722656,288.0,72423800
2019-08-27 00:00:00+00:00,289.5400085449219,289.95001220703125,286.0299987792969,286.8699951171875,66668900
2019-08-28 00:00:00+00:00,286.1400146484375,289.07000732421875,285.25,288.8900146484375,59696700
2019-08-29 00:00:00+00:00,291.7200012207031,293.1600036621094,290.6099853515625,292.5799865722656,57899400
2019-08-30 00:00:00+00:00,294.2200012207031,294.239990234375,291.4200134277344,292.45001220703125,62901200
2019-09-03 00:00:00+00:00,290.57000732421875,291.5799865722656,289.2699890136719,290.739990234375,69101400
2019-09-04 00:00:00+00:00,293.1400146484375,294.05999755859375,292.30999755859375,294.0400085449219,46887300
2019-09-05 00:00:00+00:00,296.7900085449219,298.8299865722656,294.0,297.82000732421875,83258100
2019-09-06 00:00:00+00:00,298.1700134277344,298.760009765625,297.4200134277344,298.04998779296875,49584300
2019-09-09 00:00:00+00:00,299.1400146484375,299.239990234375,297.1600036621094,298.20001220703125,51260300
2019-09-10 00:00:00+00:00,297.3599853515625,298.20001220703125,295.9700012207031,298.1300048828125,57947100
2019-09-11 00:00:00+00:00,298.4700012207031,300.3399963378906,297.75,300.25,68821100
2019-09-12 00:00:00+00:00,301.25,302.4599914550781,300.4100036621094,301.2900085449219,72908700
2019-09-13 00:00:00+00:00,301.7799987792969,302.1700134277344,300.67999267578125,301.0899963378906,62104800
2019-09-16 00:00:00+00:00,299.8399963378906,301.1400146484375,299.45001220703125,300.1600036621094,58191200
2019-09-17 00:00:00+00:00,299.94000244140625,301.0199890136719,299.75,300.9200134277344,41475500
2019-09-18 00:00:00+00:00,300.489990234375,301.2200012207031,298.239990234375,301.1000061035156,73375800
2019-09-19 00:00:00+00:00,301.5299987792969,302.6300048828125,300.7099914550781,301.0799865722656,76560500
2019-09-20 00:00:00+00:00,300.3599853515625,300.6700134277344,297.4100036621094,298.2799987792969,89565000
2019-09-23 00:00:00+00:00,297.54998779296875,299.0,297.2699890136719,298.2099914550781,43476800
2019-09-24 00:00:00+00:00,299.4100036621094,299.8399963378906,294.80999755859375,295.8699951171875,94869400
2019-09-25 00:00:00+00:00,295.9599914550781,298.1099853515625,294.3299865722656,297.6199951171875,71854000
2019-09-26 00:00:00+00:00,297.6300048828125,297.8599853515625,295.45001220703125,297.0,56179700
2019-09-27 00:00:00+00:00,297.8299865722656,297.95001220703125,293.69000244140625,295.3999938964844,84746600
2019-09-30 00:00:00+00:00,295.9700012207031,297.54998779296875,295.9200134277344,296.7699890136719,51662400
2019-10-01 00:00:00+00:00,297.739990234375,298.4599914550781,293.0,293.239990234375,88242400
2019-10-02 00:00:00+00:00,291.5,291.510009765625,286.6400146484375,288.05999755859375,122539500
2019-10-03 00:00:00+00:00,287.80999755859375,290.45001220703125,284.82000732421875,290.4200134277344,85278800
2019-10-04 00:00:00+00:00,291.1400146484375,294.6300048828125,291.0799865722656,294.3500061035156,65091200
2019-10-07 00:00:00+00:00,293.4700012207031,295.260009765625,292.7699890136719,293.0799865722656,59610500
2019-10-08 00:00:00+00:00,291.0400085449219,291.8500061035156,288.489990234375,288.5299987792969,95708100
2019-10-09 00:00:00+00:00,290.75,292.29998779296875,290.05999755859375,291.2699890136719,62359400
2019-10-10 00:00:00+00:00,291.17999267578125,294.2099914550781,291.0,293.239990234375,55296300
2019-10-11 00:00:00+00:00,296.2699890136719,298.739990234375,296.1400146484375,296.2799987792969,98720400
2019-10-14 00:00:00+00:00,295.92999267578125,296.6700134277344,295.57000732421875,295.95001220703125,40394800
2019-10-15 00:00:00+00:00,297.1000061035156,299.70001220703125,296.9700012207031,298.8800048828125,46754500
2019-10-16 00:00:00+00:00,298.3699951171875,299.1600036621094,297.9200134277344,298.3999938964844,48928200
2019-10-17 00:00:00+00:00,299.67999267578125,300.239990234375,298.5199890136719,299.2799987792969,45736600
2019-10-18 00:00:00+00:00,298.69000244140625,299.3999938964844,297.0299987792969,297.9700012207031,64304000
2019-10-21 00:00:00+00:00,299.4200134277344,300.2099914550781,298.94000244140625,299.989990234375,39048600
2019-10-22 00:00:00+00:00,300.5799865722656,300.8999938964844,298.9100036621094,299.010009765625,48594700
2019-10-23 00:00:00+00:00,298.7300109863281,299.94000244140625,298.5,299.8800048828125,34352200
2019-10-24 00:00:00+00:00,300.9100036621094,301.07000732421875,299.4599914550781,300.3699951171875,35453100
2019-10-25 00:00:00+00:00,299.739990234375,302.20001220703125,299.67999267578125,301.6000061035156,45205400
2019-10-28 00:00:00+00:00,302.94000244140625,303.8500061035156,302.9100036621094,303.29998779296875,42147000
2019-10-29 00:00:00+00:00,303.0,304.2300109863281,302.8599853515625,303.2099914550781,44284900
2019-10-30 00:00:00+00:00,303.42999267578125,304.54998779296875,301.989990234375,304.1400146484375,49643900
2019-10-31 00:00:00+00:00,304.1300048828125,304.1300048828125,301.7300109863281,303.3299865722656,69053800
2019-11-01 00:00:00+00:00,304.9200134277344,306.19000244140625,304.739990234375,306.1400146484375,71141500
2019-11-04 00:00:00+00:00,307.8500061035156,308.0,306.9599914550781,307.3699951171875,60606900
2019-11-05 00:00:00+00:00,307.5899963378906,307.9200134277344,306.7099914550781,307.0299987792969,42933200
2019-11-06 00:00:00+00:00,307.0299987792969,307.3999938964844,306.05999755859375,307.1000061035156,46487100
2019-11-07 00:00:00+00:00,308.57000732421875,309.6499938964844,307.6600036621094,308.17999267578125,54272300
2019-11-08 00:00:00+00:00,307.79998779296875,309.0,307.0299987792969,308.94000244140625,49032100
2019-11-11 00:00:00+00:00,307.4200134277344,308.5400085449219,307.2699890136719,308.3500061035156,35797300
2019-11-12 00:00:00+00:00,308.75,309.989990234375,308.1499938964844,309.0,46484600
2019-11-13 00:00:00+00:00,307.9100036621094,309.5400085449219,307.6600036621094,309.1000061035156,53917700
2019-11-14 00:00:00+00:00,308.7900085449219,309.6400146484375,308.0899963378906,309.54998779296875,51219900
2019-11-15 00:00:00+00:00,311.0199890136719,311.8399963378906,310.260009765625,311.7900085449219,62023600
2019-11-18 00:00:00+00:00,311.5299987792969,312.2799987792969,311.0299987792969,312.0199890136719,49228000
2019-11-19 00:00:00+00:00,312.67999267578125,312.69000244140625,311.2200012207031,311.92999267578125,67804700
2019-11-20 00:00:00+00:00,311.2799987792969,311.8500061035156,309.05999755859375,310.7699890136719,79406200
2019-11-21 00:00:00+00:00,310.8900146484375,311.010009765625,309.3900146484375,310.2699890136719,54664700
2019-11-22 00:00:00+00:00,311.0899963378906,311.239990234375,309.8500061035156,310.9599914550781,44850200
2019-11-25 00:00:00+00:00,311.9800109863281,313.3699951171875,311.9800109863281,313.3699951171875,48647200
2019-11-26 00:00:00+00:00,313.4100036621094,314.2799987792969,313.05999755859375,314.0799865722656,37569000
2019-11-27 00:00:00+00:00,314.6099853515625,315.4800109863281,314.3699951171875,315.4800109863281,44444600
2019-11-29 00:00:00+00:00,314.8599853515625,315.1300048828125,314.05999755859375,314.30999755859375,36592700
2019-12-02 00:00:00+00:00,314.5899963378906,314.6600036621094,311.1700134277344,311.6400146484375,75767800
2019-12-03 00:00:00+00:00,308.6499938964844,309.6400146484375,307.1300048828125,309.54998779296875,73941700
2019-12-04 00:00:00+00:00,310.70001220703125,312.1199951171875,310.32000732421875,311.4599914550781,49080000
2019-12-05 00:00:00+00:00,312.2300109863281,312.25,310.5799865722656,312.0199890136719,40709000
2019-12-06 00:00:00+00:00,314.1199951171875,315.30999755859375,314.1099853515625,314.8699951171875,48927000
2019-12-09 00:00:00+00:00,314.44000244140625,315.17999267578125,313.79998779296875,313.8800048828125,34838500
2019-12-10 00:00:00+00:00,313.82000732421875,314.54998779296875,312.80999755859375,313.5299987792969,52649800
2019-12-11 00:00:00+00:00,314.0299987792969,314.70001220703125,313.44000244140625,314.4200134277344,53429100
2019-12-12 00:00:00+00:00,314.42999267578125,317.989990234375,314.1700134277344,317.1300048828125,96389600
2019-12-13 00:00:00+00:00,316.8699951171875,318.6700134277344,316.0199890136719,317.32000732421875,81503900
2019-12-16 00:00:00+00:00,319.2200012207031,320.1499938964844,317.25,319.5,82749700
2019-12-17 00:00:00+00:00,319.9200134277344,320.25,319.4800109863281,319.57000732421875,61097700
2019-12-18 00:00:00+00:00,320.0,320.25,319.5299987792969,319.5899963378906,48133000
2019-12-19 00:00:00+00:00,319.79998779296875,320.9800109863281,319.5199890136719,320.8999938964844,85310500
2019-12-20 00:00:00+00:00,320.4599914550781,321.9700012207031,319.3900146484375,320.7300109863281,147142100
2019-12-23 00:00:00+00:00,321.5899963378906,321.6499938964844,321.05999755859375,321.2200012207031,52990000
2019-12-24 00:00:00+00:00,321.4700012207031,321.5199890136719,320.8999938964844,321.2300109863281,20270000
2019-12-26 00:00:00+00:00,321.6499938964844,322.95001220703125,321.6400146484375,322.94000244140625,30911200
2019-12-27 00:00:00+00:00,323.739990234375,323.79998779296875,322.2799987792969,322.8599853515625,42528800
2019-12-30 00:00:00+00:00,322.95001220703125,323.1000061035156,320.54998779296875,321.0799865722656,49729100
2019-12-31 00:00:00+00:00,320.5299987792969,322.1300048828125,320.1499938964844,321.8599853515625,57077300
2020-01-02 00:00:00+00:00,323.5400085449219,324.8900146484375,322.5299987792969,324.8699951171875,59151200
2020-01-03 00:00:00+00:00,321.1600036621094,323.6400146484375,321.1000061035156,322.4100036621094,77709700
2020-01-06 00:00:00+00:00,320.489990234375,323.7300109863281,320.3599853515625,323.6400146484375,55653900
2020-01-07 00:00:00+00:00,323.0199890136719,323.5400085449219,322.239990234375,322.7300109863281,40496400
2020-01-08 00:00:00+00:00,322.94000244140625,325.7799987792969,322.6700134277344,324.45001220703125,68296000
2020-01-09 00:00:00+00:00,326.1600036621094,326.7300109863281,325.5199890136719,326.6499938964844,48473300
2020-01-10 00:00:00+00:00,327.2900085449219,327.4599914550781,325.20001220703125,325.7099914550781,53029300
2020-01-13 00:00:00+00:00,326.3900146484375,327.9599914550781,325.9200134277344,327.95001220703125,47086800
2020-01-14 00:00:00+00:00,327.4700012207031,328.6199951171875,326.8399963378906,327.45001220703125,62832800
2020-01-15 00:00:00+00:00,327.3500061035156,329.0199890136719,327.260009765625,328.19000244140625,72056600
2020-01-16 00:00:00+00:00,329.70001220703125,330.9200134277344,329.45001220703125,330.9200134277344,54050300
2020-01-17 00:00:00+00:00,331.70001220703125,332.17999267578125,330.8500061035156,331.95001220703125,95846000
2020-01-21 00:00:00+00:00,330.8999938964844,332.17999267578125,330.82000732421875,331.29998779296875,77742400
2020-01-22 00:00:00+00:00,332.239990234375,332.95001220703125,331.1700134277344,331.3399963378906,48914900
2020-01-23 00:00:00+00:00,330.6300048828125,332.1700134277344,329.4100036621094,331.7200012207031,51963000
2020-01-24 00:00:00+00:00,332.44000244140625,332.5299987792969,327.3599853515625,328.7699890136719,87578400
2020-01-27 00:00:00+00:00,323.0299987792969,325.1199951171875,322.6600036621094,323.5,84062500
2020-01-28 00:00:00+00:00,325.05999755859375,327.8500061035156,323.6000061035156,326.8900146484375,63834000
2020-01-29 00:00:00+00:00,328.3800048828125,328.6300048828125,326.3999938964844,326.6199951171875,53888900
2020-01-30 00:00:00+00:00,324.3599853515625,327.9100036621094,323.5400085449219,327.67999267578125,75491800
2020-01-31 00:00:00+00:00,327.0,327.1700134277344,320.7300109863281,321.7300109863281,113845600
2020-02-03 00:00:00+00:00,323.3500061035156,326.1600036621094,323.2200012207031,324.1199951171875,69083000
2020-02-04 00:00:00+00:00,328.07000732421875,330.010009765625,327.7200012207031,329.05999755859375,62573200
2020-02-05 00:00:00+00:00,332.2699890136719,333.0899963378906,330.6700134277344,332.8599853515625,65951100
2020-02-06 00:00:00+00:00,333.9100036621094,334.19000244140625,332.79998779296875,333.9800109863281,50359700
2020-02-07 00:00:00+00:00,332.82000732421875,333.989990234375,331.6000061035156,332.20001220703125,64139400
2020-02-10 00:00:00+00:00,331.2300109863281,334.75,331.19000244140625,334.67999267578125,42070000
2020-02-11 00:00:00+00:00,336.1600036621094,337.0199890136719,334.67999267578125,335.260009765625,54864500
2020-02-12 00:00:00+00:00,336.8299865722656,337.6499938964844,336.42999267578125,337.4200134277344,43992700
2020-02-13 00:00:00+00:00,335.8599853515625,338.1199951171875,335.55999755859375,337.05999755859375,54501900
2020-02-14 00:00:00+00:00,337.510009765625,337.7300109863281,336.20001220703125,337.6000061035156,64582200
2020-02-18 00:00:00+00:00,336.510009765625,337.6700134277344,335.2099914550781,336.7300109863281,57226200
2020-02-19 00:00:00+00:00,337.7900085449219,339.0799865722656,337.4800109863281,338.3399963378906,48814700
2020-02-20 00:00:00+00:00,337.739990234375,338.6400146484375,333.67999267578125,336.95001220703125,74163400
2020-02-21 00:00:00+00:00,335.4700012207031,335.80999755859375,332.5799865722656,333.4800109863281,113788200
2020-02-24 00:00:00+00:00,323.1400146484375,333.55999755859375,321.239990234375,322.4200134277344,161088400
2020-02-25 00:00:00+00:00,323.94000244140625,324.6099853515625,311.69000244140625,312.6499938964844,218913200
2020-02-26 00:00:00+00:00,314.17999267578125,318.1099853515625,310.70001220703125,311.5,194773800
2020-02-27 00:00:00+00:00,305.4599914550781,311.55999755859375,297.510009765625,297.510009765625,284353500
2020-02-28 00:00:00+00:00,288.70001220703125,297.8900146484375,285.5400085449219,296.260009765625,384975800
2020-03-02 00:00:00+00:00,298.2099914550781,309.1600036621094,294.4599914550781,309.0899963378906,238703600
2020-03-03 00:00:00+00:00,309.5,313.8399963378906,297.57000732421875,300.239990234375,300139100
2020-03-04 00:00:00+00:00,306.1199951171875,313.1000061035156,303.3299865722656,312.8599853515625,176613400
2020-03-05 00:00:00+00:00,304.9800109863281,308.4700012207031,300.010009765625,302.4599914550781,186366800
2020-03-06 00:00:00+00:00,293.1499938964844,298.7799987792969,290.2300109863281,297.4599914550781,228667200
2020-03-09 00:00:00+00:00,275.29998779296875,284.19000244140625,273.45001220703125,274.2300109863281,309417300
2020-03-10 00:00:00+00:00,284.6400146484375,288.5199890136719,273.5,288.4200134277344,276444100
2020-03-11 00:00:00+00:00,280.70001220703125,281.94000244140625,270.8800048828125,274.3599853515625,255316300
2020-03-12 00:00:00+00:00,256.0,266.6600036621094,247.67999267578125,248.11000061035156,392220700
2020-03-13 00:00:00+00:00,263.0899963378906,271.4800109863281,248.52000427246094,269.32000732421875,329566100
2020-03-16 00:00:00+00:00,241.17999267578125,256.8999938964844,237.36000061035156,239.85000610351562,297240000
2020-03-17 00:00:00+00:00,245.0399932861328,256.1700134277344,237.07000732421875,252.8000030517578,262070500
2020-03-18 00:00:00+00:00,236.25,248.3699951171875,228.02000427246094,240.0,327597100
2020-03-19 00:00:00+00:00,239.25,247.3800048828125,232.22000122070312,240.50999450683594,289322000
2020-03-20 00:00:00+00:00,242.52999877929688,244.47000122070312,228.5,228.8000030517578,347158800
2020-03-23 00:00:00+00:00,228.19000244140625,229.67999267578125,218.25999450683594,222.9499969482422,326025200
2020-03-24 00:00:00+00:00,234.4199981689453,244.10000610351562,233.8000030517578,243.14999389648438,235494500
2020-03-25 00:00:00+00:00,244.8699951171875,256.3500061035156,239.75,246.7899932861328,299430300
2020-03-26 00:00:00+00:00,249.52000427246094,262.79998779296875,249.0500030517578,261.20001220703125,257632800
2020-03-27 00:00:00+00:00,253.27000427246094,260.80999755859375,251.0500030517578,253.4199981689453,224341200
2020-03-30 00:00:00+00:00,255.6999969482422,262.42999267578125,253.52999877929688,261.6499938964844,171369500
2020-03-31 00:00:00+00:00,260.55999755859375,263.3299865722656,256.2200012207031,257.75,194881100
2020-04-01 00:00:00+00:00,247.97999572753906,257.6600036621094,243.89999389648438,246.14999389648438,189554600
2020-04-02 00:00:00+00:00,245.19000244140625,252.67999267578125,244.58999633789062,251.8300018310547,177660400
2020-04-03 00:00:00+00:00,250.75999450683594,253.32000732421875,245.22000122070312,248.19000244140625,135561200
2020-04-06 00:00:00+00:00,257.8399963378906,267.0,248.1699981689453,264.8599853515625,188061200
2020-04-07 00:00:00+00:00,274.2099914550781,275.0299987792969,264.8900146484375,265.1300048828125,201427200
2020-04-08 00:00:00+00:00,267.9599914550781,276.0,265.25,274.0299987792969,153774500
2020-04-09 00:00:00+00:00,277.5799865722656,281.20001220703125,275.4700012207031,278.20001220703125,189999200
2020-04-13 00:00:00+00:00,277.1400146484375,277.510009765625,271.4100036621094,275.6600036621094,114839100
2020-04-14 00:00:00+00:00,280.9800109863281,284.8999938964844,275.510009765625,283.7900085449219,134143400
2020-04-15 00:00:00+00:00,277.57000732421875,283.94000244140625,275.4599914550781,277.760009765625,121775000
2020-04-16 00:00:00+00:00,279.1499938964844,280.0299987792969,275.760009765625,279.1000061035156,131798300
2020-04-17 00:00:00+00:00,285.3800048828125,287.29998779296875,282.3999938964844,286.6400146484375,146684800
2020-04-20 00:00:00+00:00,282.6099853515625,286.7900085449219,281.3500061035156,281.5899963378906,100109300
2020-04-21 00:00:00+00:00,276.7300109863281,278.0400085449219,272.0199890136719,273.0400085449219,126385700
2020-04-22 00:00:00+00:00,278.3500061035156,281.0,276.9100036621094,279.1000061035156,92951600
2020-04-23 00:00:00+00:00,280.489990234375,283.94000244140625,278.75,279.0799865722656,104709700
2020-04-24 00:00:00+00:00,280.7300109863281,283.70001220703125,278.5,282.9700012207031,85063200
2020-04-27 00:00:00+00:00,285.1199951171875,288.2699890136719,284.6199951171875,287.04998779296875,77896600
2020-04-28 00:00:00+00:00,291.0199890136719,291.3999938964844,285.3999938964844,285.7300109863281,105270000
2020-04-29 00:00:00+00:00,291.5299987792969,294.8800048828125,290.4100036621094,293.2099914550781,118745600
2020-04-30 00:00:00+00:00,291.7099914550781,293.32000732421875,288.5899963378906,290.4800109863281,122901700
2020-05-01 00:00:00+00:00,285.30999755859375,290.6600036621094,281.5199890136719,282.7900085449219,125180000
2020-05-04 00:00:00+00:00,280.739990234375,283.8999938964844,279.1300048828125,283.57000732421875,80873200
2020-05-05 00:00:00+00:00,286.6400146484375,289.25,283.7099914550781,286.19000244140625,79569900
2020-05-06 00:00:00+00:00,288.0400085449219,288.4599914550781,283.7799987792969,284.25,73632600
2020-05-07 00:00:00+00:00,287.75,289.7799987792969,287.1300048828125,287.67999267578125,75250400
2020-05-08 00:00:00+00:00,291.0899963378906,292.95001220703125,289.8599853515625,292.44000244140625,76452400
2020-05-11 00:00:00+00:00,290.3399963378906,294.0,289.8800048828125,292.5,79514200
2020-05-12 00:00:00+00:00,293.7900085449219,294.239990234375,286.5199890136719,286.6700134277344,95870800
2020-05-13 00:00:00+00:00,286.05999755859375,287.19000244140625,278.9599914550781,281.6000061035156,144721100
2020-05-14 00:00:00+00:00,278.95001220703125,285.1099853515625,272.989990234375,284.9700012207031,121977900
2020-05-15 00:00:00+00:00,282.3699951171875,286.3299865722656,281.3399963378906,286.2799987792969,111146300
2020-05-18 00:00:00+00:00,293.04998779296875,296.75,292.70001220703125,295.0,119703800
2020-05-19 00:00:00+00:00,294.3500061035156,296.2099914550781,291.95001220703125,291.9700012207031,95189300
2020-05-20 00:00:00+00:00,295.82000732421875,297.8699951171875,295.57000732421875,296.92999267578125,85861700
2020-05-21 00:00:00+00:00,296.7900085449219,297.6700134277344,293.69000244140625,294.8800048828125,78293900
2020-05-22 00:00:00+00:00,294.57000732421875,295.6300048828125,293.2200012207031,295.44000244140625,63958200
2020-05-26 00:00:00+00:00,301.92999267578125,302.19000244140625,295.4599914550781,299.0799865722656,88951400
2020-05-27 00:00:00+00:00,302.1199951171875,303.57000732421875,296.8699951171875,303.5299987792969,104817400
2020-05-28 00:00:00+00:00,304.6499938964844,306.8399963378906,302.239990234375,302.9700012207031,90405200
2020-05-29 00:00:00+00:00,302.4599914550781,304.9599914550781,299.4700012207031,304.32000732421875,119090800
2020-06-01 00:00:00+00:00,303.6199951171875,306.2099914550781,303.05999755859375,305.54998779296875,55758300
2020-06-02 00:00:00+00:00,306.54998779296875,308.1300048828125,305.1000061035156,308.0799865722656,74267200
2020-06-03 00:00:00+00:00,310.239990234375,313.2200012207031,309.94000244140625,312.17999267578125,92567600
2020-06-04 00:00:00+00:00,311.1099853515625,313.0,309.0799865722656,311.3599853515625,75794400
2020-06-05 00:00:00+00:00,317.2300109863281,321.2699890136719,317.1600036621094,319.3399963378906,150524700
2020-06-08 00:00:00+00:00,320.2200012207031,323.4100036621094,319.6300048828125,323.20001220703125,73641200
2020-06-09 00:00:00+00:00,320.29998779296875,323.2799987792969,319.3599853515625,320.7900085449219,77479200
2020-06-10 00:00:00+00:00,321.4200134277344,322.3900146484375,318.2200012207031,319.0,95000800
2020-06-11 00:00:00+00:00,311.4599914550781,312.1499938964844,300.010009765625,300.6099853515625,209243600
2020-06-12 00:00:00+00:00,308.239990234375,309.0799865722656,298.6000061035156,304.2099914550781,194678900
2020-06-15 00:00:00+00:00,298.0199890136719,308.2799987792969,296.739990234375,307.04998779296875,135782700
2020-06-16 00:00:00+00:00,315.4800109863281,315.6400146484375,307.6700134277344,312.9599914550781,137627500
2020-06-17 00:00:00+00:00,314.07000732421875,314.3900146484375,310.8599853515625,311.6600036621094,83398900
2020-06-18 00:00:00+00:00,310.010009765625,312.29998779296875,309.510009765625,311.7799987792969,80828700
2020-06-19 00:00:00+00:00,314.1700134277344,314.3800048828125,306.5299987792969,308.6400146484375,135549600
2020-06-22 00:00:00+00:00,307.989990234375,311.04998779296875,306.75,310.6199951171875,74649400
2020-06-23 00:00:00+00:00,313.489990234375,314.5,311.6099853515625,312.04998779296875,68471200
2020-06-24 00:00:00+00:00,309.8399963378906,310.510009765625,302.1000061035156,304.0899963378906,132813500
2020-06-25 00:00:00+00:00,303.4700012207031,307.6400146484375,301.2799987792969,307.3500061035156,89468000
2020-06-26 00:00:00+00:00,306.1600036621094,306.3900146484375,299.4200134277344,300.04998779296875,127961000
2020-06-29 00:00:00+00:00,301.4100036621094,304.6099853515625,298.92999267578125,304.4599914550781,79773300
2020-06-30 00:00:00+00:00,303.989990234375,310.20001220703125,303.82000732421875,308.3599853515625,113394800
2020-07-01 00:00:00+00:00,309.57000732421875,311.8900146484375,309.07000732421875,310.5199890136719,72396500
2020-07-02 00:00:00+00:00,314.239990234375,315.70001220703125,311.510009765625,312.2300109863281,69344200
2020-07-06 00:00:00+00:00,316.3699951171875,317.67999267578125,315.55999755859375,317.04998779296875,61713800
2020-07-07 00:00:00+00:00,315.3800048828125,317.5199890136719,313.3699951171875,313.7799987792969,82910000
2020-07-08 00:00:00+00:00,314.6099853515625,316.29998779296875,312.70001220703125,316.17999267578125,54638600
2020-07-09 00:00:00+00:00,316.8399963378906,317.1000061035156,310.67999267578125,314.3800048828125,83354200
2020-07-10 00:00:00+00:00,314.30999755859375,317.8800048828125,312.760009765625,317.5899963378906,57550400
2020-07-13 00:00:00+00:00,320.1300048828125,322.7099914550781,314.1300048828125,314.8399963378906,102997500
2020-07-14 00:00:00+00:00,313.29998779296875,319.760009765625,312.0,318.9200134277344,93657000
2020-07-15 00:00:00+00:00,322.4100036621094,323.0400085449219,319.2699890136719,321.8500061035156,87196500
2020-07-16 00:00:00+00:00,319.7900085449219,321.2799987792969,319.0899963378906,320.7900085449219,54622500
2020-07-17 00:00:00+00:00,321.8800048828125,322.57000732421875,319.739990234375,321.7200012207031,62774900
2020-07-20 00:00:00+00:00,321.42999267578125,325.1300048828125,320.6199951171875,324.32000732421875,56308800
2020-07-21 00:00:00+00:00,326.45001220703125,326.92999267578125,323.94000244140625,325.010009765625,57292200
2020-07-22 00:00:00+00:00,324.6199951171875,327.20001220703125,324.5,326.8599853515625,57792900
2020-07-23 00:00:00+00:00,326.4700012207031,327.2300109863281,321.4800109863281,322.9599914550781,75738000
2020-07-24 00:00:00+00:00,320.95001220703125,321.989990234375,319.25,320.8800048828125,73766600
2020-07-27 00:00:00+00:00,321.6300048828125,323.4100036621094,320.7699890136719,323.2200012207031,48293000
2020-07-28 00:00:00+00:00,322.42999267578125,323.6400146484375,320.8500061035156,321.1700134277344,57495000
2020-07-29 00:00:00+00:00,322.1199951171875,325.7300109863281,322.0799865722656,325.1199951171875,48454200
2020-07-30 00:00:00+00:00,321.8999938964844,324.4100036621094,319.6400146484375,323.9599914550781,61861700
2020-07-31 00:00:00+00:00,325.8999938964844,326.6300048828125,321.3299865722656,326.5199890136719,84986800
2020-08-03 00:00:00+00:00,328.32000732421875,329.6199951171875,327.7300109863281,328.7900085449219,53077900
2020-08-04 00:00:00+00:00,327.8599853515625,330.05999755859375,327.8599853515625,330.05999755859375,41917900
2020-08-05 00:00:00+00:00,331.4700012207031,332.3900146484375,331.17999267578125,332.1099853515625,42697700
2020-08-06 00:00:00+00:00,331.4800109863281,334.4599914550781,331.1300048828125,334.3299865722656,43679400
2020-08-07 00:00:00+00:00,333.2799987792969,334.8800048828125,332.29998779296875,334.57000732421875,57308300
2020-08-10 00:00:00+00:00,335.05999755859375,335.7699890136719,332.9599914550781,335.57000732421875,44282100
2020-08-11 00:00:00+00:00,336.8500061035156,337.5400085449219,332.010009765625,332.79998779296875,69601100
2020-08-12 00:00:00+00:00,335.44000244140625,338.2799987792969,335.4100036621094,337.44000244140625,53774400
2020-08-13 00:00:00+00:00,336.6099853515625,338.25,335.8299865722656,336.8299865722656,41816100
2020-08-14 00:00:00+00:00,336.4100036621094,337.4200134277344,335.6199951171875,336.8399963378906,47260400
2020-08-17 00:00:00+00:00,337.94000244140625,338.3399963378906,336.8500061035156,337.9100036621094,35481000
2020-08-18 00:00:00+00:00,338.3399963378906,339.1000061035156,336.6099853515625,338.6400146484375,38733900
2020-08-19 00:00:00+00:00,339.04998779296875,339.6099853515625,336.6199951171875,337.2300109863281,68054200
2020-08-20 00:00:00+00:00,335.3599853515625,338.79998779296875,335.2200012207031,338.2799987792969,42207800
2020-08-21 00:00:00+00:00,337.9200134277344,339.7200012207031,337.54998779296875,339.4800109863281,55106600
2020-08-24 00:00:00+00:00,342.1199951171875,343.0,339.45001220703125,342.9200134277344,48588700
2020-08-25 00:00:00+00:00,343.5299987792969,344.2099914550781,342.2699890136719,344.1199951171875,38463400
2020-08-26 00:00:00+00:00,344.760009765625,347.8599853515625,344.1700134277344,347.57000732421875,50790200
2020-08-27 00:00:00+00:00,348.510009765625,349.8999938964844,346.5299987792969,348.3299865722656,58034100
2020-08-28 00:00:00+00:00,349.44000244140625,350.7200012207031,348.1499938964844,350.5799865722656,48588900
2020-08-31 00:00:00+00:00,350.3500061035156,351.29998779296875,349.05999755859375,349.30999755859375,66099200
2020-09-01 00:00:00+00:00,350.2099914550781,352.7099914550781,349.239990234375,352.6000061035156,54908700
2020-09-02 00:00:00+00:00,354.6700134277344,358.75,353.42999267578125,357.70001220703125,69540000
2020-09-03 00:00:00+00:00,355.8699951171875,356.3800048828125,342.5899963378906,345.3900146484375,148011100
2020-09-04 00:00:00+00:00,346.1300048828125,347.8299865722656,334.8699951171875,342.57000732421875,139156300
2020-09-08 00:00:00+00:00,336.7099914550781,342.6400146484375,332.8800048828125,333.2099914550781,114465300
2020-09-09 00:00:00+00:00,337.54998779296875,342.4599914550781,336.6099853515625,339.7900085449219,91462300
2020-09-10 00:00:00+00:00,341.82000732421875,342.5299987792969,332.8500061035156,333.8900146484375,90569500
2020-09-11 00:00:00+00:00,335.82000732421875,336.9700012207031,331.0,334.05999755859375,84680200
2020-09-14 00:00:00+00:00,337.489990234375,340.3800048828125,334.2200012207031,338.4599914550781,65605700
2020-09-15 00:00:00+00:00,341.1199951171875,342.0199890136719,338.4700012207031,340.1700134277344,52920900
2020-09-16 00:00:00+00:00,341.510009765625,343.05999755859375,338.5199890136719,338.82000732421875,82096000
2020-09-17 00:00:00+00:00,333.55999755859375,337.70001220703125,332.989990234375,335.8399963378906,91523300
2020-09-18 00:00:00+00:00,335.3699951171875,335.489990234375,327.9700012207031,330.6499938964844,105877900
2020-09-21 00:00:00+00:00,325.70001220703125,327.1300048828125,321.7300109863281,326.9700012207031,99450800
2020-09-22 00:00:00+00:00,328.57000732421875,330.8999938964844,325.8599853515625,330.29998779296875,63612100
2020-09-23 00:00:00+00:00,330.8999938964844,331.20001220703125,322.1000061035156,322.6400146484375,93112200
2020-09-24 00:00:00+00:00,321.2200012207031,326.79998779296875,319.79998779296875,323.5,76681300
2020-09-25 00:00:00+00:00,322.5799865722656,329.5799865722656,321.6400146484375,328.7300109863281,71069400
2020-09-28 00:00:00+00:00,333.2200012207031,334.9599914550781,332.1499938964844,334.19000244140625,64584600
2020-09-29 00:00:00+00:00,333.9700012207031,334.7699890136719,331.6199951171875,332.3699951171875,51304000
2020-09-30 00:00:00+00:00,333.0899963378906,338.2900085449219,332.8800048828125,334.8900146484375,104081100
2020-10-01 00:00:00+00:00,337.69000244140625,338.739990234375,335.010009765625,337.0400085449219,88698700
2020-10-02 00:00:00+00:00,331.70001220703125,337.010009765625,331.19000244140625,333.8399963378906,89431100
2020-10-05 00:00:00+00:00,336.05999755859375,339.9599914550781,336.010009765625,339.760009765625,45713100
2020-10-06 00:00:00+00:00,339.9100036621094,342.1700134277344,334.3800048828125,334.92999267578125,90128900
2020-10-07 00:00:00+00:00,338.1199951171875,341.6300048828125,338.0899963378906,340.760009765625,56999600
2020-10-08 00:00:00+00:00,342.8500061035156,343.8500061035156,341.8599853515625,343.7799987792969,45242500
2020-10-09 00:00:00+00:00,345.55999755859375,347.3500061035156,344.8900146484375,346.8500061035156,59528600
2020-10-12 00:00:00+00:00,349.5899963378906,354.0199890136719,349.05999755859375,352.42999267578125,80388500
2020-10-13 00:00:00+00:00,352.2799987792969,352.4700012207031,349.0899963378906,350.1300048828125,73255500
2020-10-14 00:00:00+00:00,350.75,351.92999267578125,347.1400146484375,347.92999267578125,57727900
2020-10-15 00:00:00+00:00,343.7099914550781,348.0199890136719,343.1300048828125,347.5,60357700
2020-10-16 00:00:00+00:00,348.9599914550781,350.75,347.1000061035156,347.2900085449219,89501900
2020-10-19 00:00:00+00:00,348.6499938964844,349.3299865722656,341.0400085449219,342.010009765625,68425600
2020-10-20 00:00:00+00:00,343.4599914550781,346.8800048828125,342.6400146484375,343.3800048828125,60051900
2020-10-21 00:00:00+00:00,343.3299865722656,345.6700134277344,342.3999938964844,342.7300109863281,63575000
2020-10-22 00:00:00+00:00,342.9599914550781,345.239990234375,340.6499938964844,344.6099853515625,55399300
2020-10-23 00:00:00+00:00,345.92999267578125,345.989990234375,343.1300048828125,345.7799987792969,49143900
2020-10-26 00:00:00+00:00,342.1300048828125,342.9800109863281,335.6199951171875,339.3900146484375,91473000
2020-10-27 00:00:00+00:00,339.760009765625,340.1199951171875,337.989990234375,338.2200012207031,65994100
2020-10-28 00:00:00+00:00,332.1000061035156,338.25,326.1300048828125,326.6600036621094,127094300
2020-10-29 00:00:00+00:00,326.9100036621094,333.3999938964844,325.0899963378906,329.9800109863281,90597700
2020-10-30 00:00:00+00:00,328.2799987792969,329.69000244140625,322.6000061035156,326.5400085449219,120287300
2020-11-02 00:00:00+00:00,330.20001220703125,332.3599853515625,327.239990234375,330.20001220703125,86068300
2020-11-03 00:00:00+00:00,333.69000244140625,338.25,330.2900085449219,336.0299987792969,93294200
2020-11-04 00:00:00+00:00,340.8599853515625,347.94000244140625,339.5899963378906,343.5400085449219,126959700
2020-11-05 00:00:00+00:00,349.239990234375,352.19000244140625,348.8599853515625,350.239990234375,82039700
2020-11-06 00:00:00+00:00,349.92999267578125,351.510009765625,347.6499938964844,350.1600036621094,74973000
2020-11-09 00:00:00+00:00,363.9700012207031,364.3800048828125,354.05999755859375,354.55999755859375,172304200
2020-11-10 00:00:00+00:00,353.489990234375,355.17999267578125,350.510009765625,354.0400085449219,85552000
2020-11-11 00:00:00+00:00,356.3999938964844,357.55999755859375,355.05999755859375,356.6700134277344,58649000
2020-11-12 00:00:00+00:00,355.5799865722656,356.7200012207031,351.260009765625,353.2099914550781,67546200
2020-11-13 00:00:00+00:00,355.2699890136719,358.8999938964844,354.7099914550781,358.1000061035156,62892200
2020-11-16 00:00:00+00:00,360.9800109863281,362.7799987792969,359.5899963378906,362.57000732421875,74541100
2020-11-17 00:00:00+00:00,359.9700012207031,361.9200134277344,358.3399963378906,360.6199951171875,66111000
2020-11-18 00:00:00+00:00,360.9100036621094,361.5,356.239990234375,356.2799987792969,70591300
2020-11-19 00:00:00+00:00,355.6000061035156,358.17999267578125,354.1499938964844,357.7799987792969,59940900
2020-11-20 00:00:00+00:00,357.5,357.7200012207031,355.25,355.3299865722656,70417300
2020-11-23 00:00:00+00:00,357.2799987792969,358.82000732421875,354.8699951171875,357.4599914550781,63230600
2020-11-24 00:00:00+00:00,360.2099914550781,363.80999755859375,359.2900085449219,363.2200012207031,62415900
2020-11-25 00:00:00+00:00,363.1300048828125,363.1600036621094,361.4800109863281,362.6600036621094,45330900
2020-11-27 00:00:00+00:00,363.8399963378906,364.17999267578125,362.5799865722656,363.6700134277344,28514100
2020-11-30 00:00:00+00:00,362.8299865722656,363.1199951171875,359.1700134277344,362.05999755859375,83872700
2020-12-01 00:00:00+00:00,365.57000732421875,367.67999267578125,364.92999267578125,366.0199890136719,74231400
2020-12-02 00:00:00+00:00,364.82000732421875,366.9599914550781,364.20001220703125,366.7900085449219,45927000
2020-12-03 00:00:00+00:00,366.67999267578125,368.19000244140625,365.5,366.69000244140625,62882000
2020-12-04 00:00:00+00:00,367.32000732421875,369.8500061035156,367.2200012207031,369.8500061035156,50749900
2020-12-07 00:00:00+00:00,369.0199890136719,369.6199951171875,367.7200012207031,369.0899963378906,48944300
2020-12-08 00:00:00+00:00,367.7200012207031,370.7799987792969,367.6700134277344,370.1700134277344,42458900
2020-12-09 00:00:00+00:00,370.8800048828125,371.04998779296875,365.95001220703125,366.8500061035156,74098300
2020-12-10 00:00:00+00:00,365.3699951171875,367.8599853515625,364.42999267578125,366.7300109863281,57735400
2020-12-11 00:00:00+00:00,364.8999938964844,366.739990234375,363.260009765625,366.29998779296875,57698600
2020-12-14 00:00:00+00:00,368.6400146484375,369.79998779296875,364.4700012207031,364.6600036621094,69216200
2020-12-15 00:00:00+00:00,367.3999938964844,369.5899963378906,365.9200134277344,369.5899963378906,63865300
2020-12-16 00:00:00+00:00,369.82000732421875,371.1600036621094,368.8699951171875,370.1700134277344,58420500
2020-12-17 00:00:00+00:00,371.94000244140625,372.4599914550781,371.04998779296875,372.239990234375,64119500
2020-12-18 00:00:00+00:00,370.9700012207031,371.1499938964844,367.0199890136719,369.17999267578125,136542300
2020-12-21 00:00:00+00:00,364.9700012207031,378.4599914550781,362.0299987792969,367.8599853515625,96386700
2020-12-22 00:00:00+00:00,368.2099914550781,368.3299865722656,366.0299987792969,367.239990234375,47949000
2020-12-23 00:00:00+00:00,368.2799987792969,369.6199951171875,367.2200012207031,367.57000732421875,46201400
2020-12-24 00:00:00+00:00,368.0799865722656,369.0299987792969,367.45001220703125,369.0,26457900
2020-12-28 00:00:00+00:00,371.739990234375,372.5899963378906,371.07000732421875,372.1700134277344,39000400
2020-12-29 00:00:00+00:00,373.80999755859375,374.0,370.8299865722656,371.4599914550781,53680500
2020-12-30 00:00:00+00:00,372.3399963378906,373.1000061035156,371.57000732421875,371.989990234375,49455300
2020-12-31 00:00:00+00:00,371.7799987792969,374.6600036621094,371.2300109863281,373.8800048828125,78520700
2021-01-04 00:00:00+00:00,375.30999755859375,375.45001220703125,364.82000732421875,368.7900085449219,110210800
2021-01-05 00:00:00+00:00,368.1000061035156,372.5,368.04998779296875,371.3299865722656,66426200
2021-01-06 00:00:00+00:00,369.7099914550781,376.9800109863281,369.1199951171875,373.54998779296875,107997700
2021-01-07 00:00:00+00:00,376.1000061035156,379.8999938964844,375.9100036621094,379.1000061035156,68766800
2021-01-08 00:00:00+00:00,380.5899963378906,381.489990234375,377.1000061035156,381.260009765625,71677200
2021-01-11 00:00:00+00:00,377.8500061035156,380.5799865722656,377.7200012207031,378.69000244140625,51034700
2021-01-12 00:00:00+00:00,378.8900146484375,379.8599853515625,376.3599853515625,378.7699890136719,52547700
2021-01-13 00:00:00+00:00,378.69000244140625,380.8599853515625,377.8500061035156,379.7900085449219,45303600
2021-01-14 00:00:00+00:00,380.5899963378906,381.1300048828125,378.1000061035156,378.4599914550781,49989100
2021-01-15 00:00:00+00:00,376.7200012207031,377.5799865722656,373.70001220703125,375.70001220703125,107160000
2021-01-19 00:00:00+00:00,378.3399963378906,379.2300109863281,376.75,378.6499938964844,51233300
2021-01-20 00:00:00+00:00,381.1099853515625,384.7900085449219,380.69000244140625,383.8900146484375,61836100
2021-01-21 00:00:00+00:00,384.489990234375,384.95001220703125,383.25,384.239990234375,47840100
2021-01-22 00:00:00+00:00,382.25,384.1300048828125,381.8399963378906,382.8800048828125,52860500
2021-01-25 00:00:00+00:00,383.6700134277344,384.7699890136719,378.4599914550781,384.3900146484375,70402000
2021-01-26 00:00:00+00:00,385.4100036621094,385.8500061035156,383.5400085449219,383.7900085449219,42665300
2021-01-27 00:00:00+00:00,380.2200012207031,380.32000732421875,372.010009765625,374.4100036621094,123351100
2021-01-28 00:00:00+00:00,376.3599853515625,381.92999267578125,375.8900146484375,377.6300048828125,94198100
2021-01-29 00:00:00+00:00,375.6300048828125,376.6700134277344,368.2699890136719,370.07000732421875,126765100
2021-02-01 00:00:00+00:00,373.7200012207031,377.3399963378906,370.3800048828125,376.2300109863281,75817600
2021-02-02 00:00:00+00:00,379.6499938964844,383.2200012207031,376.32000732421875,381.54998779296875,64450700
2021-02-03 00:00:00+00:00,382.44000244140625,383.70001220703125,380.4800109863281,381.8500061035156,52427100
2021-02-04 00:00:00+00:00,382.9599914550781,386.239990234375,381.9700012207031,386.19000244140625,47142600
2021-02-05 00:00:00+00:00,388.20001220703125,388.4700012207031,386.1400146484375,387.7099914550781,48669800
2021-02-08 00:00:00+00:00,389.2699890136719,390.55999755859375,388.3500061035156,390.510009765625,38365200
2021-02-09 00:00:00+00:00,389.6099853515625,390.8900146484375,389.1700134277344,390.25,35551100
2021-02-10 00:00:00+00:00,392.1199951171875,392.2799987792969,387.5,390.0799865722656,59154400
2021-02-11 00:00:00+00:00,391.239990234375,391.69000244140625,388.1000061035156,390.7099914550781,42913300
2021-02-12 00:00:00+00:00,389.8500061035156,392.8999938964844,389.7699890136719,392.6400146484375,50593300
2021-02-16 00:00:00+00:00,393.9599914550781,394.1700134277344,391.5299987792969,392.29998779296875,50972400
2021-02-17 00:00:00+00:00,390.4200134277344,392.6600036621094,389.3299865722656,392.3900146484375,52290600
2021-02-18 00:00:00+00:00,389.5899963378906,391.5199890136719,387.739990234375,390.7200012207031,59712800
2021-02-19 00:00:00+00:00,392.07000732421875,392.3800048828125,389.54998779296875,390.0299987792969,83241000
2021-02-22 00:00:00+00:00,387.05999755859375,389.6199951171875,386.739990234375,387.0299987792969,67414200
2021-02-23 00:00:00+00:00,384.6600036621094,388.95001220703125,380.20001220703125,387.5,107284100
2021-02-24 00:00:00+00:00,386.3299865722656,392.2300109863281,385.2699890136719,391.7699890136719,72433900
2021-02-25 00:00:00+00:00,390.4100036621094,391.8800048828125,380.7799987792969,382.3299865722656,146670500
2021-02-26 00:00:00+00:00,384.3500061035156,385.5799865722656,378.2300109863281,380.3599853515625,152701600
2021-03-01 00:00:00+00:00,385.5899963378906,390.9200134277344,380.57000732421875,389.5799865722656,105348800
2021-03-02 00:00:00+00:00,389.82000732421875,390.07000732421875,386.0,386.5400085449219,79595300
2021-03-03 00:00:00+00:00,385.7900085449219,386.8299865722656,381.30999755859375,381.4200134277344,119940200
2021-03-04 00:00:00+00:00,381.2200012207031,384.0,371.8800048828125,376.70001220703125,183433000
2021-03-05 00:00:00+00:00,380.4599914550781,384.760009765625,372.6400146484375,383.6300048828125,152039600
2021-03-08 00:00:00+00:00,384.6600036621094,387.67999267578125,381.4200134277344,381.7200012207031,123149200
2021-03-09 00:00:00+00:00,385.8500061035156,389.9100036621094,385.30999755859375,387.1700134277344,113633600
2021-03-10 00:00:00+00:00,389.69000244140625,391.3999938964844,388.1700134277344,389.5799865722656,109899400
2021-03-11 00:00:00+00:00,392.2300109863281,395.6499938964844,391.739990234375,393.5299987792969,86245000
2021-03-12 00:00:00+00:00,392.07000732421875,394.2099914550781,391.20001220703125,394.05999755859375,64653600
2021-03-15 00:00:00+00:00,394.3299865722656,396.69000244140625,392.0299987792969,396.4100036621094,73427200
2021-03-16 00:00:00+00:00,397.07000732421875,397.8299865722656,395.0799865722656,395.9100036621094,73722500
2021-03-17 00:00:00+00:00,394.5299987792969,398.1199951171875,393.29998779296875,397.260009765625,97959300
2021-03-18 00:00:00+00:00,394.4800109863281,396.7200012207031,390.75,391.4800109863281,115349100
2021-03-19 00:00:00+00:00,389.8800048828125,391.57000732421875,387.1499938964844,389.4800109863281,113624500
2021-03-22 00:00:00+00:00,390.0299987792969,394.07000732421875,389.9700012207031,392.5899963378906,73778600
2021-03-23 00:00:00+00:00,391.9100036621094,393.4599914550781,388.6600036621094,389.5,90686600
2021-03-24 00:00:00+00:00,391.0,392.75,387.4700012207031,387.5199890136719,97588600
2021-03-25 00:00:00+00:00,385.9800109863281,390.54998779296875,383.8999938964844,389.70001220703125,116128600
2021-03-26 00:00:00+00:00,390.92999267578125,396.4100036621094,390.2900085449219,395.9800109863281,114409100
2021-03-29 00:00:00+00:00,394.3999938964844,396.75,392.80999755859375,395.7799987792969,108107600
2021-03-30 00:00:00+00:00,394.4200134277344,395.45001220703125,393.0199890136719,394.7300109863281,76262200
2021-03-31 00:00:00+00:00,395.3399963378906,398.0,395.30999755859375,396.3299865722656,112734200
2021-04-01 00:00:00+00:00,398.3999938964844,400.6700134277344,398.17999267578125,400.6099853515625,99682900
2021-04-05 00:00:00+00:00,403.4599914550781,406.94000244140625,403.3800048828125,406.3599853515625,91684800
2021-04-06 00:00:00+00:00,405.760009765625,407.239990234375,405.3999938964844,406.1199951171875,62021000
2021-04-07 00:00:00+00:00,405.94000244140625,406.9599914550781,405.45001220703125,406.5899963378906,55836300
2021-04-08 00:00:00+00:00,407.92999267578125,408.5799865722656,406.92999267578125,408.5199890136719,57863100
2021-04-09 00:00:00+00:00,408.3900146484375,411.6700134277344,408.260009765625,411.489990234375,61104600
2021-04-12 00:00:00+00:00,410.8500061035156,411.92999267578125,410.20001220703125,411.6400146484375,56704900
2021-04-13 00:00:00+00:00,411.5299987792969,413.5299987792969,411.1199951171875,412.8599853515625,56551000
2021-04-14 00:00:00+00:00,412.8299865722656,413.9599914550781,410.8699951171875,411.45001220703125,61659900
2021-04-15 00:00:00+00:00,413.739990234375,416.1600036621094,413.69000244140625,415.8699951171875,60229800
2021-04-16 00:00:00+00:00,417.25,417.9100036621094,415.7300109863281,417.260009765625,82037300
2021-04-19 00:00:00+00:00,416.260009765625,416.739990234375,413.7900085449219,415.2099914550781,78498500
2021-04-20 00:00:00+00:00,413.9100036621094,415.0899963378906,410.5899963378906,412.1700134277344,81851800
2021-04-21 00:00:00+00:00,411.510009765625,416.2900085449219,411.3599853515625,416.07000732421875,66793000
2021-04-22 00:00:00+00:00,415.8900146484375,416.7799987792969,411.1300048828125,412.2699890136719,97582800
2021-04-23 00:00:00+00:00,412.8699951171875,418.25,412.7900085449219,416.739990234375,73209200
2021-04-26 00:00:00+00:00,417.44000244140625,418.2200012207031,416.80999755859375,417.6099853515625,52182400
2021-04-27 00:00:00+00:00,417.92999267578125,418.1400146484375,416.29998779296875,417.5199890136719,51303100
2021-04-28 00:00:00+00:00,417.80999755859375,419.010009765625,416.8999938964844,417.3999938964844,51238900
2021-04-29 00:00:00+00:00,420.32000732421875,420.7200012207031,416.44000244140625,420.05999755859375,78544300
2021-04-30 00:00:00+00:00,417.6300048828125,418.5400085449219,416.3399963378906,417.29998779296875,85527000
2021-05-03 00:00:00+00:00,419.42999267578125,419.8399963378906,417.6700134277344,418.20001220703125,68128300
2021-05-04 00:00:00+00:00,416.07000732421875,416.6000061035156,411.6700134277344,415.6199951171875,101591200
2021-05-05 00:00:00+00:00,417.3800048828125,417.6300048828125,415.1499938964844,415.75,60162200
2021-05-06 00:00:00+00:00,415.8299865722656,419.2099914550781,413.67999267578125,419.07000732421875,74321400
2021-05-07 00:00:00+00:00,419.8900146484375,422.82000732421875,419.1600036621094,422.1199951171875,67733800
2021-05-10 00:00:00+00:00,422.5,422.739990234375,417.80999755859375,417.94000244140625,81852400
2021-05-11 00:00:00+00:00,413.1000061035156,415.2699890136719,410.05999755859375,414.2099914550781,116888000
2021-05-12 00:00:00+00:00,411.2300109863281,412.5899963378906,404.0,405.4100036621094,134811000
2021-05-13 00:00:00+00:00,407.07000732421875,412.3500061035156,407.0199890136719,410.2799987792969,106394000
2021-05-14 00:00:00+00:00,413.2099914550781,417.489990234375,413.17999267578125,416.5799865722656,82201600
2021-05-17 00:00:00+00:00,415.3900146484375,416.3900146484375,413.3599853515625,415.5199890136719,65129200
2021-05-18 00:00:00+00:00,415.79998779296875,416.05999755859375,411.7699890136719,411.94000244140625,59810200
2021-05-19 00:00:00+00:00,406.9200134277344,411.04998779296875,405.3299865722656,410.8599853515625,106467100
2021-05-20 00:00:00+00:00,411.79998779296875,416.6300048828125,411.6700134277344,415.2799987792969,78022200
2021-05-21 00:00:00+00:00,416.8699951171875,418.20001220703125,414.45001220703125,414.94000244140625,76578700
2021-05-24 00:00:00+00:00,417.3399963378906,420.32000732421875,417.0799865722656,419.1700134277344,51376700
2021-05-25 00:00:00+00:00,420.3299865722656,420.7099914550781,417.6199951171875,418.239990234375,57451400
2021-05-26 00:00:00+00:00,418.8699951171875,419.6099853515625,417.760009765625,419.07000732421875,43088600
2021-05-27 00:00:00+00:00,420.1700134277344,420.7200012207031,418.989990234375,419.2900085449219,56707700
2021-05-28 00:00:00+00:00,420.9700012207031,421.25,419.7900085449219,420.0400085449219,58520200
2021-06-01 00:00:00+00:00,422.57000732421875,422.7200012207031,419.20001220703125,419.6700134277344,54216600
2021-06-02 00:00:00+00:00,420.3699951171875,421.2300109863281,419.2900085449219,420.3299865722656,49097100
2021-06-03 00:00:00+00:00,417.8500061035156,419.989990234375,416.2799987792969,418.7699890136719,58138800
2021-06-04 00:00:00+00:00,420.75,422.9200134277344,418.8399963378906,422.6000061035156,55938800
2021-06-07 00:00:00+00:00,422.5899963378906,422.7799987792969,421.19000244140625,422.19000244140625,51555000
2021-06-08 00:00:00+00:00,423.1099853515625,423.2099914550781,420.32000732421875,422.2799987792969,47134300
2021-06-09 00:00:00+00:00,423.17999267578125,423.260009765625,421.4100036621094,421.6499938964844,48436300
2021-06-10 00:00:00+00:00,422.9599914550781,424.6300048828125,421.54998779296875,423.6099853515625,51020100
2021-06-11 00:00:00+00:00,424.20001220703125,424.42999267578125,422.82000732421875,424.30999755859375,45570800
2021-06-14 00:00:00+00:00,424.42999267578125,425.3699951171875,423.1000061035156,425.260009765625,42358500
2021-06-15 00:00:00+00:00,425.4200134277344,425.4599914550781,423.5400085449219,424.4800109863281,51508500
2021-06-16 00:00:00+00:00,424.6300048828125,424.8699951171875,419.9200134277344,422.1099853515625,80386100
2021-06-17 00:00:00+00:00,421.6700134277344,423.0199890136719,419.32000732421875,421.9700012207031,90949700
2021-06-18 00:00:00+00:00,417.0899963378906,417.8299865722656,414.70001220703125,414.9200134277344,118676300
2021-06-21 00:00:00+00:00,416.79998779296875,421.05999755859375,415.92999267578125,420.8599853515625,72822000
2021-06-22 00:00:00+00:00,420.8500061035156,424.0,420.0799865722656,423.1099853515625,57700300
2021-06-23 00:00:00+00:00,423.19000244140625,424.04998779296875,422.510009765625,422.6000061035156,49445400
2021-06-24 00:00:00+00:00,424.8900146484375,425.54998779296875,424.6199951171875,425.1000061035156,45110300
2021-06-25 00:00:00+00:00,425.8999938964844,427.0899963378906,425.54998779296875,426.6099853515625,58129500
2021-06-28 00:00:00+00:00,427.1700134277344,427.6499938964844,425.8900146484375,427.4700012207031,53159600
2021-06-29 00:00:00+00:00,427.8800048828125,428.55999755859375,427.1300048828125,427.70001220703125,35970500
2021-06-30 00:00:00+00:00,427.2099914550781,428.7799987792969,427.17999267578125,428.05999755859375,64827900
2021-07-01 00:00:00+00:00,428.8699951171875,430.6000061035156,428.79998779296875,430.42999267578125,53441000
2021-07-02 00:00:00+00:00,431.6700134277344,434.1000061035156,430.5199890136719,433.7200012207031,57697700
2021-07-06 00:00:00+00:00,433.7799987792969,434.010009765625,430.010009765625,432.92999267578125,68710400
2021-07-07 00:00:00+00:00,433.6600036621094,434.760009765625,431.510009765625,434.4599914550781,63549500
2021-07-08 00:00:00+00:00,428.7799987792969,431.7300109863281,427.5199890136719,430.9200134277344,97595200
2021-07-09 00:00:00+00:00,432.5299987792969,435.8399963378906,430.7099914550781,435.5199890136719,76238600
2021-07-12 00:00:00+00:00,435.42999267578125,437.3500061035156,434.9700012207031,437.0799865722656,52889600
2021-07-13 00:00:00+00:00,436.239990234375,437.8399963378906,435.30999755859375,435.5899963378906,52911300
2021-07-14 00:00:00+00:00,437.3999938964844,437.9200134277344,434.9100036621094,436.239990234375,64130400
2021-07-15 00:00:00+00:00,434.80999755859375,435.5299987792969,432.7200012207031,434.75,55126400
2021-07-16 00:00:00+00:00,436.010009765625,436.05999755859375,430.9200134277344,431.3399963378906,75874700
2021-07-19 00:00:00+00:00,426.19000244140625,431.4100036621094,421.9700012207031,424.9700012207031,147987000
2021-07-20 00:00:00+00:00,425.67999267578125,432.4200134277344,424.8299865722656,431.05999755859375,99608200
2021-07-21 00:00:00+00:00,432.3399963378906,434.70001220703125,431.010009765625,434.54998779296875,64724400
2021-07-22 00:00:00+00:00,434.739990234375,435.7200012207031,433.69000244140625,435.4599914550781,47878500
2021-07-23 00:00:00+00:00,437.5199890136719,440.29998779296875,436.7900085449219,439.94000244140625,63766600
2021-07-26 00:00:00+00:00,439.30999755859375,441.0299987792969,439.260009765625,441.0199890136719,43719200
2021-07-27 00:00:00+00:00,439.9100036621094,439.94000244140625,435.989990234375,439.010009765625,67397100
2021-07-28 00:00:00+00:00,439.67999267578125,440.29998779296875,437.30999755859375,438.8299865722656,52472400
2021-07-29 00:00:00+00:00,439.82000732421875,441.79998779296875,439.80999755859375,440.6499938964844,47435300
2021-07-30 00:00:00+00:00,437.9100036621094,440.05999755859375,437.7699890136719,438.510009765625,68951200
2021-08-02 00:00:00+00:00,440.3399963378906,440.92999267578125,437.2099914550781,437.5899963378906,58783300
2021-08-03 00:00:00+00:00,438.44000244140625,441.2799987792969,436.1000061035156,441.1499938964844,58053900
2021-08-04 00:00:00+00:00,439.7799987792969,441.1199951171875,438.7300109863281,438.9800109863281,46732200
2021-08-05 00:00:00+00:00,440.2200012207031,441.8500061035156,439.8800048828125,441.760009765625,38969700
2021-08-06 00:00:00+00:00,442.1000061035156,442.94000244140625,441.79998779296875,442.489990234375,46930000
2021-08-09 00:00:00+00:00,442.4599914550781,442.79998779296875,441.30999755859375,442.1300048828125,41222600
2021-08-10 00:00:00+00:00,442.6099853515625,443.44000244140625,441.8800048828125,442.67999267578125,43339300
2021-08-11 00:00:00+00:00,443.82000732421875,443.8800048828125,442.6199951171875,443.7799987792969,44034300
2021-08-12 00:00:00+00:00,443.6199951171875,445.260009765625,442.6600036621094,445.1099853515625,38909400
2021-08-13 00:00:00+00:00,445.5899963378906,445.94000244140625,445.07000732421875,445.9200134277344,39470300
2021-08-16 00:00:00+00:00,444.5299987792969,447.1099853515625,442.8699951171875,446.9700012207031,73740000
2021-08-17 00:00:00+00:00,444.239990234375,444.9599914550781,440.8500061035156,444.0400085449219,92673900
2021-08-18 00:00:00+00:00,442.9599914550781,444.6300048828125,438.9200134277344,439.17999267578125,89351900
2021-08-19 00:00:00+00:00,436.2699890136719,441.1400146484375,436.1199951171875,439.8599853515625,92812200
2021-08-20 00:00:00+00:00,440.2300109863281,443.7099914550781,439.7099914550781,443.3599853515625,72008700
2021-08-23 00:00:00+00:00,445.1600036621094,448.2300109863281,443.44000244140625,447.260009765625,54973000
2021-08-24 00:00:00+00:00,447.9700012207031,448.5400085449219,447.4200134277344,447.9700012207031,38744700
2021-08-25 00:00:00+00:00,448.1700134277344,449.4599914550781,447.7699890136719,448.9100036621094,40529700
2021-08-26 00:00:00+00:00,448.6099853515625,448.8599853515625,446.1600036621094,446.260009765625,57829600
2021-08-27 00:00:00+00:00,447.1199951171875,450.6499938964844,447.05999755859375,450.25,77235100
2021-08-30 00:00:00+00:00,450.9700012207031,453.07000732421875,450.7099914550781,452.2300109863281,48357400
2021-08-31 00:00:00+00:00,452.1300048828125,452.489990234375,450.9200134277344,451.55999755859375,59300200
2021-09-01 00:00:00+00:00,452.55999755859375,453.1099853515625,451.54998779296875,451.79998779296875,48721400
2021-09-02 00:00:00+00:00,453.32000732421875,454.04998779296875,451.9100036621094,453.19000244140625,42501000
2021-09-03 00:00:00+00:00,451.9800109863281,453.6300048828125,451.54998779296875,453.0799865722656,47170500
2021-09-07 00:00:00+00:00,452.7099914550781,452.80999755859375,450.739990234375,451.4599914550781,51671500
2021-09-08 00:00:00+00:00,450.8900146484375,451.6700134277344,448.8599853515625,450.9100036621094,56181900
2021-09-09 00:00:00+00:00,450.70001220703125,452.57000732421875,448.7200012207031,448.9800109863281,57970400
2021-09-10 00:00:00+00:00,451.0400085449219,451.489990234375,445.30999755859375,445.44000244140625,89948200
2021-09-13 00:00:00+00:00,448.6400146484375,448.9200134277344,444.1099853515625,446.5799865722656,83738600
2021-09-14 00:00:00+00:00,448.1199951171875,448.3399963378906,443.2200012207031,444.1700134277344,78197100
2021-09-15 00:00:00+00:00,444.6199951171875,448.4100036621094,443.44000244140625,447.8800048828125,78792200
2021-09-16 00:00:00+00:00,447.32000732421875,448.3599853515625,444.0199890136719,447.1700134277344,77786700
2021-09-17 00:00:00+00:00,444.9200134277344,445.3699951171875,441.0199890136719,441.3999938964844,118425000
2021-09-20 00:00:00+00:00,434.8800048828125,436.55999755859375,428.8599853515625,434.0400085449219,166445500
2021-09-21 00:00:00+00:00,436.5299987792969,437.9100036621094,433.07000732421875,433.6300048828125,92526100
2021-09-22 00:00:00+00:00,436.04998779296875,440.0299987792969,433.75,437.8599853515625,102350100
2021-09-23 00:00:00+00:00,439.8500061035156,444.8900146484375,439.6000061035156,443.17999267578125,76396000
2021-09-24 00:00:00+00:00,441.44000244140625,444.6700134277344,441.2099914550781,443.9100036621094,62094800
2021-09-27 00:00:00+00:00,442.80999755859375,444.04998779296875,441.8999938964844,442.6400146484375,61371100
2021-09-28 00:00:00+00:00,439.69000244140625,440.0400085449219,432.94000244140625,433.7200012207031,130436300
2021-09-29 00:00:00+00:00,435.19000244140625,437.0400085449219,433.8500061035156,434.45001220703125,82329200
2021-09-30 00:00:00+00:00,436.0199890136719,436.7699890136719,428.7799987792969,429.1400146484375,140506000
2021-10-01 00:00:00+00:00,430.9800109863281,436.0299987792969,427.2300109863281,434.239990234375,129240100
2021-10-04 00:00:00+00:00,433.0,433.9599914550781,426.3599853515625,428.6400146484375,128570000
2021-10-05 00:00:00+00:00,430.239990234375,435.489990234375,429.3900146484375,433.1000061035156,90682500
2021-10-06 00:00:00+00:00,429.2699890136719,435.1199951171875,427.5400085449219,434.8999938964844,113032200
2021-10-07 00:00:00+00:00,438.3900146484375,441.67999267578125,438.20001220703125,438.6600036621094,72437500
2021-10-08 00:00:00+00:00,439.4800109863281,439.8900146484375,437.19000244140625,437.8599853515625,74557400
2021-10-11 00:00:00+00:00,437.1600036621094,440.260009765625,434.6199951171875,434.69000244140625,65233300
2021-10-12 00:00:00+00:00,435.6700134277344,436.1000061035156,432.7799987792969,433.6199951171875,71181200
2021-10-13 00:00:00+00:00,434.7099914550781,436.04998779296875,431.5400085449219,435.17999267578125,72974000
2021-10-14 00:00:00+00:00,439.0799865722656,442.6600036621094,438.5799865722656,442.5,70236800
2021-10-15 00:00:00+00:00,444.75,446.260009765625,444.0899963378906,445.8699951171875,66260200
2021-10-18 00:00:00+00:00,443.9700012207031,447.54998779296875,443.2699890136719,447.19000244140625,62213200
2021-10-19 00:00:00+00:00,448.9200134277344,450.7099914550781,448.2699890136719,450.6400146484375,46996800
2021-10-20 00:00:00+00:00,451.1300048828125,452.7300109863281,451.010009765625,452.4100036621094,49571600
2021-10-21 00:00:00+00:00,451.7699890136719,453.8299865722656,451.30999755859375,453.5899963378906,41305400
2021-10-22 00:00:00+00:00,453.1300048828125,454.6700134277344,451.04998779296875,453.1199951171875,58845100
2021-10-25 00:00:00+00:00,454.2799987792969,455.8999938964844,452.3900146484375,455.54998779296875,45214500
2021-10-26 00:00:00+00:00,457.20001220703125,458.489990234375,455.55999755859375,455.9599914550781,56075100
2021-10-27 00:00:00+00:00,456.45001220703125,457.1600036621094,453.8599853515625,453.94000244140625,72438000
2021-10-28 00:00:00+00:00,455.4599914550781,458.3999938964844,455.45001220703125,458.32000732421875,51437900
2021-10-29 00:00:00+00:00,455.8699951171875,459.55999755859375,455.55999755859375,459.25,70162400
2021-11-01 00:00:00+00:00,460.29998779296875,460.70001220703125,458.20001220703125,460.0400085449219,48433600
2021-11-02 00:00:00+00:00,460.2200012207031,462.2300109863281,460.0799865722656,461.8999938964844,48908400
2021-11-03 00:00:00+00:00,461.29998779296875,465.1499938964844,460.8299865722656,464.7200012207031,52509800
2021-11-04 00:00:00+00:00,465.3599853515625,467.0,464.989990234375,466.9100036621094,52847100
2021-11-05 00:00:00+00:00,469.2799987792969,470.6499938964844,466.9200134277344,468.5299987792969,66390600
2021-11-08 00:00:00+00:00,469.70001220703125,470.2300109863281,468.20001220703125,468.92999267578125,50405200
2021-11-09 00:00:00+00:00,469.32000732421875,469.57000732421875,465.8800048828125,467.3800048828125,51149100
2021-11-10 00:00:00+00:00,465.5799865722656,467.3800048828125,462.0400085449219,463.6199951171875,69429700
2021-11-11 00:00:00+00:00,465.2099914550781,465.2900085449219,463.75,463.7699890136719,34848500
2021-11-12 00:00:00+00:00,465.1199951171875,467.8599853515625,464.1099853515625,467.2699890136719,53466700
2021-11-15 00:00:00+00:00,468.6400146484375,468.80999755859375,466.2300109863281,467.42999267578125,46980500
2021-11-16 00:00:00+00:00,467.1499938964844,470.489990234375,467.07000732421875,469.2799987792969,48857500
2021-11-17 00:00:00+00:00,469.0,469.19000244140625,467.4800109863281,468.1400146484375,47858300
2021-11-18 00:00:00+00:00,469.239990234375,470.010009765625,466.3399963378906,469.7300109863281,50625600
2021-11-19 00:00:00+00:00,469.6099853515625,470.94000244140625,468.5,468.8900146484375,57315600
2021-11-22 00:00:00+00:00,470.8900146484375,473.5400085449219,467.3500061035156,467.57000732421875,72762000
2021-11-23 00:00:00+00:00,467.2200012207031,469.1000061035156,464.45001220703125,468.19000244140625,73206500
2021-11-24 00:00:00+00:00,466.05999755859375,469.57000732421875,465.19000244140625,469.44000244140625,61858800
2021-11-26 00:00:00+00:00,462.3399963378906,463.8999938964844,457.7699890136719,458.9700012207031,112669600
2021-11-29 00:00:00+00:00,464.07000732421875,466.55999755859375,461.7300109863281,464.6000061035156,86268800
2021-11-30 00:00:00+00:00,462.0,464.0299987792969,455.29998779296875,455.55999755859375,148559600
2021-12-01 00:00:00+00:00,461.6400146484375,464.6700134277344,450.2900085449219,450.5,131939200
2021-12-02 00:00:00+00:00,450.7300109863281,459.07000732421875,450.30999755859375,457.3999938964844,127637800
2021-12-03 00:00:00+00:00,459.1700134277344,460.29998779296875,448.9200134277344,453.4200134277344,137331600
2021-12-06 00:00:00+00:00,456.1300048828125,460.7900085449219,453.55999755859375,458.7900085449219,98977500
2021-12-07 00:00:00+00:00,464.4100036621094,468.8800048828125,458.6499938964844,468.2799987792969,95484700
2021-12-08 00:00:00+00:00,468.70001220703125,470.0,466.8299865722656,469.5199890136719,72238800
2021-12-09 00:00:00+00:00,468.1499938964844,469.6300048828125,466.1400146484375,466.3500061035156,61272600
2021-12-10 00:00:00+00:00,469.2300109863281,470.8999938964844,466.510009765625,470.739990234375,77159800
2021-12-13 00:00:00+00:00,470.19000244140625,470.55999755859375,466.2699890136719,466.57000732421875,87724700
2021-12-14 00:00:00+00:00,463.0899963378906,465.739990234375,460.25,463.3599853515625,97264100
2021-12-15 00:00:00+00:00,463.4200134277344,470.8599853515625,460.739990234375,470.6000061035156,116899300
2021-12-16 00:00:00+00:00,472.57000732421875,472.8699951171875,464.79998779296875,466.45001220703125,116568600
2021-12-17 00:00:00+00:00,461.54998779296875,464.739990234375,458.05999755859375,459.8699951171875,135511600
2021-12-20 00:00:00+00:00,454.4800109863281,455.3999938964844,451.1400146484375,454.9800109863281,107134800
2021-12-21 00:00:00+00:00,458.6099853515625,463.2099914550781,456.30999755859375,463.05999755859375,69806300
2021-12-22 00:00:00+00:00,462.7900085449219,467.80999755859375,462.5799865722656,467.69000244140625,58890200
2021-12-23 00:00:00+00:00,468.75,472.19000244140625,468.6400146484375,470.6000061035156,56439700
2021-12-27 00:00:00+00:00,472.05999755859375,477.30999755859375,472.010009765625,477.260009765625,56808600
2021-12-28 00:00:00+00:00,477.7200012207031,478.80999755859375,476.05999755859375,476.8699951171875,47274600
2021-12-29 00:00:00+00:00,476.9800109863281,478.55999755859375,475.9200134277344,477.4800109863281,54503000
2021-12-30 00:00:00+00:00,477.92999267578125,479.0,475.6700134277344,476.1600036621094,55329000
2021-12-31 00:00:00+00:00,475.6400146484375,476.8599853515625,474.6700134277344,474.9599914550781,65237400
2022-01-03 00:00:00+00:00,476.29998779296875,477.8500061035156,473.8500061035156,477.7099914550781,72668200
2022-01-04 00:00:00+00:00,479.2200012207031,479.9800109863281,475.5799865722656,477.54998779296875,71178700
2022-01-05 00:00:00+00:00,477.1600036621094,477.9800109863281,468.2799987792969,468.3800048828125,104538900
2022-01-06 00:00:00+00:00,467.8900146484375,470.82000732421875,465.42999267578125,467.94000244140625,86858900
2022-01-07 00:00:00+00:00,467.95001220703125,469.20001220703125,464.6499938964844,466.0899963378906,85111600
2022-01-10 00:00:00+00:00,462.70001220703125,465.739990234375,456.6000061035156,465.510009765625,119362000
2022-01-11 00:00:00+00:00,465.2300109863281,469.8500061035156,462.04998779296875,469.75,74303100
2022-01-12 00:00:00+00:00,471.5899963378906,473.20001220703125,468.94000244140625,471.0199890136719,67605400
2022-01-13 00:00:00+00:00,472.19000244140625,472.8800048828125,463.44000244140625,464.5299987792969,91173100
2022-01-14 00:00:00+00:00,461.19000244140625,465.0899963378906,459.8999938964844,464.7200012207031,95890900
2022-01-18 00:00:00+00:00,459.739990234375,459.9599914550781,455.30999755859375,456.489990234375,109709100
2022-01-19 00:00:00+00:00,458.1300048828125,459.6099853515625,451.4599914550781,451.75,109357600
2022-01-20 00:00:00+00:00,453.75,458.739990234375,444.5,446.75,122379700
2022-01-21 00:00:00+00:00,445.55999755859375,448.05999755859375,437.95001220703125,437.9800109863281,202271200
2022-01-24 00:00:00+00:00,432.0299987792969,440.3800048828125,420.760009765625,439.8399963378906,251783900
2022-01-25 00:00:00+00:00,433.05999755859375,439.7200012207031,427.1499938964844,434.4700012207031,167997300
2022-01-26 00:00:00+00:00,440.7200012207031,444.0400085449219,428.8599853515625,433.3800048828125,186391100
2022-01-27 00:00:00+00:00,438.260009765625,441.5899963378906,429.45001220703125,431.239990234375,149878300
2022-01-28 00:00:00+00:00,432.67999267578125,442.0,427.82000732421875,441.95001220703125,164457400
2022-01-31 00:00:00+00:00,441.239990234375,450.2799987792969,439.80999755859375,449.9100036621094,152251400
2022-02-01 00:00:00+00:00,450.67999267578125,453.6300048828125,446.94000244140625,452.95001220703125,123155400
2022-02-02 00:00:00+00:00,455.5,458.1199951171875,453.04998779296875,457.3500061035156,117361000
2022-02-03 00:00:00+00:00,450.95001220703125,452.9700012207031,445.7099914550781,446.6000061035156,118024400
2022-02-04 00:00:00+00:00,446.3500061035156,452.7799987792969,443.8299865722656,448.70001220703125,118454400
2022-02-07 00:00:00+00:00,449.510009765625,450.989990234375,445.8500061035156,447.260009765625,84472900
2022-02-08 00:00:00+00:00,446.7300109863281,451.9200134277344,445.2200012207031,450.94000244140625,81012000
2022-02-09 00:00:00+00:00,455.2200012207031,457.8800048828125,455.010009765625,457.5400085449219,92589900
2022-02-10 00:00:00+00:00,451.3399963378906,457.7099914550781,447.20001220703125,449.32000732421875,140103700
2022-02-11 00:00:00+00:00,449.4100036621094,451.6099853515625,438.94000244140625,440.4599914550781,153214600
2022-02-14 00:00:00+00:00,439.9200134277344,441.6000061035156,435.3399963378906,439.0199890136719,123006300
2022-02-15 00:00:00+00:00,443.7300109863281,446.2799987792969,443.17999267578125,446.1000061035156,88482700
2022-02-16 00:00:00+00:00,443.92999267578125,448.05999755859375,441.94000244140625,446.6000061035156,84863600
2022-02-17 00:00:00+00:00,443.2200012207031,446.57000732421875,436.4200134277344,437.05999755859375,102259100
2022-02-18 00:00:00+00:00,437.3299865722656,438.6600036621094,431.82000732421875,434.2300109863281,132642900
2022-02-22 00:00:00+00:00,431.8900146484375,435.5,425.8599853515625,429.57000732421875,124391800
2022-02-23 00:00:00+00:00,432.6600036621094,433.260009765625,421.3500061035156,421.95001220703125,132578000
2022-02-24 00:00:00+00:00,411.0199890136719,428.760009765625,410.6400146484375,428.29998779296875,213942900
2022-02-25 00:00:00+00:00,429.6099853515625,437.8399963378906,427.8599853515625,437.75,121804500
2022-02-28 00:00:00+00:00,432.0299987792969,438.20001220703125,430.70001220703125,436.6300048828125,145615000
2022-03-01 00:00:00+00:00,435.0400085449219,437.1700134277344,427.1099853515625,429.9800109863281,137785900
2022-03-02 00:00:00+00:00,432.3699951171875,439.7200012207031,431.57000732421875,437.8900146484375,117726500
2022-03-03 00:00:00+00:00,440.4700012207031,441.1099853515625,433.79998779296875,435.7099914550781,105501700
2022-03-04 00:00:00+00:00,431.75,433.3699951171875,427.8800048828125,432.1700134277344,113978200
2022-03-07 00:00:00+00:00,431.54998779296875,432.29998779296875,419.3599853515625,419.42999267578125,137896600
2022-03-08 00:00:00+00:00,419.6199951171875,427.2099914550781,415.1199951171875,416.25,164772700
2022-03-09 00:00:00+00:00,425.1400146484375,429.510009765625,422.82000732421875,427.4100036621094,116990800
2022-03-10 00:00:00+00:00,422.5199890136719,426.42999267578125,420.44000244140625,425.4800109863281,93972700
2022-03-11 00:00:00+00:00,428.1199951171875,428.7699890136719,419.5299987792969,420.07000732421875,95636300
2022-03-14 00:00:00+00:00,420.8900146484375,424.54998779296875,415.7900085449219,417.0,95729200
2022-03-15 00:00:00+00:00,419.7699890136719,426.8399963378906,418.4200134277344,426.1700134277344,106219100
2022-03-16 00:00:00+00:00,429.8900146484375,435.67999267578125,424.79998779296875,435.6199951171875,144954800
2022-03-17 00:00:00+00:00,433.5899963378906,441.07000732421875,433.19000244140625,441.07000732421875,102676900
2022-03-18 00:00:00+00:00,438.0,444.8599853515625,437.2200012207031,444.5199890136719,106345500
2022-03-21 00:00:00+00:00,444.3399963378906,446.4599914550781,440.67999267578125,444.3900146484375,88349800
2022-03-22 00:00:00+00:00,445.8599853515625,450.5799865722656,445.8599853515625,449.5899963378906,74650400
2022-03-23 00:00:00+00:00,446.9100036621094,448.489990234375,443.7099914550781,443.79998779296875,79426100
2022-03-24 00:00:00+00:00,445.94000244140625,450.5,444.760009765625,450.489990234375,64736900
2022-03-25 00:00:00+00:00,451.1600036621094,452.9800109863281,448.42999267578125,452.69000244140625,77101300
2022-03-28 00:00:00+00:00,452.05999755859375,455.9100036621094,450.05999755859375,455.9100036621094,68529800
2022-03-29 00:00:00+00:00,460.0199890136719,462.07000732421875,457.17999267578125,461.54998779296875,86581500
2022-03-30 00:00:00+00:00,460.3399963378906,461.20001220703125,456.4700012207031,458.70001220703125,79666900
2022-03-31 00:00:00+00:00,457.8900146484375,458.760009765625,451.1600036621094,451.6400146484375,121699900
2022-04-01 00:00:00+00:00,453.30999755859375,453.4599914550781,449.1400146484375,452.9200134277344,89048800
2022-04-04 00:00:00+00:00,453.1300048828125,456.9100036621094,452.260009765625,456.79998779296875,59601000
2022-04-05 00:00:00+00:00,455.2200012207031,457.8299865722656,449.82000732421875,451.0299987792969,74214500
2022-04-06 00:00:00+00:00,446.8900146484375,448.92999267578125,443.4700012207031,446.5199890136719,106898000
2022-04-07 00:00:00+00:00,445.5899963378906,450.69000244140625,443.5299987792969,448.7699890136719,78097200
2022-04-08 00:00:00+00:00,447.9700012207031,450.6300048828125,445.94000244140625,447.57000732421875,79272700
2022-04-11 00:00:00+00:00,444.1099853515625,445.0,439.3900146484375,439.9200134277344,89770500
2022-04-12 00:00:00+00:00,443.0799865722656,445.75,436.6499938964844,438.2900085449219,84363600
2022-04-13 00:00:00+00:00,438.0299987792969,444.1099853515625,437.8399963378906,443.30999755859375,74070400
2022-04-14 00:00:00+00:00,443.54998779296875,444.7300109863281,437.67999267578125,437.7900085449219,97869500
2022-04-18 00:00:00+00:00,436.80999755859375,439.75,435.6099853515625,437.9700012207031,66002500
2022-04-19 00:00:00+00:00,437.8599853515625,445.79998779296875,437.67999267578125,445.0400085449219,77821000
2022-04-20 00:00:00+00:00,446.9200134277344,447.57000732421875,443.4800109863281,444.7099914550781,65224400
2022-04-21 00:00:00+00:00,448.5400085449219,450.010009765625,437.1000061035156,438.05999755859375,85417300
2022-04-22 00:00:00+00:00,436.9100036621094,438.0799865722656,425.44000244140625,426.0400085449219,132471800
2022-04-25 00:00:00+00:00,423.6700134277344,428.69000244140625,418.8399963378906,428.510009765625,119647700
2022-04-26 00:00:00+00:00,425.8299865722656,426.0400085449219,416.07000732421875,416.1000061035156,103996300
2022-04-27 00:00:00+00:00,417.239990234375,422.9200134277344,415.010009765625,417.2699890136719,122030000
2022-04-28 00:00:00+00:00,422.2900085449219,429.6400146484375,417.6000061035156,427.80999755859375,105449100
2022-04-29 00:00:00+00:00,423.5899963378906,425.8699951171875,411.2099914550781,412.0,145491100
2022-05-02 00:00:00+00:00,412.07000732421875,415.9200134277344,405.0199890136719,414.4800109863281,158312500
2022-05-03 00:00:00+00:00,415.010009765625,418.92999267578125,413.3599853515625,416.3800048828125,100028200
2022-05-04 00:00:00+00:00,417.0799865722656,429.6600036621094,413.7099914550781,429.05999755859375,144247900
2022-05-05 00:00:00+00:00,424.54998779296875,425.0,409.44000244140625,413.80999755859375,172929100
2022-05-06 00:00:00+00:00,411.1000061035156,414.79998779296875,405.7300109863281,411.3399963378906,151770800
2022-05-09 00:00:00+00:00,405.1000061035156,406.4100036621094,396.5,398.1700134277344,155586100
2022-05-10 00:00:00+00:00,404.489990234375,406.0799865722656,394.82000732421875,399.0899963378906,132497200
2022-05-11 00:00:00+00:00,398.07000732421875,404.0400085449219,391.9599914550781,392.75,142361000
2022-05-12 00:00:00+00:00,389.3699951171875,395.79998779296875,385.1499938964844,392.3399963378906,125090800
2022-05-13 00:00:00+00:00,396.7099914550781,403.17999267578125,395.6099853515625,401.7200012207031,104174400
2022-05-16 00:00:00+00:00,399.9800109863281,403.9700012207031,397.6000061035156,400.0899963378906,78622400
2022-05-17 00:00:00+00:00,406.5299987792969,408.57000732421875,402.5799865722656,408.32000732421875,83029700
2022-05-18 00:00:00+00:00,403.5,403.79998779296875,390.54998779296875,391.8599853515625,117674500
2022-05-19 00:00:00+00:00,388.6199951171875,394.1400146484375,387.1099853515625,389.4599914550781,98510700
2022-05-20 00:00:00+00:00,393.25,397.0299987792969,380.5400085449219,389.6300048828125,131432200
2022-05-23 00:00:00+00:00,392.8299865722656,397.7300109863281,390.3800048828125,396.9200134277344,76414900
2022-05-24 00:00:00+00:00,392.55999755859375,395.1499938964844,386.9599914550781,393.8900146484375,91448800
2022-05-25 00:00:00+00:00,392.30999755859375,399.45001220703125,391.8900146484375,397.3699951171875,91472900
2022-05-26 00:00:00+00:00,398.6700134277344,407.0400085449219,398.45001220703125,405.30999755859375,82168300
2022-05-27 00:00:00+00:00,407.9100036621094,415.3800048828125,407.70001220703125,415.260009765625,84768700
2022-05-31 00:00:00+00:00,413.54998779296875,416.4599914550781,410.0299987792969,412.92999267578125,95937000
2022-06-01 00:00:00+00:00,415.1700134277344,416.239990234375,406.92999267578125,409.5899963378906,86585800
2022-06-02 00:00:00+00:00,409.4200134277344,417.44000244140625,407.0400085449219,417.3900146484375,79609600
2022-06-03 00:00:00+00:00,412.3999938964844,414.0400085449219,409.510009765625,410.5400085449219,71874300
2022-06-06 00:00:00+00:00,414.7799987792969,416.6099853515625,410.54998779296875,411.7900085449219,57508900
2022-06-07 00:00:00+00:00,408.1000061035156,416.2200012207031,407.6099853515625,415.739990234375,59272400
2022-06-08 00:00:00+00:00,413.92999267578125,415.82000732421875,410.3800048828125,411.2200012207031,64350000
2022-06-09 00:00:00+00:00,409.3399963378906,411.739990234375,401.44000244140625,401.44000244140625,86289800
2022-06-10 00:00:00+00:00,394.8800048828125,395.7799987792969,389.75,389.79998779296875,132893900
2022-06-13 00:00:00+00:00,379.8500061035156,381.80999755859375,373.29998779296875,375.0,170004900
2022-06-14 00:00:00+00:00,376.8500061035156,377.94000244140625,370.5899963378906,373.8699951171875,104011800
2022-06-15 00:00:00+00:00,377.3599853515625,383.8999938964844,372.1199951171875,379.20001220703125,125666800
2022-06-16 00:00:00+00:00,370.510009765625,370.94000244140625,364.0799865722656,366.6499938964844,134473300
2022-06-17 00:00:00+00:00,365.510009765625,369.3800048828125,362.1700134277344,365.8599853515625,111113900
2022-06-21 00:00:00+00:00,371.8900146484375,376.5299987792969,371.80999755859375,375.07000732421875,76811900
2022-06-22 00:00:00+00:00,370.6199951171875,378.7200012207031,370.17999267578125,374.3900146484375,90059400
2022-06-23 00:00:00+00:00,376.6400146484375,378.8299865722656,372.8900146484375,378.05999755859375,79292100
2022-06-24 00:00:00+00:00,381.3999938964844,390.0899963378906,381.3699951171875,390.0799865722656,98050300
2022-06-27 00:00:00+00:00,391.04998779296875,391.3599853515625,387.44000244140625,388.5899963378906,66009600
2022-06-28 00:00:00+00:00,390.2300109863281,393.1600036621094,380.5299987792969,380.6499938964844,86548900
2022-06-29 00:00:00+00:00,381.2300109863281,382.2699890136719,378.4200134277344,380.3399963378906,65676000
2022-06-30 00:00:00+00:00,376.239990234375,380.6600036621094,372.55999755859375,377.25,112508300
2022-07-01 00:00:00+00:00,376.55999755859375,381.70001220703125,373.79998779296875,381.239990234375,74839700
2022-07-05 00:00:00+00:00,375.8800048828125,381.9800109863281,372.8999938964844,381.9599914550781,81438000
2022-07-06 00:00:00+00:00,382.1099853515625,385.8699951171875,379.6000061035156,383.25,70426200
2022-07-07 00:00:00+00:00,385.1199951171875,389.8299865722656,383.2699890136719,388.989990234375,64525900
2022-07-08 00:00:00+00:00,387.2699890136719,390.6400146484375,385.6600036621094,388.6700134277344,72397800
2022-07-11 00:00:00+00:00,385.8500061035156,386.8699951171875,383.5,384.2300109863281,58366900
2022-07-12 00:00:00+00:00,383.6499938964844,386.1600036621094,378.989990234375,380.8299865722656,62219200
2022-07-13 00:00:00+00:00,375.1000061035156,381.9200134277344,374.6600036621094,378.8299865722656,84224600
2022-07-14 00:00:00+00:00,373.6099853515625,379.04998779296875,371.0400085449219,377.9100036621094,89704800
2022-07-15 00:00:00+00:00,382.54998779296875,385.25,380.5400085449219,385.1300048828125,79060400
2022-07-18 00:00:00+00:00,388.3800048828125,389.0899963378906,380.6600036621094,381.95001220703125,63203600
2022-07-19 00:00:00+00:00,386.0799865722656,392.8699951171875,385.3900146484375,392.2699890136719,78506000
2022-07-20 00:00:00+00:00,392.4700012207031,396.260009765625,391.0299987792969,394.7699890136719,71843800
2022-07-21 00:00:00+00:00,394.1600036621094,398.8399963378906,391.6300048828125,398.7900085449219,64903900
2022-07-22 00:00:00+00:00,398.9200134277344,400.17999267578125,392.75,395.0899963378906,72197300
2022-07-25 00:00:00+00:00,395.75,396.4700012207031,393.2099914550781,395.57000732421875,53631500
2022-07-26 00:00:00+00:00,393.8399963378906,394.05999755859375,389.95001220703125,390.8900146484375,52946400
2022-07-27 00:00:00+00:00,394.3599853515625,402.8800048828125,394.04998779296875,401.0400085449219,82342100
2022-07-28 00:00:00+00:00,401.8900146484375,406.79998779296875,398.1499938964844,406.07000732421875,73966600
2022-07-29 00:00:00+00:00,407.5799865722656,413.0299987792969,406.7699890136719,411.989990234375,87003700
2022-08-01 00:00:00+00:00,409.1499938964844,413.4100036621094,408.3999938964844,410.7699890136719,69997500
2022-08-02 00:00:00+00:00,409.1199951171875,413.0,406.82000732421875,408.05999755859375,63435400
2022-08-03 00:00:00+00:00,410.29998779296875,415.67999267578125,410.0,414.45001220703125,67820600
2022-08-04 00:00:00+00:00,414.3699951171875,415.0899963378906,412.44000244140625,414.1700134277344,45656600
2022-08-05 00:00:00+00:00,409.6600036621094,414.1499938964844,409.6000061035156,413.4700012207031,56814900
2022-08-08 00:00:00+00:00,415.25,417.6199951171875,411.8299865722656,412.989990234375,53886100
2022-08-09 00:00:00+00:00,412.2200012207031,412.75,410.2200012207031,411.3500061035156,44931800
2022-08-10 00:00:00+00:00,418.7799987792969,420.1400146484375,416.7200012207031,419.989990234375,68665700
2022-08-11 00:00:00+00:00,422.989990234375,424.95001220703125,419.2099914550781,419.989990234375,59489700
2022-08-12 00:00:00+00:00,422.0299987792969,427.2099914550781,421.0299987792969,427.1000061035156,61694500
2022-08-15 00:00:00+00:00,424.7699890136719,429.4100036621094,424.7099914550781,428.8599853515625,54048300
2022-08-16 00:00:00+00:00,427.7300109863281,431.7300109863281,426.8800048828125,429.70001220703125,59289000
2022-08-17 00:00:00+00:00,425.9100036621094,429.5,424.5400085449219,426.6499938964844,63563400
2022-08-18 00:00:00+00:00,426.8599853515625,428.6099853515625,425.5,427.8900146484375,49023200
2022-08-19 00:00:00+00:00,424.9800109863281,425.260009765625,421.2200012207031,422.1400146484375,68016900
2022-08-22 00:00:00+00:00,417.04998779296875,417.2300109863281,412.3999938964844,413.3500061035156,77695600
2022-08-23 00:00:00+00:00,412.8999938964844,415.4200134277344,411.7699890136719,412.3500061035156,49105200
2022-08-24 00:00:00+00:00,412.1099853515625,415.1099853515625,411.3900146484375,413.6700134277344,49177800
2022-08-25 00:00:00+00:00,415.239990234375,419.55999755859375,414.0899963378906,419.510009765625,50942300
2022-08-26 00:00:00+00:00,419.3900146484375,419.9599914550781,405.25,405.30999755859375,103087000
2022-08-29 00:00:00+00:00,402.20001220703125,405.8399963378906,401.20001220703125,402.6300048828125,65370800
2022-08-30 00:00:00+00:00,403.8500061035156,404.1000061035156,396.0,398.2099914550781,85652400
2022-08-31 00:00:00+00:00,399.92999267578125,401.239990234375,395.0400085449219,395.17999267578125,76029700
2022-09-01 00:00:00+00:00,392.8900146484375,396.7799987792969,390.0400085449219,396.4200134277344,78740100
2022-09-02 00:00:00+00:00,400.2799987792969,401.55999755859375,390.3299865722656,392.239990234375,99632100
2022-09-06 00:00:00+00:00,393.1300048828125,394.1199951171875,388.4200134277344,390.760009765625,76637400
2022-09-07 00:00:00+00:00,390.42999267578125,398.5899963378906,390.20001220703125,397.7799987792969,70964200
2022-09-08 00:00:00+00:00,395.3900146484375,400.8599853515625,394.1199951171875,400.3800048828125,80821700
2022-09-09 00:00:00+00:00,402.739990234375,407.510009765625,402.4599914550781,406.6000061035156,76706900
2022-09-12 00:00:00+00:00,408.7799987792969,411.7300109863281,408.4599914550781,410.9700012207031,69256300
2022-09-13 00:00:00+00:00,401.8299865722656,403.1000061035156,391.9200134277344,393.1000061035156,122947100
2022-09-14 00:00:00+00:00,394.4700012207031,396.20001220703125,391.1199951171875,394.6000061035156,85023700
2022-09-15 00:00:00+00:00,392.9599914550781,395.9599914550781,388.7799987792969,390.1199951171875,87633800
2022-09-16 00:00:00+00:00,384.1400146484375,386.25,382.1099853515625,385.55999755859375,103084800
2022-09-19 00:00:00+00:00,382.260009765625,388.54998779296875,382.17999267578125,388.54998779296875,73278500
2022-09-20 00:00:00+00:00,385.05999755859375,386.1199951171875,381.20001220703125,384.0899963378906,77274900
2022-09-21 00:00:00+00:00,386.1099853515625,389.30999755859375,377.3800048828125,377.3900146484375,106746600
2022-09-22 00:00:00+00:00,376.5799865722656,378.29998779296875,373.44000244140625,374.2200012207031,89472600
2022-09-23 00:00:00+00:00,370.5799865722656,370.6199951171875,363.2900085449219,367.95001220703125,122346900
2022-09-26 00:00:00+00:00,366.4100036621094,370.2099914550781,363.0299987792969,364.30999755859375,92581200
2022-09-27 00:00:00+00:00,368.0199890136719,370.3999938964844,360.8699951171875,363.3800048828125,108294100
2022-09-28 00:00:00+00:00,364.3800048828125,372.29998779296875,362.6000061035156,370.5299987792969,110802200
2022-09-29 00:00:00+00:00,366.80999755859375,367.1099853515625,359.70001220703125,362.7900085449219,112952300
2022-09-30 00:00:00+00:00,361.79998779296875,365.9100036621094,357.0400085449219,357.17999267578125,153711200
2022-10-03 00:00:00+00:00,361.0799865722656,368.54998779296875,359.2099914550781,366.6099853515625,89756500
2022-10-04 00:00:00+00:00,372.3999938964844,378.0,366.57000732421875,377.9700012207031,103602800
2022-10-05 00:00:00+00:00,373.3900146484375,379.4599914550781,370.95001220703125,377.0899963378906,88065700
2022-10-06 00:00:00+00:00,375.6199951171875,378.7200012207031,372.67999267578125,373.20001220703125,82333500
2022-10-07 00:00:00+00:00,368.9700012207031,373.2900085449219,360.94000244140625,362.7900085449219,107789500
2022-10-10 00:00:00+00:00,363.9599914550781,364.2099914550781,357.6700134277344,360.0199890136719,76042800
2022-10-11 00:00:00+00:00,358.239990234375,363.0299987792969,355.7099914550781,357.739990234375,92482800
2022-10-12 00:00:00+00:00,358.1700134277344,359.82000732421875,356.29998779296875,356.55999755859375,76991800
2022-10-13 00:00:00+00:00,349.2099914550781,367.510009765625,348.1099853515625,365.9700012207031,147254500
2022-10-14 00:00:00+00:00,368.54998779296875,370.260009765625,356.9599914550781,357.6300048828125,123737000
2022-10-17 00:00:00+00:00,364.010009765625,367.9800109863281,357.2799987792969,366.82000732421875,93168200
2022-10-18 00:00:00+00:00,375.1300048828125,375.45001220703125,367.5199890136719,371.1300048828125,97162900
2022-10-19 00:00:00+00:00,368.989990234375,371.8500061035156,365.54998779296875,368.5,79746900
2022-10-20 00:00:00+00:00,368.0299987792969,372.6700134277344,364.6099853515625,365.4100036621094,88283100
2022-10-21 00:00:00+00:00,365.1199951171875,374.79998779296875,363.5400085449219,374.2900085449219,131038400
2022-10-24 00:00:00+00:00,375.8900146484375,380.05999755859375,373.1099853515625,378.8699951171875,85436900
2022-10-25 00:00:00+00:00,378.7900085449219,385.25,378.6700134277344,384.9200134277344,78846300
2022-10-26 00:00:00+00:00,381.6199951171875,387.5799865722656,381.3500061035156,382.0199890136719,104087300
2022-10-27 00:00:00+00:00,383.07000732421875,385.0,379.3299865722656,379.9800109863281,81971800
2022-10-28 00:00:00+00:00,379.8699951171875,389.5199890136719,379.67999267578125,389.0199890136719,100302000
2022-10-31 00:00:00+00:00,386.44000244140625,388.3999938964844,385.260009765625,386.2099914550781,96631300
2022-11-01 00:00:00+00:00,390.1400146484375,390.3900146484375,383.2900085449219,384.5199890136719,85407600
2022-11-02 00:00:00+00:00,383.8999938964844,388.6300048828125,374.760009765625,374.8699951171875,126990400
2022-11-03 00:00:00+00:00,371.4700012207031,374.20001220703125,368.7900085449219,371.010009765625,87100100
2022-11-04 00:00:00+00:00,377.0,378.8699951171875,370.0,376.3500061035156,103505200
2022-11-07 00:00:00+00:00,377.7099914550781,380.57000732421875,375.5299987792969,379.95001220703125,68286900
2022-11-08 00:00:00+00:00,381.1099853515625,385.1199951171875,377.7200012207031,382.0,84641100
2022-11-09 00:00:00+00:00,379.92999267578125,381.1400146484375,373.6099853515625,374.1300048828125,78495500
2022-11-10 00:00:00+00:00,388.04998779296875,395.0400085449219,385.6400146484375,394.69000244140625,141455800
2022-11-11 00:00:00+00:00,395.5899963378906,399.3500061035156,393.6099853515625,398.510009765625,93839900
2022-11-14 00:00:00+00:00,396.6600036621094,400.17999267578125,394.8299865722656,395.1199951171875,71903500
2022-11-15 00:00:00+00:00,401.1499938964844,402.30999755859375,394.489990234375,398.489990234375,93194500
2022-11-16 00:00:00+00:00,396.7799987792969,397.7799987792969,394.7900085449219,395.45001220703125,68508500
2022-11-17 00:00:00+00:00,390.4599914550781,394.95001220703125,390.1400146484375,394.239990234375,74496300
2022-11-18 00:00:00+00:00,397.739990234375,397.80999755859375,393.0400085449219,396.0299987792969,92922500
2022-11-21 00:00:00+00:00,394.6400146484375,395.82000732421875,392.6600036621094,394.5899963378906,51243200
2022-11-22 00:00:00+00:00,396.6300048828125,400.07000732421875,395.1499938964844,399.8999938964844,60429000
2022-11-23 00:00:00+00:00,399.54998779296875,402.92999267578125,399.30999755859375,402.4200134277344,68261600
2022-11-25 00:00:00+00:00,401.8299865722656,402.9100036621094,401.5400085449219,402.3299865722656,30545400
2022-11-28 00:00:00+00:00,399.0899963378906,400.80999755859375,395.1099853515625,395.9100036621094,67881600
2022-11-29 00:00:00+00:00,396.04998779296875,397.29998779296875,393.29998779296875,395.2300109863281,52310000
2022-11-30 00:00:00+00:00,395.489990234375,407.67999267578125,393.4800109863281,407.67999267578125,144566700
2022-12-01 00:00:00+00:00,408.7699890136719,410.0,404.75,407.3800048828125,76398200
2022-12-02 00:00:00+00:00,402.25,407.8599853515625,402.1400146484375,406.9100036621094,85342700
2022-12-05 00:00:00+00:00,403.95001220703125,404.92999267578125,398.1700134277344,399.5899963378906,77289800
2022-12-06 00:00:00+00:00,399.4200134277344,399.989990234375,391.6400146484375,393.8299865722656,77972200
2022-12-07 00:00:00+00:00,392.94000244140625,395.6400146484375,391.9700012207031,393.1600036621094,65927900
2022-12-08 00:00:00+00:00,395.1400146484375,397.3599853515625,393.2699890136719,396.239990234375,60737900
2022-12-09 00:00:00+00:00,394.94000244140625,397.6199951171875,393.1499938964844,393.2799987792969,81447700
2022-12-12 00:00:00+00:00,394.1099853515625,398.95001220703125,393.4100036621094,398.95001220703125,75405800
2022-12-13 00:00:00+00:00,410.2200012207031,410.489990234375,399.07000732421875,401.9700012207031,123782500
2022-12-14 00:00:00+00:00,401.6099853515625,405.5,396.30999755859375,399.3999938964844,108111300
2022-12-15 00:00:00+00:00,394.29998779296875,395.25,387.8900146484375,389.6300048828125,117705900
2022-12-16 00:00:00+00:00,385.17999267578125,386.5799865722656,381.0400085449219,383.2699890136719,119858000
2022-12-19 00:00:00+00:00,383.4700012207031,383.82000732421875,378.2799987792969,380.0199890136719,79878100
2022-12-20 00:00:00+00:00,379.2300109863281,382.2300109863281,377.8500061035156,380.5400085449219,74427200
2022-12-21 00:00:00+00:00,383.25,387.4100036621094,382.69000244140625,386.2300109863281,78167400
2022-12-22 00:00:00+00:00,383.04998779296875,386.2099914550781,374.7699890136719,380.7200012207031,100120900
2022-12-23 00:00:00+00:00,379.6499938964844,383.05999755859375,378.0299987792969,382.9100036621094,59857300
2022-12-27 00:00:00+00:00,382.7900085449219,383.1499938964844,379.6499938964844,381.3999938964844,51638200
2022-12-28 00:00:00+00:00,381.3299865722656,383.3900146484375,376.4200134277344,376.6600036621094,70911500
2022-12-29 00:00:00+00:00,379.6300048828125,384.3500061035156,379.0799865722656,383.44000244140625,66970900
2022-12-30 00:00:00+00:00,380.6400146484375,382.5799865722656,378.42999267578125,382.42999267578125,84022200
2023-01-03 00:00:00+00:00,384.3699951171875,386.42999267578125,377.8299865722656,380.82000732421875,74850700
2023-01-04 00:00:00+00:00,383.17999267578125,385.8800048828125,380.0,383.760009765625,85934100
2023-01-05 00:00:00+00:00,381.7200012207031,381.8399963378906,378.760009765625,379.3800048828125,76970500
2023-01-06 00:00:00+00:00,382.6099853515625,389.25,379.4100036621094,388.0799865722656,104189600
2023-01-09 00:00:00+00:00,390.3699951171875,393.70001220703125,387.6700134277344,387.8599853515625,73978100
2023-01-10 00:00:00+00:00,387.25,390.6499938964844,386.2699890136719,390.5799865722656,65358100
2023-01-11 00:00:00+00:00,392.2300109863281,395.6000061035156,391.3800048828125,395.5199890136719,68881100
2023-01-12 00:00:00+00:00,396.6700134277344,398.489990234375,392.4200134277344,396.9599914550781,90157700
2023-01-13 00:00:00+00:00,393.6199951171875,399.1000061035156,393.3399963378906,398.5,63903900
2023-01-17 00:00:00+00:00,398.4800109863281,400.2300109863281,397.05999755859375,397.7699890136719,62677300
2023-01-18 00:00:00+00:00,399.010009765625,400.1199951171875,391.2799987792969,391.489990234375,99632300
2023-01-19 00:00:00+00:00,389.3599853515625,391.0799865722656,387.260009765625,388.6400146484375,86958900
2023-01-20 00:00:00+00:00,390.1000061035156,396.0400085449219,388.3800048828125,395.8800048828125,91806400
2023-01-23 00:00:00+00:00,396.7200012207031,402.6499938964844,395.7200012207031,400.6300048828125,84178800
2023-01-24 00:00:00+00:00,398.8800048828125,401.1499938964844,397.6400146484375,400.20001220703125,59524900
2023-01-25 00:00:00+00:00,395.95001220703125,400.70001220703125,393.55999755859375,400.3500061035156,84800300
2023-01-26 00:00:00+00:00,403.1300048828125,404.9200134277344,400.0299987792969,404.75,72287400
2023-01-27 00:00:00+00:00,403.6600036621094,408.1600036621094,403.44000244140625,405.67999267578125,68346200
2023-01-30 00:00:00+00:00,402.79998779296875,405.1300048828125,400.2799987792969,400.5899963378906,74202000
2023-01-31 00:00:00+00:00,401.1300048828125,406.5299987792969,400.7699890136719,406.4800109863281,86811800
2023-02-01 00:00:00+00:00,405.2099914550781,413.6700134277344,402.3500061035156,410.79998779296875,101459200
2023-02-02 00:00:00+00:00,414.8599853515625,418.30999755859375,412.8800048828125,416.7799987792969,101654500
2023-02-03 00:00:00+00:00,411.5899963378906,416.9700012207031,411.0899963378906,412.3500061035156,94736800
2023-02-06 00:00:00+00:00,409.7900085449219,411.2900085449219,408.1000061035156,409.8299865722656,60295300
2023-02-07 00:00:00+00:00,408.8699951171875,416.489990234375,407.57000732421875,415.19000244140625,90990700
2023-02-08 00:00:00+00:00,413.1300048828125,414.5299987792969,409.92999267578125,410.6499938964844,76227500
2023-02-09 00:00:00+00:00,414.4100036621094,414.57000732421875,405.80999755859375,407.0899963378906,78694900
2023-02-10 00:00:00+00:00,405.8599853515625,408.44000244140625,405.010009765625,408.0400085449219,70769700
2023-02-13 00:00:00+00:00,408.7200012207031,412.9700012207031,408.239990234375,412.8299865722656,64913500
2023-02-14 00:00:00+00:00,411.239990234375,415.04998779296875,408.510009765625,412.6400146484375,88389300
2023-02-15 00:00:00+00:00,410.3500061035156,414.05999755859375,409.4700012207031,413.9800109863281,61555700
2023-02-16 00:00:00+00:00,408.7900085449219,412.9100036621094,408.1400146484375,408.2799987792969,76431500
2023-02-17 00:00:00+00:00,406.05999755859375,407.510009765625,404.04998779296875,407.260009765625,89257800
2023-02-21 00:00:00+00:00,403.05999755859375,404.1600036621094,398.82000732421875,399.0899963378906,82655900
2023-02-22 00:00:00+00:00,399.5199890136719,401.1300048828125,397.0199890136719,398.5400085449219,83742300
2023-02-23 00:00:00+00:00,401.55999755859375,402.20001220703125,396.25,400.6600036621094,96242400
2023-02-24 00:00:00+00:00,395.4200134277344,397.25,393.6400146484375,396.3800048828125,108194400
2023-02-27 00:00:00+00:00,399.8699951171875,401.2900085449219,396.75,397.7300109863281,80444700
2023-02-28 00:00:00+00:00,397.2300109863281,399.2799987792969,396.1499938964844,396.260009765625,96438600
2023-03-01 00:00:00+00:00,395.4100036621094,396.69000244140625,393.3800048828125,394.739990234375,99706800
2023-03-02 00:00:00+00:00,392.67999267578125,398.69000244140625,392.3299865722656,397.80999755859375,85127800
2023-03-03 00:00:00+00:00,399.7099914550781,404.45001220703125,399.0299987792969,404.19000244140625,90120000
2023-03-06 00:00:00+00:00,405.04998779296875,407.45001220703125,404.010009765625,404.4700012207031,72795900
2023-03-07 00:00:00+00:00,404.4200134277344,404.6700134277344,397.6300048828125,398.2699890136719,108310600
2023-03-08 00:00:00+00:00,398.3900146484375,399.7099914550781,396.5899963378906,398.9200134277344,74746600
2023-03-09 00:00:00+00:00,399.739990234375,401.4800109863281,390.5299987792969,391.55999755859375,111945300
2023-03-10 00:00:00+00:00,390.989990234375,393.1600036621094,384.32000732421875,385.9100036621094,189253000
2023-03-13 00:00:00+00:00,381.80999755859375,390.3900146484375,380.6499938964844,385.3599853515625,157790000
2023-03-14 00:00:00+00:00,390.5,393.45001220703125,387.04998779296875,391.7300109863281,149752400
2023-03-15 00:00:00+00:00,385.8900146484375,389.489990234375,383.7099914550781,389.2799987792969,172996900
2023-03-16 00:00:00+00:00,386.82000732421875,396.4700012207031,386.2900085449219,396.1099853515625,143254200
2023-03-17 00:00:00+00:00,393.2200012207031,394.3999938964844,388.54998779296875,389.989990234375,140553400
2023-03-20 00:00:00+00:00,390.79998779296875,394.1700134277344,390.07000732421875,393.739990234375,93055800
2023-03-21 00:00:00+00:00,397.239990234375,399.4100036621094,395.5799865722656,398.9100036621094,91524200
2023-03-22 00:00:00+00:00,398.7300109863281,402.489990234375,392.07000732421875,392.1099853515625,111746600
2023-03-23 00:00:00+00:00,395.0899963378906,399.2900085449219,390.3500061035156,393.1700134277344,119351300
2023-03-24 00:00:00+00:00,391.8399963378906,395.8399963378906,389.3999938964844,395.75,107682400
2023-03-27 00:00:00+00:00,398.1199951171875,398.9200134277344,395.55999755859375,396.489990234375,74010400
2023-03-28 00:00:00+00:00,395.7699890136719,396.489990234375,393.69000244140625,395.6000061035156,62871700
2023-03-29 00:00:00+00:00,399.92999267578125,401.6000061035156,398.67999267578125,401.3500061035156,77497900
2023-03-30 00:00:00+00:00,404.0899963378906,404.3500061035156,401.760009765625,403.70001220703125,69840000
2023-03-31 00:00:00+00:00,404.6600036621094,409.70001220703125,404.54998779296875,409.3900146484375,112062600
2023-04-03 00:00:00+00:00,408.8500061035156,411.3699951171875,408.44000244140625,410.95001220703125,67391100
2023-04-04 00:00:00+00:00,411.6199951171875,411.9200134277344,407.239990234375,408.6700134277344,66601500
2023-04-05 00:00:00+00:00,407.9100036621094,408.70001220703125,405.8800048828125,407.6000061035156,65200200
2023-04-06 00:00:00+00:00,406.7699890136719,409.4800109863281,405.67999267578125,409.19000244140625,63743300
2023-04-10 00:00:00+00:00,406.6099853515625,409.69000244140625,405.9700012207031,409.6099853515625,63681000
2023-04-11 00:00:00+00:00,410.260009765625,411.17999267578125,408.9200134277344,409.7200012207031,59297900
2023-04-12 00:00:00+00:00,411.8699951171875,412.1700134277344,407.44000244140625,408.04998779296875,86420400
2023-04-13 00:00:00+00:00,409.17999267578125,413.8399963378906,407.989990234375,413.4700012207031,85814800
2023-04-14 00:00:00+00:00,412.80999755859375,415.0899963378906,410.05999755859375,412.4599914550781,78161500
2023-04-17 00:00:00+00:00,412.3699951171875,413.9599914550781,411.0899963378906,413.94000244140625,66436400
2023-04-18 00:00:00+00:00,415.5799865722656,415.7200012207031,412.7799987792969,414.2099914550781,63560000
2023-04-19 00:00:00+00:00,412.2200012207031,415.0799865722656,412.1600036621094,414.1400146484375,55227300
2023-04-20 00:00:00+00:00,411.2099914550781,413.70001220703125,410.2699890136719,411.8800048828125,75840400
2023-04-21 00:00:00+00:00,412.19000244140625,412.67999267578125,410.1700134277344,412.20001220703125,73457400
2023-04-24 00:00:00+00:00,411.989990234375,413.07000732421875,410.6000061035156,412.6300048828125,64332100
2023-04-25 00:00:00+00:00,410.5799865722656,411.1600036621094,406.0199890136719,406.0799865722656,97766700
2023-04-26 00:00:00+00:00,406.7200012207031,407.8399963378906,403.7799987792969,404.3599853515625,80447000
2023-04-27 00:00:00+00:00,407.0,412.69000244140625,406.739990234375,412.4100036621094,92968400
2023-04-28 00:00:00+00:00,411.489990234375,415.94000244140625,411.42999267578125,415.92999267578125,89433100
2023-05-01 00:00:00+00:00,415.4700012207031,417.6199951171875,415.2699890136719,415.510009765625,62122300
2023-05-02 00:00:00+00:00,414.7699890136719,414.82000732421875,407.82000732421875,410.8399963378906,103998500
2023-05-03 00:00:00+00:00,411.3599853515625,413.8699951171875,407.7699890136719,408.0199890136719,91531800
2023-05-04 00:00:00+00:00,406.92999267578125,407.2699890136719,403.739990234375,405.1300048828125,94901900
2023-05-05 00:00:00+00:00,408.9100036621094,413.7200012207031,408.6400146484375,412.6300048828125,87891800
2023-05-08 00:00:00+00:00,412.9700012207031,413.239990234375,411.2799987792969,412.739990234375,50046800
2023-05-09 00:00:00+00:00,411.1300048828125,412.0899963378906,410.69000244140625,410.92999267578125,49220100
2023-05-10 00:00:00+00:00,413.8800048828125,414.5400085449219,408.8699951171875,412.8500061035156,96142900
2023-05-11 00:00:00+00:00,411.95001220703125,412.42999267578125,409.9700012207031,412.1300048828125,70157100
2023-05-12 00:00:00+00:00,413.4200134277344,413.6400146484375,409.07000732421875,411.5899963378906,70481500
2023-05-15 00:00:00+00:00,412.2200012207031,413.42999267578125,410.2300109863281,413.010009765625,54289400
2023-05-16 00:00:00+00:00,411.8599853515625,412.82000732421875,410.239990234375,410.25,57705500
2023-05-17 00:00:00+00:00,412.3500061035156,415.8599853515625,410.6400146484375,415.2300109863281,87287000
2023-05-18 00:00:00+00:00,414.8999938964844,419.6700134277344,414.6700134277344,419.2300109863281,97177200
2023-05-19 00:00:00+00:00,420.1700134277344,420.7200012207031,417.3500061035156,418.6199951171875,103793300
2023-05-22 00:00:00+00:00,418.6400146484375,420.3900146484375,417.3500061035156,418.7900085449219,60745400
2023-05-23 00:00:00+00:00,417.0799865722656,418.7200012207031,413.67999267578125,414.0899963378906,86383500
2023-05-24 00:00:00+00:00,412.4200134277344,412.82000732421875,409.8800048828125,411.0899963378906,89213700
2023-05-25 00:00:00+00:00,414.739990234375,416.1600036621094,412.4100036621094,414.6499938964844,90961600
2023-05-26 00:00:00+00:00,415.3299865722656,420.7699890136719,415.25,420.0199890136719,93830000
2023-05-30 00:00:00+00:00,422.0299987792969,422.5799865722656,418.739990234375,420.17999267578125,72216000
2023-05-31 00:00:00+00:00,418.2799987792969,419.2200012207031,416.2200012207031,417.8500061035156,110811800
2023-06-01 00:00:00+00:00,418.0899963378906,422.9200134277344,416.7900085449219,421.82000732421875,88865000
2023-06-02 00:00:00+00:00,424.5,428.739990234375,423.95001220703125,427.9200134277344,91426200
2023-06-05 00:00:00+00:00,428.2799987792969,429.6199951171875,426.3699951171875,427.1000061035156,65460200
2023-06-06 00:00:00+00:00,426.6700134277344,428.5799865722656,425.989990234375,428.0299987792969,64022200
2023-06-07 00:00:00+00:00,428.44000244140625,429.6199951171875,426.1099853515625,426.54998779296875,85373300
2023-06-08 00:00:00+00:00,426.6199951171875,429.6000061035156,425.82000732421875,429.1300048828125,61952800
2023-06-09 00:00:00+00:00,429.9599914550781,431.989990234375,428.8699951171875,429.8999938964844,85742800
2023-06-12 00:00:00+00:00,430.9200134277344,433.8800048828125,430.1700134277344,433.79998779296875,76104300
2023-06-13 00:00:00+00:00,435.32000732421875,437.3299865722656,434.6300048828125,436.6600036621094,95899700
2023-06-14 00:00:00+00:00,437.010009765625,439.05999755859375,433.5899963378906,437.17999267578125,100612100
2023-06-15 00:00:00+00:00,436.3299865722656,443.8999938964844,436.2300109863281,442.6000061035156,110303100
2023-06-16 00:00:00+00:00,443.0199890136719,443.6099853515625,438.9700012207031,439.4599914550781,114165800
2023-06-20 00:00:00+00:00,437.45001220703125,438.3699951171875,435.0299987792969,437.17999267578125,76160400
2023-06-21 00:00:00+00:00,436.1600036621094,436.989990234375,434.3299865722656,434.94000244140625,76982300
2023-06-22 00:00:00+00:00,433.95001220703125,436.6199951171875,433.6000061035156,436.510009765625,70637200
2023-06-23 00:00:00+00:00,432.92999267578125,435.05999755859375,432.4700012207031,433.2099914550781,92074500
2023-06-26 00:00:00+00:00,432.6199951171875,434.6099853515625,431.19000244140625,431.44000244140625,72823600
2023-06-27 00:00:00+00:00,432.3500061035156,436.80999755859375,431.8800048828125,436.1700134277344,72813700
2023-06-28 00:00:00+00:00,435.04998779296875,437.44000244140625,434.4100036621094,436.3900146484375,75636000
2023-06-29 00:00:00+00:00,435.9599914550781,438.2799987792969,435.5400085449219,438.1099853515625,67882300
2023-06-30 00:00:00+00:00,441.44000244140625,444.29998779296875,441.1099853515625,443.2799987792969,104964000
2023-07-03 00:00:00+00:00,442.9200134277344,444.0799865722656,442.6300048828125,443.7900085449219,32793400
2023-07-05 00:00:00+00:00,441.9100036621094,443.8900146484375,441.8999938964844,443.1300048828125,58418400
2023-07-06 00:00:00+00:00,439.4200134277344,440.1000061035156,437.05999755859375,439.6600036621094,80658300
2023-07-07 00:00:00+00:00,438.6300048828125,442.6400146484375,438.29998779296875,438.54998779296875,86134200
2023-07-10 00:00:00+00:00,438.17999267578125,439.8399963378906,437.5899963378906,439.6600036621094,62443500
2023-07-11 00:00:00+00:00,440.45001220703125,442.9700012207031,439.44000244140625,442.4599914550781,64463800
2023-07-12 00:00:00+00:00,446.3900146484375,447.4800109863281,444.9100036621094,446.0199890136719,91924500
2023-07-13 00:00:00+00:00,447.8999938964844,450.3800048828125,447.45001220703125,449.55999755859375,72425200
2023-07-14 00:00:00+00:00,450.4800109863281,451.3599853515625,448.489990234375,449.2799987792969,69815800
2023-07-17 00:00:00+00:00,449.1300048828125,451.92999267578125,449.0799865722656,450.8399963378906,52680200
2023-07-18 00:00:00+00:00,450.5,454.8599853515625,450.04998779296875,454.19000244140625,80668200
2023-07-19 00:00:00+00:00,455.010009765625,456.42999267578125,454.1099853515625,455.20001220703125,65891700
2023-07-20 00:00:00+00:00,454.1700134277344,455.1000061035156,451.44000244140625,452.17999267578125,70591600
2023-07-21 00:00:00+00:00,453.9599914550781,454.1700134277344,452.1700134277344,452.17999267578125,71275600
2023-07-24 00:00:00+00:00,453.3699951171875,455.0400085449219,452.29998779296875,454.20001220703125,54023400
2023-07-25 00:00:00+00:00,453.9200134277344,456.739990234375,453.8699951171875,455.44000244140625,55191200
2023-07-26 00:00:00+00:00,454.4700012207031,456.989990234375,453.3800048828125,455.510009765625,71052900
2023-07-27 00:00:00+00:00,459.0199890136719,459.44000244140625,451.54998779296875,452.489990234375,92194400
2023-07-28 00:00:00+00:00,455.8800048828125,457.7799987792969,452.489990234375,456.9200134277344,80011800
2023-07-31 00:00:00+00:00,457.4100036621094,458.1600036621094,456.04998779296875,457.7900085449219,62040400
2023-08-01 00:00:00+00:00,456.2699890136719,457.25,455.489990234375,456.4800109863281,55291500
2023-08-02 00:00:00+00:00,453.25,453.5199890136719,449.3500061035156,450.1300048828125,93933400
2023-08-03 00:00:00+00:00,448.0400085449219,450.7900085449219,447.3699951171875,448.8399963378906,64276100
2023-08-04 00:00:00+00:00,450.7200012207031,452.8999938964844,446.2699890136719,446.80999755859375,100128900
2023-08-07 00:00:00+00:00,448.7099914550781,450.8699951171875,447.989990234375,450.7099914550781,58357500
2023-08-08 00:00:00+00:00,448.0799865722656,450.70001220703125,445.2699890136719,448.75,71361300
2023-08-09 00:00:00+00:00,449.0299987792969,449.20001220703125,444.9599914550781,445.75,78789600
2023-08-10 00:00:00+00:00,448.19000244140625,451.70001220703125,444.70001220703125,445.9100036621094,93005500
2023-08-11 00:00:00+00:00,443.9700012207031,446.70001220703125,443.3500061035156,445.6499938964844,68690900
2023-08-14 00:00:00+00:00,444.70001220703125,448.1099853515625,444.3800048828125,448.1099853515625,47867400
2023-08-15 00:00:00+00:00,446.2699890136719,446.6400146484375,442.29998779296875,442.8900146484375,75707500
2023-08-16 00:00:00+00:00,442.4599914550781,444.17999267578125,439.5299987792969,439.6400146484375,80107200
2023-08-17 00:00:00+00:00,441.1600036621094,441.42999267578125,435.75,436.2900085449219,95711300
2023-08-18 00:00:00+00:00,433.3699951171875,437.57000732421875,433.010009765625,436.5,98852000
2023-08-21 00:00:00+00:00,437.54998779296875,440.1099853515625,435.32000732421875,439.3399963378906,68719000
2023-08-22 00:00:00+00:00,441.17999267578125,441.17999267578125,437.57000732421875,438.1499938964844,64994200
2023-08-23 00:00:00+00:00,439.25,443.6700134277344,439.1000061035156,443.0299987792969,68441000
2023-08-24 00:00:00+00:00,444.69000244140625,445.2200012207031,436.8599853515625,436.8900146484375,88517300
2023-08-25 00:00:00+00:00,438.67999267578125,441.29998779296875,435.0,439.9700012207031,102325100
2023-08-28 00:00:00+00:00,442.239990234375,443.3999938964844,439.9700012207031,442.760009765625,61595400
2023-08-29 00:00:00+00:00,442.6499938964844,449.45001220703125,442.4599914550781,449.1600036621094,83081900
2023-08-30 00:00:00+00:00,449.510009765625,451.6700134277344,448.7799987792969,451.010009765625,69053900
2023-08-31 00:00:00+00:00,451.6499938964844,452.8299865722656,450.1600036621094,450.3500061035156,66084600
2023-09-01 00:00:00+00:00,453.1700134277344,453.6700134277344,449.67999267578125,451.19000244140625,58944100
2023-09-05 00:00:00+00:00,450.7300109863281,451.05999755859375,449.1700134277344,449.239990234375,55166200
2023-09-06 00:00:00+00:00,448.3999938964844,448.510009765625,443.80999755859375,446.2200012207031,70758500
2023-09-07 00:00:00+00:00,443.1099853515625,445.54998779296875,442.75,444.8500061035156,70355400
2023-09-08 00:00:00+00:00,444.8999938964844,447.1099853515625,444.5299987792969,445.5199890136719,61659700
2023-09-11 00:00:00+00:00,448.239990234375,448.7699890136719,446.4700012207031,448.45001220703125,60180100
2023-09-12 00:00:00+00:00,446.95001220703125,448.5299987792969,445.3900146484375,445.989990234375,67565400
2023-09-13 00:00:00+00:00,446.2200012207031,447.7099914550781,445.0799865722656,446.510009765625,60199300
2023-09-14 00:00:00+00:00,449.07000732421875,451.0799865722656,447.7200012207031,450.3599853515625,83430800
2023-09-15 00:00:00+00:00,447.1400146484375,447.4800109863281,442.9200134277344,443.3699951171875,111848900
2023-09-18 00:00:00+00:00,443.04998779296875,444.9700012207031,442.55999755859375,443.6300048828125,55752200
2023-09-19 00:00:00+00:00,442.67999267578125,443.2900085449219,439.94000244140625,442.7099914550781,66514600
2023-09-20 00:00:00+00:00,444.010009765625,444.44000244140625,438.42999267578125,438.6400146484375,82562600
2023-09-21 00:00:00+00:00,435.70001220703125,435.9700012207031,431.2300109863281,431.3900146484375,104095800
2023-09-22 00:00:00+00:00,432.45001220703125,434.1000061035156,429.989990234375,430.4200134277344,100829700
2023-09-25 00:00:00+00:00,429.1700134277344,432.2699890136719,428.7200012207031,432.2300109863281,70874500
2023-09-26 00:00:00+00:00,429.0899963378906,429.82000732421875,425.0199890136719,425.8800048828125,96168400
2023-09-27 00:00:00+00:00,427.0899963378906,427.6700134277344,422.2900085449219,426.04998779296875,104705800
2023-09-28 00:00:00+00:00,425.4800109863281,430.25,424.8699951171875,428.5199890136719,92258300
2023-09-29 00:00:00+00:00,431.6700134277344,431.8500061035156,425.9100036621094,427.4800109863281,115111300
2023-10-02 00:00:00+00:00,426.6199951171875,428.6000061035156,424.4599914550781,427.30999755859375,83798600
2023-10-03 00:00:00+00:00,425.05999755859375,427.3699951171875,420.17999267578125,421.5899963378906,103760600
2023-10-04 00:00:00+00:00,422.07000732421875,425.42999267578125,420.55999755859375,424.6600036621094,87453000
2023-10-05 00:00:00+00:00,424.3599853515625,425.3699951171875,421.1700134277344,424.5,70142700
2023-10-06 00:00:00+00:00,421.9700012207031,431.1300048828125,420.6000061035156,429.5400085449219,113273300
2023-10-09 00:00:00+00:00,427.5799865722656,432.8800048828125,427.010009765625,432.2900085449219,80374400
2023-10-10 00:00:00+00:00,432.94000244140625,437.2200012207031,432.5299987792969,434.5400085449219,78607300
2023-10-11 00:00:00+00:00,435.6400146484375,436.5799865722656,433.17999267578125,436.32000732421875,62451700
2023-10-12 00:00:00+00:00,436.95001220703125,437.3399963378906,431.2300109863281,433.6600036621094,81154200
2023-10-13 00:00:00+00:00,435.2099914550781,436.45001220703125,429.8800048828125,431.5,95143100
2023-10-16 00:00:00+00:00,433.82000732421875,437.1400146484375,433.57000732421875,436.0400085449219,75433200
2023-10-17 00:00:00+00:00,432.80999755859375,438.1400146484375,432.45001220703125,436.0199890136719,75324700
2023-10-18 00:00:00+00:00,434.19000244140625,435.17999267578125,429.0899963378906,430.2099914550781,93559800
2023-10-19 00:00:00+00:00,430.95001220703125,432.82000732421875,425.7300109863281,426.42999267578125,121323000
2023-10-20 00:00:00+00:00,425.9800109863281,426.5400085449219,421.0799865722656,421.19000244140625,123919900
2023-10-23 00:00:00+00:00,419.6099853515625,424.45001220703125,417.79998779296875,420.4599914550781,92035100
2023-10-24 00:00:00+00:00,422.6499938964844,424.82000732421875,420.739990234375,423.6300048828125,78564200
2023-10-25 00:00:00+00:00,421.8900146484375,421.9200134277344,417.0199890136719,417.54998779296875,94223200
2023-10-26 00:00:00+00:00,416.45001220703125,417.3299865722656,411.6000061035156,412.54998779296875,115156800
2023-10-27 00:00:00+00:00,414.19000244140625,414.6000061035156,409.2099914550781,410.67999267578125,107367700
2023-10-30 00:00:00+00:00,413.55999755859375,416.67999267578125,412.2200012207031,415.5899963378906,86562700
2023-10-31 00:00:00+00:00,416.17999267578125,418.5299987792969,414.2099914550781,418.20001220703125,79665200
2023-11-01 00:00:00+00:00,419.20001220703125,423.5,418.6499938964844,422.6600036621094,98068100
2023-11-02 00:00:00+00:00,426.5799865722656,430.9200134277344,426.55999755859375,430.760009765625,94938900
2023-11-03 00:00:00+00:00,433.1400146484375,436.2900085449219,433.010009765625,434.69000244140625,100167800
2023-11-06 00:00:00+00:00,435.4700012207031,436.1499938964844,433.67999267578125,435.69000244140625,67831700
2023-11-07 00:00:00+00:00,435.69000244140625,437.5899963378906,434.510009765625,436.92999267578125,64256100
2023-11-08 00:00:00+00:00,437.54998779296875,438.0899963378906,434.8699951171875,437.25,61746000
2023-11-09 00:00:00+00:00,438.42999267578125,438.4700012207031,433.3999938964844,433.8399963378906,83174400
2023-11-10 00:00:00+00:00,435.9800109863281,440.92999267578125,433.8299865722656,440.6099853515625,89462200
2023-11-13 00:00:00+00:00,439.2300109863281,441.3299865722656,438.4200134277344,440.19000244140625,52236100
2023-11-14 00:00:00+00:00,446.32000732421875,450.05999755859375,446.0899963378906,448.7300109863281,97176900
2023-11-15 00:00:00+00:00,450.1099853515625,451.3800048828125,448.79998779296875,449.67999267578125,77327600
2023-11-16 00:00:00+00:00,449.2200012207031,450.55999755859375,448.1199951171875,450.2300109863281,66665800
2023-11-17 00:00:00+00:00,450.239990234375,451.4200134277344,449.2900085449219,450.7900085449219,83133200
2023-11-20 00:00:00+00:00,450.5299987792969,455.1300048828125,450.5199890136719,454.260009765625,69936200
2023-11-21 00:00:00+00:00,453.17999267578125,454.1300048828125,451.9599914550781,453.2699890136719,49244600
2023-11-22 00:00:00+00:00,454.9800109863281,456.3800048828125,453.8900146484375,455.0199890136719,59394900
2023-11-24 00:00:00+00:00,455.07000732421875,455.5,454.7300109863281,455.29998779296875,29737400
2023-11-27 00:00:00+00:00,454.6499938964844,455.489990234375,454.0799865722656,454.4800109863281,50506000
2023-11-28 00:00:00+00:00,454.0799865722656,456.2699890136719,453.5,454.92999267578125,62115000
2023-11-29 00:00:00+00:00,457.1499938964844,458.32000732421875,454.20001220703125,454.6099853515625,63146000
2023-11-30 00:00:00+00:00,455.4800109863281,456.760009765625,453.3399963378906,456.3999938964844,79752700
2023-12-01 00:00:00+00:00,455.7699890136719,459.6499938964844,455.1600036621094,459.1000061035156,89183400
2023-12-04 00:00:00+00:00,455.6000061035156,459.1199951171875,454.3399963378906,456.69000244140625,72430900
2023-12-05 00:00:00+00:00,455.260009765625,457.5899963378906,454.8699951171875,456.6000061035156,69793500
2023-12-06 00:00:00+00:00,458.80999755859375,458.8399963378906,454.30999755859375,454.760009765625,69124700
2023-12-07 00:00:00+00:00,456.9100036621094,458.8999938964844,456.2900085449219,458.2300109863281,66995400
2023-12-08 00:00:00+00:00,457.4599914550781,460.75,457.2099914550781,460.20001220703125,83194400
2023-12-11 00:00:00+00:00,459.69000244140625,462.1700134277344,459.4700012207031,461.989990234375,65002200
2023-12-12 00:00:00+00:00,461.6300048828125,464.20001220703125,460.6000061035156,464.1000061035156,68327600
2023-12-13 00:00:00+00:00,464.489990234375,470.760009765625,464.1199951171875,470.5,93278000
2023-12-14 00:00:00+00:00,472.5,473.7300109863281,469.25,472.010009765625,119026000
2023-12-15 00:00:00+00:00,469.489990234375,470.70001220703125,467.42999267578125,469.3299865722656,141553700
2023-12-18 00:00:00+00:00,470.9800109863281,472.9800109863281,469.8900146484375,471.9700012207031,70375300
2023-12-19 00:00:00+00:00,472.5299987792969,474.9200134277344,472.45001220703125,474.8399963378906,55761800
2023-12-20 00:00:00+00:00,473.9599914550781,475.8999938964844,467.82000732421875,468.260009765625,102921000
2023-12-21 00:00:00+00:00,471.3299865722656,472.9800109863281,468.8399963378906,472.70001220703125,86667500
2023-12-22 00:00:00+00:00,473.8599853515625,475.3800048828125,471.70001220703125,473.6499938964844,67160400
2023-12-26 00:00:00+00:00,474.07000732421875,476.5799865722656,473.989990234375,475.6499938964844,55387000
2023-12-27 00:00:00+00:00,475.44000244140625,476.6600036621094,474.8900146484375,476.510009765625,68000300
2023-12-28 00:00:00+00:00,476.8800048828125,477.54998779296875,476.260009765625,476.69000244140625,77158100
2023-12-29 00:00:00+00:00,476.489990234375,477.0299987792969,473.29998779296875,475.30999755859375,122283100
2024-01-02 00:00:00+00:00,472.1600036621094,473.6700134277344,470.489990234375,472.6499938964844,123623700
2024-01-03 00:00:00+00:00,470.42999267578125,471.19000244140625,468.1700134277344,468.7900085449219,103585900
2024-01-04 00:00:00+00:00,468.29998779296875,470.9599914550781,467.04998779296875,467.2799987792969,84232200
2024-01-05 00:00:00+00:00,467.489990234375,470.44000244140625,466.42999267578125,467.9200134277344,86118900
2024-01-08 00:00:00+00:00,468.42999267578125,474.75,468.29998779296875,474.6000061035156,74879100
2024-01-09 00:00:00+00:00,471.8699951171875,474.92999267578125,471.3500061035156,473.8800048828125,65931400
2024-01-10 00:00:00+00:00,474.1600036621094,477.45001220703125,473.8699951171875,476.55999755859375,67310600
2024-01-11 00:00:00+00:00,477.5899963378906,478.1199951171875,472.260009765625,476.3500061035156,77940700
2024-01-12 00:00:00+00:00,477.8399963378906,478.6000061035156,475.2300109863281,476.67999267578125,58026400
2024-01-16 00:00:00+00:00,475.260009765625,476.6099853515625,473.05999755859375,474.92999267578125,85014900
2024-01-17 00:00:00+00:00,471.82000732421875,472.7900085449219,469.8699951171875,472.2900085449219,68843900
2024-01-18 00:00:00+00:00,474.010009765625,477.05999755859375,472.4200134277344,476.489990234375,91856200
2024-01-19 00:00:00+00:00,477.6499938964844,482.7200012207031,476.5400085449219,482.42999267578125,110834500
2024-01-22 00:00:00+00:00,484.010009765625,485.2200012207031,482.7799987792969,483.45001220703125,75844900
2024-01-23 00:00:00+00:00,484.010009765625,485.1099853515625,482.8900146484375,484.8599853515625,49945300
2024-01-24 00:00:00+00:00,487.80999755859375,488.7699890136719,484.8800048828125,485.3900146484375,81765000
2024-01-25 00:00:00+00:00,487.5799865722656,488.30999755859375,485.3900146484375,488.0299987792969,72525000
2024-01-26 00:00:00+00:00,487.5899963378906,489.1199951171875,486.5400085449219,487.4100036621094,76641600
2024-01-29 00:00:00+00:00,487.7300109863281,491.4200134277344,487.1700134277344,491.2699890136719,61322800
2024-01-30 00:00:00+00:00,490.55999755859375,491.6199951171875,490.1099853515625,490.8900146484375,58618400
2024-01-31 00:00:00+00:00,488.6199951171875,489.0799865722656,482.8599853515625,482.8800048828125,126011100
2024-02-01 00:00:00+00:00,484.6300048828125,489.2300109863281,483.79998779296875,489.20001220703125,91891600
2024-02-02 00:00:00+00:00,489.6499938964844,496.04998779296875,489.29998779296875,494.3500061035156,99228200
2024-02-05 00:00:00+00:00,493.70001220703125,494.3800048828125,490.2300109863281,492.54998779296875,75757100
2024-02-06 00:00:00+00:00,493.5199890136719,494.32000732421875,492.04998779296875,493.9800109863281,55918600
2024-02-07 00:00:00+00:00,496.2900085449219,498.5299987792969,495.3599853515625,498.1000061035156,70556500
2024-02-08 00:00:00+00:00,498.1000061035156,498.7099914550781,497.260009765625,498.32000732421875,52343600
2024-02-09 00:00:00+00:00,498.8399963378906,501.6499938964844,498.489990234375,501.20001220703125,63979400
2024-02-12 00:00:00+00:00,501.1700134277344,503.5,500.239990234375,500.9800109863281,56502300
2024-02-13 00:00:00+00:00,494.5299987792969,497.0899963378906,490.7200012207031,494.0799865722656,113099200
2024-02-14 00:00:00+00:00,496.7900085449219,499.07000732421875,494.3999938964844,498.57000732421875,68387800
2024-02-15 00:00:00+00:00,499.2900085449219,502.20001220703125,498.79998779296875,502.010009765625,61683000
2024-02-16 00:00:00+00:00,501.70001220703125,502.8699951171875,498.75,499.510009765625,75532900
2024-02-20 00:00:00+00:00,497.7200012207031,498.4100036621094,494.45001220703125,496.760009765625,71736700
2024-02-21 00:00:00+00:00,495.4200134277344,497.3699951171875,493.55999755859375,497.2099914550781,59293400
2024-02-22 00:00:00+00:00,504.010009765625,508.489990234375,503.0199890136719,507.5,76402500
2024-02-23 00:00:00+00:00,509.2699890136719,510.1300048828125,507.1000061035156,507.8500061035156,61321800
2024-02-26 00:00:00+00:00,508.29998779296875,508.75,505.8599853515625,505.989990234375,50386700
2024-02-27 00:00:00+00:00,506.70001220703125,507.1600036621094,504.75,506.92999267578125,48854500
2024-02-28 00:00:00+00:00,505.3299865722656,506.8599853515625,504.9599914550781,506.260009765625,56506600
2024-02-29 00:00:00+00:00,508.07000732421875,509.739990234375,505.3500061035156,508.0799865722656,83924800
2024-03-01 00:00:00+00:00,508.9800109863281,513.2899780273438,508.55999755859375,512.8499755859375,76844800
2024-03-04 00:00:00+00:00,512.030029296875,514.2000122070312,512.0,512.2999877929688,49799300
2024-03-05 00:00:00+00:00,510.239990234375,510.70001220703125,504.9100036621094,507.17999267578125,72855600
2024-03-06 00:00:00+00:00,510.54998779296875,512.0700073242188,508.4200134277344,509.75,68382400
2024-03-07 00:00:00+00:00,513.1400146484375,515.8900146484375,509.80999755859375,514.8099975585938,58652100
2024-03-08 00:00:00+00:00,515.4600219726562,518.219970703125,511.1300048828125,511.7200012207031,86532500
2024-03-11 00:00:00+00:00,510.4800109863281,511.8800048828125,508.5,511.2799987792969,62557200
2024-03-12 00:00:00+00:00,513.4500122070312,517.3800048828125,510.8599853515625,516.780029296875,73114400
2024-03-13 00:00:00+00:00,517.1099853515625,517.2899780273438,514.489990234375,515.969970703125,55104100
2024-03-14 00:00:00+00:00,516.969970703125,517.1300048828125,511.82000732421875,514.9500122070312,110171800
2024-03-15 00:00:00+00:00,510.2099914550781,511.70001220703125,508.1199951171875,509.8299865722656,107646300
2024-03-18 00:00:00+00:00,514.0,515.47998046875,512.4400024414062,512.8599853515625,88893300
2024-03-19 00:00:00+00:00,512.1500244140625,516.0,511.1199951171875,515.7100219726562,60755300
2024-03-20 00:00:00+00:00,515.77001953125,520.6199951171875,515.0800170898438,520.47998046875,69594600
2024-03-21 00:00:00+00:00,523.3900146484375,524.1099853515625,521.9099731445312,522.2000122070312,60256100
2024-03-22 00:00:00+00:00,522.1099853515625,522.6099853515625,520.969970703125,521.2100219726562,79070800
2024-03-25 00:00:00+00:00,519.7999877929688,520.9500122070312,519.6099853515625,519.77001953125,48512100
2024-03-26 00:00:00+00:00,521.22998046875,521.5800170898438,518.4000244140625,518.8099975585938,65463700
2024-03-27 00:00:00+00:00,521.7100219726562,523.2100219726562,519.489990234375,523.1699829101562,82999800
2024-03-28 00:00:00+00:00,523.2100219726562,524.6099853515625,522.780029296875,523.0700073242188,96294900
2024-04-01 00:00:00+00:00,523.8300170898438,524.3800048828125,520.969970703125,522.1599731445312,62477500
2024-04-02 00:00:00+00:00,518.239990234375,518.97998046875,516.47998046875,518.8400268554688,74230300
2024-04-03 00:00:00+00:00,517.719970703125,520.9500122070312,517.6699829101562,519.4099731445312,59155800
2024-04-04 00:00:00+00:00,523.52001953125,523.8699951171875,512.760009765625,513.0700073242188,96858100
2024-04-05 00:00:00+00:00,514.4600219726562,520.4400024414062,514.010009765625,518.4299926757812,74546500
2024-04-08 00:00:00+00:00,519.1500244140625,520.1799926757812,517.8900146484375,518.719970703125,48401800
2024-04-09 00:00:00+00:00,520.5,520.75,514.3499755859375,519.3200073242188,68049200
2024-04-10 00:00:00+00:00,513.47998046875,516.1599731445312,512.0900268554688,514.1199951171875,82652800
2024-04-11 00:00:00+00:00,515.6799926757812,519.47998046875,512.0800170898438,518.0,70099000
2024-04-12 00:00:00+00:00,514.3699951171875,515.8200073242188,509.0799865722656,510.8500061035156,92561100
2024-04-15 00:00:00+00:00,515.1300048828125,515.2999877929688,503.5799865722656,504.45001220703125,92101400
2024-04-16 00:00:00+00:00,504.94000244140625,506.5,502.2099914550781,503.5299987792969,73484000
2024-04-17 00:00:00+00:00,506.04998779296875,506.2200012207031,499.1199951171875,500.54998779296875,75910300
2024-04-18 00:00:00+00:00,501.9800109863281,504.1300048828125,498.55999755859375,499.5199890136719,74548100
2024-04-19 00:00:00+00:00,499.44000244140625,500.4599914550781,493.8599853515625,495.1600036621094,102212600
2024-04-22 00:00:00+00:00,497.8299865722656,502.3800048828125,495.42999267578125,499.7200012207031,67961000
2024-04-23 00:00:00+00:00,501.7799987792969,506.0899963378906,499.5299987792969,505.6499938964844,64633600
2024-04-24 00:00:00+00:00,506.55999755859375,507.3699951171875,503.1300048828125,505.4100036621094,55928100
2024-04-25 00:00:00+00:00,499.17999267578125,504.2699890136719,497.489990234375,503.489990234375,69122400
2024-04-26 00:00:00+00:00,506.3500061035156,509.8800048828125,505.70001220703125,508.260009765625,64306100
2024-04-29 00:00:00+00:00,510.0899963378906,510.75,507.25,510.05999755859375,46415400
2024-04-30 00:00:00+00:00,508.55999755859375,509.55999755859375,501.9800109863281,501.9800109863281,77483600
2024-05-01 00:00:00+00:00,501.3800048828125,508.19000244140625,499.8699951171875,500.3500061035156,80242800
2024-05-02 00:00:00+00:00,504.1499938964844,505.8900146484375,499.54998779296875,505.0299987792969,62550200
2024-05-03 00:00:00+00:00,511.1600036621094,512.5499877929688,508.55999755859375,511.2900085449219,72756700
2024-05-06 00:00:00+00:00,513.75,516.6099853515625,513.2999877929688,516.5700073242188,47264700
2024-05-07 00:00:00+00:00,517.5599975585938,518.5700073242188,516.4500122070312,517.1400146484375,52561300
2024-05-08 00:00:00+00:00,515.260009765625,517.739990234375,515.1400146484375,517.1900024414062,42047200
2024-05-09 00:00:00+00:00,517.3800048828125,520.2100219726562,516.7100219726562,520.1699829101562,43643700
2024-05-10 00:00:00+00:00,521.8099975585938,522.6400146484375,519.5900268554688,520.8400268554688,52233200
2024-05-13 00:00:00+00:00,522.5599975585938,522.6699829101562,519.739990234375,520.9099731445312,36716400
2024-05-14 00:00:00+00:00,521.1099853515625,523.8300170898438,520.5599975585938,523.2999877929688,57535900
2024-05-15 00:00:00+00:00,525.8300170898438,530.0800170898438,525.1799926757812,529.780029296875,59504900
2024-05-16 00:00:00+00:00,529.8800048828125,531.52001953125,528.5399780273438,528.6900024414062,50244800
2024-05-17 00:00:00+00:00,528.8099975585938,529.52001953125,527.3200073242188,529.4500122070312,59187600
2024-05-20 00:00:00+00:00,529.5700073242188,531.5599975585938,529.1699829101562,530.0599975585938,37764200
2024-05-21 00:00:00+00:00,529.280029296875,531.52001953125,529.0700073242188,531.3599853515625,33437000
2024-05-22 00:00:00+00:00,530.6500244140625,531.3800048828125,527.5999755859375,529.8300170898438,48390000
2024-05-23 00:00:00+00:00,532.9600219726562,533.0700073242188,524.719970703125,525.9600219726562,57211200
2024-05-24 00:00:00+00:00,527.8499755859375,530.27001953125,526.8800048828125,529.4400024414062,41291100
2024-05-28 00:00:00+00:00,530.27001953125,530.510009765625,527.1099853515625,529.8099975585938,36269600
2024-05-29 00:00:00+00:00,525.6799926757812,527.3099975585938,525.3699951171875,526.0999755859375,45190300
2024-05-30 00:00:00+00:00,524.52001953125,525.2000122070312,521.3300170898438,522.6099853515625,46377600
2024-05-31 00:00:00+00:00,523.5900268554688,527.5,518.3599853515625,527.3699951171875,90785800
2024-06-03 00:00:00+00:00,529.02001953125,529.3099975585938,522.5999755859375,527.7999877929688,46835700
2024-06-04 00:00:00+00:00,526.4600219726562,529.1500244140625,524.9600219726562,528.3900146484375,34632700
2024-06-05 00:00:00+00:00,530.77001953125,534.6900024414062,528.72998046875,534.6699829101562,47610400
2024-06-06 00:00:00+00:00,534.97998046875,535.4199829101562,532.6799926757812,534.6599731445312,30808500
2024-06-07 00:00:00+00:00,533.6599731445312,536.8900146484375,532.5399780273438,534.010009765625,43224500
2024-06-10 00:00:00+00:00,533.1799926757812,535.989990234375,532.5700073242188,535.6599731445312,35686100
2024-06-11 00:00:00+00:00,534.0700073242188,537.010009765625,532.0499877929688,536.9500122070312,36383400
2024-06-12 00:00:00+00:00,541.6300048828125,544.1199951171875,540.2999877929688,541.3599853515625,63251300
2024-06-13 00:00:00+00:00,543.1500244140625,543.3300170898438,539.5900268554688,542.4500122070312,44760900
2024-06-14 00:00:00+00:00,540.8800048828125,542.8099975585938,539.8499755859375,542.780029296875,40089900
2024-06-17 00:00:00+00:00,542.0800170898438,548.530029296875,541.6099853515625,547.0999755859375,55839500
2024-06-18 00:00:00+00:00,547.1599731445312,548.6199951171875,546.72998046875,548.489990234375,41376400
2024-06-20 00:00:00+00:00,549.4400024414062,550.1199951171875,545.1799926757812,547.0,70328200
2024-06-21 00:00:00+00:00,544.4000244140625,545.6500244140625,543.02001953125,544.510009765625,64338600
2024-06-24 00:00:00+00:00,544.3300170898438,546.9500122070312,542.6199951171875,542.739990234375,45528700
2024-06-25 00:00:00+00:00,543.989990234375,545.2000122070312,542.4400024414062,544.8300170898438,37936200
2024-06-26 00:00:00+00:00,543.6900024414062,546.239990234375,543.030029296875,545.510009765625,38550600
2024-06-27 00:00:00+00:00,545.3699951171875,546.9600219726562,544.6099853515625,546.3699951171875,35041500
2024-06-28 00:00:00+00:00,547.1599731445312,550.280029296875,542.9500122070312,544.219970703125,76144500
2024-07-01 00:00:00+00:00,545.6300048828125,545.8800048828125,542.52001953125,545.3400268554688,40297800
2024-07-02 00:00:00+00:00,543.7000122070312,549.010009765625,543.6500244140625,549.010009765625,40434800
2024-07-03 00:00:00+00:00,548.6900024414062,551.8300170898438,548.6500244140625,551.4600219726562,32789900
2024-07-05 00:00:00+00:00,551.77001953125,555.0499877929688,551.1199951171875,554.6400146484375,41488400
2024-07-08 00:00:00+00:00,555.4400024414062,556.25,554.1900024414062,555.280029296875,36110500
2024-07-09 00:00:00+00:00,556.260009765625,557.1799926757812,555.52001953125,555.8200073242188,27289700
2024-07-10 00:00:00+00:00,557.0700073242188,561.6699829101562,556.77001953125,561.3200073242188,38701200
2024-07-11 00:00:00+00:00,561.4400024414062,562.3300170898438,555.8300170898438,556.47998046875,53054200
2024-07-12 00:00:00+00:00,557.6300048828125,563.6699829101562,557.1500244140625,559.989990234375,53084400
2024-07-15 00:00:00+00:00,562.030029296875,564.8400268554688,559.6300048828125,561.530029296875,40584300
2024-07-16 00:00:00+00:00,562.8699951171875,565.1599731445312,562.0999755859375,564.8599853515625,36475300
2024-07-17 00:00:00+00:00,558.7999877929688,560.510009765625,556.6099853515625,556.9400024414062,57119000
2024-07-18 00:00:00+00:00,558.510009765625,559.52001953125,550.4299926757812,552.6599731445312,56270400
2024-07-19 00:00:00+00:00,552.4199829101562,554.0800170898438,547.9099731445312,548.989990234375,65509100
2024-07-22 00:00:00+00:00,553.0,555.27001953125,551.02001953125,554.6500244140625,43346700
2024-07-23 00:00:00+00:00,554.5399780273438,556.739990234375,553.280029296875,553.780029296875,34439600
2024-07-24 00:00:00+00:00,548.8599853515625,549.1699829101562,540.2899780273438,541.22998046875,74515300
2024-07-25 00:00:00+00:00,541.3499755859375,547.4600219726562,537.4500122070312,538.4099731445312,61158300
2024-07-26 00:00:00+00:00,542.280029296875,547.1900024414062,541.489990234375,544.4400024414062,53763800
2024-07-29 00:00:00+00:00,546.02001953125,547.0499877929688,542.719970703125,544.760009765625,39515800
2024-07-30 00:00:00+00:00,546.260009765625,547.3400268554688,538.52001953125,542.0,46853600
2024-07-31 00:00:00+00:00,548.97998046875,553.5,547.5800170898438,550.8099975585938,65663400
2024-08-01 00:00:00+00:00,552.5700073242188,554.8699951171875,539.4299926757812,543.010009765625,76428700
2024-08-02 00:00:00+00:00,535.75,536.989990234375,528.5999755859375,532.9000244140625,82789100
2024-08-05 00:00:00+00:00,511.6400146484375,523.5800170898438,510.2699890136719,517.3800048828125,146267400
2024-08-06 00:00:00+00:00,519.219970703125,529.75,517.8699951171875,522.1500244140625,84826300
2024-08-07 00:00:00+00:00,528.469970703125,531.5900268554688,518.0499877929688,518.6599731445312,70698300
2024-08-08 00:00:00+00:00,523.9099731445312,531.2899780273438,521.8400268554688,530.6500244140625,63276600
2024-08-09 00:00:00+00:00,529.8099975585938,534.510009765625,528.5599975585938,532.989990234375,45619600
2024-08-12 00:00:00+00:00,534.2100219726562,535.72998046875,530.9500122070312,533.27001953125,42542100
2024-08-13 00:00:00+00:00,536.530029296875,542.280029296875,536.280029296875,542.0399780273438,52333100
2024-08-14 00:00:00+00:00,542.8499755859375,544.9600219726562,540.1199951171875,543.75,42446900
2024-08-15 00:00:00+00:00,549.5,553.3599853515625,548.8800048828125,553.0700073242188,60846800
2024-08-16 00:00:00+00:00,551.4199829101562,555.02001953125,551.260009765625,554.3099975585938,44430700
2024-08-19 00:00:00+00:00,554.72998046875,559.6099853515625,553.8599853515625,559.6099853515625,39121800
2024-08-20 00:00:00+00:00,559.1500244140625,560.8400268554688,557.3300170898438,558.7000122070312,33732300
2024-08-21 00:00:00+00:00,559.77001953125,562.1099853515625,554.72998046875,560.6199951171875,41514600
2024-08-22 00:00:00+00:00,562.5599975585938,563.1799926757812,554.97998046875,556.219970703125,56121500
2024-08-23 00:00:00+00:00,559.530029296875,563.0900268554688,557.2899780273438,562.1300048828125,50639400
2024-08-26 00:00:00+00:00,563.1799926757812,563.9099731445312,559.0499877929688,560.7899780273438,35788600
2024-08-27 00:00:00+00:00,559.489990234375,562.0599975585938,558.3200073242188,561.5599975585938,32693900
2024-08-28 00:00:00+00:00,561.2100219726562,561.6500244140625,555.0399780273438,558.2999877929688,41066000
2024-08-29 00:00:00+00:00,560.3099975585938,563.6799926757812,557.1799926757812,558.3499755859375,38715200
2024-08-30 00:00:00+00:00,560.77001953125,564.2000122070312,557.1400146484375,563.6799926757812,62700100
2024-09-03 00:00:00+00:00,560.469970703125,560.8099975585938,549.510009765625,552.0800170898438,60600100
2024-09-04 00:00:00+00:00,550.2000122070312,554.4299926757812,549.4600219726562,550.9500122070312,47224900
2024-09-05 00:00:00+00:00,550.8900146484375,553.7999877929688,547.0999755859375,549.6099853515625,44264300
2024-09-06 00:00:00+00:00,549.9400024414062,551.5999755859375,539.4400024414062,540.3599853515625,68493800
2024-09-09 00:00:00+00:00,544.6500244140625,547.7100219726562,542.6799926757812,546.4099731445312,40445800
2024-09-10 00:00:00+00:00,548.3599853515625,549.1500244140625,543.3800048828125,548.7899780273438,36394600
2024-09-11 00:00:00+00:00,548.7000122070312,555.3599853515625,539.9600219726562,554.4199829101562,75248600
2024-09-12 00:00:00+00:00,555.010009765625,559.4000244140625,552.739990234375,559.0900268554688,51819600
2024-09-13 00:00:00+00:00,559.7100219726562,563.030029296875,559.4500122070312,562.010009765625,39310500
2024-09-16 00:00:00+00:00,561.739990234375,563.1099853515625,559.9000244140625,562.8400268554688,36656100
2024-09-17 00:00:00+00:00,565.0999755859375,566.5800170898438,560.7899780273438,563.0700073242188,49321000
2024-09-18 00:00:00+00:00,563.739990234375,568.6900024414062,560.8300170898438,561.4000244140625,59044900
2024-09-19 00:00:00+00:00,571.010009765625,572.8800048828125,568.0800170898438,570.97998046875,75315500
2024-09-20 00:00:00+00:00,567.8400268554688,569.3099975585938,565.1699829101562,568.25,77503100
2024-09-23 00:00:00+00:00,569.3400268554688,570.3300170898438,568.0999755859375,569.6699829101562,44116900
2024-09-24 00:00:00+00:00,570.47998046875,571.3599853515625,567.5999755859375,571.2999877929688,46805700
2024-09-25 00:00:00+00:00,571.1400146484375,571.8900146484375,568.9099731445312,570.0399780273438,38428600
2024-09-26 00:00:00+00:00,574.3800048828125,574.7100219726562,569.9000244140625,572.2999877929688,48336000
2024-09-27 00:00:00+00:00,573.3900146484375,574.219970703125,570.4199829101562,571.469970703125,42100900
2024-09-30 00:00:00+00:00,570.4199829101562,574.3800048828125,568.0800170898438,573.760009765625,63557400
2024-10-01 00:00:00+00:00,573.4000244140625,574.0599975585938,566.0,568.6199951171875,72668800
2024-10-02 00:00:00+00:00,567.7100219726562,569.9000244140625,565.27001953125,568.8599853515625,38097800
2024-10-03 00:00:00+00:00,567.3599853515625,569.7999877929688,565.489990234375,567.8200073242188,40846500
2024-10-04 00:00:00+00:00,572.3499755859375,573.3599853515625,568.0999755859375,572.97998046875,42939100
2024-10-07 00:00:00+00:00,571.2999877929688,571.9600219726562,566.6300048828125,567.7999877929688,49964700
2024-10-08 00:00:00+00:00,570.4199829101562,573.780029296875,569.530029296875,573.1699829101562,37398700
2024-10-09 00:00:00+00:00,573.1599731445312,577.7100219726562,572.5499877929688,577.1400146484375,37912200
2024-10-10 00:00:00+00:00,575.77001953125,577.5800170898438,574.489990234375,576.1300048828125,44138100
2024-10-11 00:00:00+00:00,576.0499877929688,580.3300170898438,575.9099731445312,579.5800170898438,42268000
2024-10-14 00:00:00+00:00,581.219970703125,585.27001953125,580.72998046875,584.3200073242188,36217200
2024-10-15 00:00:00+00:00,584.5900268554688,584.9000244140625,578.5399780273438,579.780029296875,54203600
2024-10-16 00:00:00+00:00,579.780029296875,582.8300170898438,578.9600219726562,582.2999877929688,30725400
2024-10-17 00:00:00+00:00,585.9099731445312,586.1199951171875,582.1599731445312,582.3499755859375,34393700
2024-10-18 00:00:00+00:00,584.0700073242188,585.3900146484375,582.5800170898438,584.5900268554688,37416800
2024-10-21 00:00:00+00:00,583.8499755859375,584.8499755859375,580.5999755859375,583.6300048828125,36439000
2024-10-22 00:00:00+00:00,581.0499877929688,584.5,580.3800048828125,583.3200073242188,34183800
2024-10-23 00:00:00+00:00,581.260009765625,581.7100219726562,574.4199829101562,577.989990234375,49314600
2024-10-24 00:00:00+00:00,579.97998046875,580.0599975585938,576.5700073242188,579.239990234375,34979900
2024-10-25 00:00:00+00:00,581.510009765625,584.4600219726562,578.0800170898438,579.0399780273438,47268200
2024-10-28 00:00:00+00:00,582.5800170898438,582.7100219726562,580.52001953125,580.8300170898438,30174700
2024-10-29 00:00:00+00:00,579.8499755859375,582.9099731445312,578.4299926757812,581.77001953125,42899700
2024-10-30 00:00:00+00:00,581.2899780273438,583.3200073242188,579.2899780273438,580.010009765625,41435800
2024-10-31 00:00:00+00:00,575.5599975585938,575.6300048828125,568.4400024414062,568.6400146484375,60182500
2024-11-01 00:00:00+00:00,571.3200073242188,575.5499877929688,570.6199951171875,571.0399780273438,45667500
2024-11-04 00:00:00+00:00,571.1799926757812,572.5,567.8900146484375,569.8099975585938,38217000
2024-11-05 00:00:00+00:00,570.739990234375,576.739990234375,570.52001953125,576.7000122070312,39478300
2024-11-06 00:00:00+00:00,589.2000122070312,591.9299926757812,585.3900146484375,591.0399780273438,68182000
2024-11-07 00:00:00+00:00,593.0800170898438,596.6500244140625,593.0,595.6099853515625,47233200
2024-11-08 00:00:00+00:00,596.1699829101562,599.6400146484375,596.1699829101562,598.1900024414062,46444900
2024-11-11 00:00:00+00:00,599.8099975585938,600.1699829101562,597.0,598.760009765625,37586800
2024-11-12 00:00:00+00:00,598.6799926757812,599.2899780273438,594.3699951171875,596.9000244140625,43006100
2024-11-13 00:00:00+00:00,597.3699951171875,599.22998046875,594.9600219726562,597.1900024414062,47388600
2024-11-14 00:00:00+00:00,597.3200073242188,597.8099975585938,592.6500244140625,593.3499755859375,38904100
2024-11-15 00:00:00+00:00,589.719970703125,590.2000122070312,583.8599853515625,585.75,75988800
2024-11-18 00:00:00+00:00,586.219970703125,589.489990234375,585.3400268554688,588.1500244140625,37001700
2024-11-19 00:00:00+00:00,584.7100219726562,591.0399780273438,584.030029296875,590.2999877929688,49412000
2024-11-20 00:00:00+00:00,590.3800048828125,590.7899780273438,584.6300048828125,590.5,50032600
2024-11-21 00:00:00+00:00,593.4000244140625,595.1199951171875,587.4500122070312,593.6699829101562,46750300
2024-11-22 00:00:00+00:00,593.6599731445312,596.1500244140625,593.1500244140625,595.510009765625,38226400
2024-11-25 00:00:00+00:00,599.52001953125,600.8599853515625,595.2000122070312,597.530029296875,42441400
2024-11-26 00:00:00+00:00,598.7999877929688,601.3300170898438,598.0700073242188,600.6500244140625,45621300
2024-11-27 00:00:00+00:00,600.4600219726562,600.8499755859375,597.280029296875,598.8300170898438,34000200
2024-11-29 00:00:00+00:00,599.6599731445312,603.3499755859375,599.3800048828125,602.5499877929688,30177400
2024-12-02 00:00:00+00:00,602.969970703125,604.3200073242188,602.469970703125,603.6300048828125,31746000
2024-12-03 00:00:00+00:00,603.3900146484375,604.1599731445312,602.3400268554688,603.9099731445312,26906600
2024-12-04 00:00:00+00:00,605.6300048828125,607.9099731445312,604.9500122070312,607.6599731445312,42787600
2024-12-05 00:00:00+00:00,607.6599731445312,608.47998046875,606.2999877929688,606.6599731445312,28762200
2024-12-06 00:00:00+00:00,607.4400024414062,609.0700073242188,607.02001953125,607.8099975585938,31241500
2024-12-09 00:00:00+00:00,607.6900024414062,607.8599853515625,604.0800170898438,604.6799926757812,34742700
2024-12-10 00:00:00+00:00,605.3699951171875,605.7999877929688,602.1300048828125,602.7999877929688,37234500
2024-12-11 00:00:00+00:00,605.780029296875,608.4299926757812,605.5,607.4600219726562,28677700
2024-12-12 00:00:00+00:00,606.5800170898438,607.1599731445312,604.3300170898438,604.3300170898438,31543800
2024-12-13 00:00:00+00:00,606.4000244140625,607.1300048828125,602.8099975585938,604.2100219726562,35904700
2024-12-16 00:00:00+00:00,606.0,607.780029296875,605.2100219726562,606.7899780273438,43695200
2024-12-17 00:00:00+00:00,604.1900024414062,605.1699829101562,602.8900146484375,604.2899780273438,55773500
2024-12-18 00:00:00+00:00,603.97998046875,606.4099731445312,585.8900146484375,586.280029296875,108248700
2024-12-19 00:00:00+00:00,591.3599853515625,593.0,585.8499755859375,586.0999755859375,85919500
2024-12-20 00:00:00+00:00,581.77001953125,595.75,580.9099731445312,591.1500244140625,125716700
2024-12-23 00:00:00+00:00,590.8900146484375,595.2999877929688,587.6599731445312,594.6900024414062,57635800
2024-12-24 00:00:00+00:00,596.0599975585938,601.3400268554688,595.469970703125,601.2999877929688,33160100
2024-12-26 00:00:00+00:00,599.5,602.47998046875,598.0800170898438,601.3400268554688,41219100
2024-12-27 00:00:00+00:00,597.5399780273438,597.780029296875,590.760009765625,595.010009765625,64969300
2024-12-30 00:00:00+00:00,587.8900146484375,591.739990234375,584.4099731445312,588.219970703125,56578800
2024-12-31 00:00:00+00:00,589.9099731445312,590.6400146484375,584.4199829101562,586.0800170898438,57052700
2025-01-02 00:00:00+00:00,589.3900146484375,591.1300048828125,580.5,584.6400146484375,50204000
2025-01-03 00:00:00+00:00,587.530029296875,592.5999755859375,586.4299926757812,591.9500122070312,37888500
2025-01-06 00:00:00+00:00,596.27001953125,599.7000122070312,593.5999755859375,595.3599853515625,47679400
2025-01-07 00:00:00+00:00,597.4199829101562,597.75,586.780029296875,588.6300048828125,60393100
2025-01-08 00:00:00+00:00,588.7000122070312,590.5800170898438,585.2000122070312,589.489990234375,47304700
2025-01-10 00:00:00+00:00,585.8800048828125,585.9500122070312,578.5499877929688,580.489990234375,73105000
2025-01-13 00:00:00+00:00,575.77001953125,581.75,575.3499755859375,581.3900146484375,47910100
2025-01-14 00:00:00+00:00,584.3599853515625,585.0,578.3499755859375,582.1900024414062,48420600
2025-01-15 00:00:00+00:00,590.3300170898438,593.9400024414062,589.2000122070312,592.780029296875,56900200
2025-01-16 00:00:00+00:00,594.1699829101562,594.3499755859375,590.9299926757812,591.6400146484375,43319700
2025-01-17 00:00:00+00:00,596.9600219726562,599.3599853515625,595.6099853515625,597.5800170898438,58070600
2025-01-21 00:00:00+00:00,600.6699829101562,603.0599975585938,598.6699829101562,603.0499877929688,42532900
2025-01-22 00:00:00+00:00,605.9199829101562,607.8200073242188,605.3599853515625,606.4400024414062,48196000
2025-01-23 00:00:00+00:00,605.7999877929688,609.75,605.52001953125,609.75,41152100
2025-01-24 00:00:00+00:00,609.8099975585938,610.780029296875,606.7999877929688,607.969970703125,34604700
2025-01-27 00:00:00+00:00,594.8099975585938,599.6900024414062,594.6400146484375,599.3699951171875,70361100
2025-01-28 00:00:00+00:00,600.6199951171875,605.3699951171875,597.25,604.52001953125,44433300
2025-01-29 00:00:00+00:00,603.719970703125,604.1300048828125,599.219970703125,601.8099975585938,37177400
2025-01-30 00:00:00+00:00,603.9600219726562,606.5999755859375,600.719970703125,605.0399780273438,39281300
2025-01-31 00:00:00+00:00,607.5,609.9600219726562,601.0499877929688,601.8200073242188,66566900
2025-02-03 00:00:00+00:00,592.6699829101562,600.2899780273438,590.489990234375,597.77001953125,65857200
2025-02-04 00:00:00+00:00,597.8300170898438,602.2999877929688,597.280029296875,601.780029296875,33457800
2025-02-05 00:00:00+00:00,600.6400146484375,604.3699951171875,598.5800170898438,604.219970703125,30653100
2025-02-06 00:00:00+00:00,605.989990234375,606.4500122070312,602.6300048828125,606.3200073242188,35771500
2025-02-07 00:00:00+00:00,606.8900146484375,608.1300048828125,600.0499877929688,600.77001953125,50788500
2025-02-10 00:00:00+00:00,604.030029296875,605.5,602.739990234375,604.8499755859375,26048700
2025-02-11 00:00:00+00:00,602.5499877929688,605.8599853515625,602.4299926757812,605.3099975585938,30056700
2025-02-12 00:00:00+00:00,599.2000122070312,604.5499877929688,598.510009765625,603.3599853515625,45076100
2025-02-13 00:00:00+00:00,604.47998046875,609.9400024414062,603.2000122070312,609.72998046875,40921300
2025-02-14 00:00:00+00:00,609.9400024414062,610.989990234375,609.0700073242188,609.7000122070312,26910400
2025-02-18 00:00:00+00:00,610.8800048828125,611.489990234375,608.3800048828125,611.489990234375,26749000
2025-02-19 00:00:00+00:00,610.0800170898438,613.22998046875,609.5599975585938,612.9299926757812,31011100
2025-02-20 00:00:00+00:00,611.5399780273438,611.6799926757812,607.02001953125,610.3800048828125,36554000
2025-02-21 00:00:00+00:00,610.1599731445312,610.2999877929688,599.469970703125,599.9400024414062,76519800
2025-02-24 00:00:00+00:00,602.02001953125,603.030029296875,596.489990234375,597.2100219726562,50737200
2025-02-25 00:00:00+00:00,597.1500244140625,597.8900146484375,589.5599975585938,594.239990234375,58266500
2025-02-26 00:00:00+00:00,595.9299926757812,599.5800170898438,591.8599853515625,594.5399780273438,43321600
2025-02-27 00:00:00+00:00,596.8499755859375,598.02001953125,584.6500244140625,585.0499877929688,74196700
2025-02-28 00:00:00+00:00,585.5599975585938,594.719970703125,582.4400024414062,594.1799926757812,88744100
2025-03-03 00:00:00+00:00,596.1799926757812,597.3400268554688,579.9000244140625,583.77001953125,74249200
2025-03-04 00:00:00+00:00,579.7100219726562,585.3900146484375,572.25,576.8599853515625,109648200
2025-03-05 00:00:00+00:00,576.6900024414062,584.8800048828125,573.0800170898438,583.0599975585938,71230500
2025-03-06 00:00:00+00:00,575.47998046875,580.1699829101562,570.1199951171875,572.7100219726562,80094900
2025-03-07 00:00:00+00:00,570.9000244140625,577.3900146484375,565.6300048828125,575.9199829101562,81158800
2025-03-10 00:00:00+00:00,567.5900268554688,569.5399780273438,555.5900268554688,560.5800170898438,99326600
2025-03-11 00:00:00+00:00,559.4000244140625,564.02001953125,552.02001953125,555.9199829101562,88102100
2025-03-12 00:00:00+00:00,562.1699829101562,563.1099853515625,553.6900024414062,558.8699951171875,69588200
2025-03-13 00:00:00+00:00,558.489990234375,559.1099853515625,549.6799926757812,551.4199829101562,74079400
2025-03-14 00:00:00+00:00,556.1099853515625,563.8300170898438,551.489990234375,562.8099975585938,62660300
2025-03-17 00:00:00+00:00,562.7899780273438,569.7100219726562,562.3499755859375,567.1500244140625,49008700
2025-03-18 00:00:00+00:00,564.7999877929688,565.02001953125,559.0599975585938,561.02001953125,66041400
2025-03-19 00:00:00+00:00,562.8300170898438,570.9500122070312,561.6300048828125,567.1300048828125,66556000
2025-03-20 00:00:00+00:00,563.3300170898438,570.5700073242188,562.5999755859375,565.489990234375,62958200
2025-03-21 00:00:00+00:00,559.280029296875,564.8900146484375,558.030029296875,563.97998046875,83763000
2025-03-24 00:00:00+00:00,570.7999877929688,575.1500244140625,570.2000122070312,574.0800170898438,58766800
2025-03-25 00:00:00+00:00,575.2999877929688,576.4099731445312,573.6900024414062,575.4600219726562,38355700
2025-03-26 00:00:00+00:00,575.1900024414062,576.3300170898438,567.1900024414062,568.5900268554688,51848300
2025-03-27 00:00:00+00:00,567.1799926757812,570.9000244140625,564.9400024414062,567.0800170898438,42164200
2025-03-28 00:00:00+00:00,565.530029296875,566.27001953125,555.0700073242188,555.6599731445312,71662700
2025-03-31 00:00:00+00:00,549.8300170898438,560.7100219726562,546.8699951171875,559.3900146484375,95328200
2025-04-01 00:00:00+00:00,557.4500122070312,562.9400024414062,553.6799926757812,560.969970703125,54609600
2025-04-02 00:00:00+00:00,555.0499877929688,567.4199829101562,554.8099975585938,564.52001953125,76014500
2025-04-03 00:00:00+00:00,545.1099853515625,547.969970703125,536.7000122070312,536.7000122070312,125986000
2025-04-04 00:00:00+00:00,523.6699829101562,525.8699951171875,505.05999755859375,505.2799987792969,217965100
2025-04-07 00:00:00+00:00,489.19000244140625,523.1699829101562,481.79998779296875,504.3800048828125,256611400
2025-04-08 00:00:00+00:00,521.8599853515625,524.97998046875,489.1600036621094,496.4800109863281,165816600
2025-04-09 00:00:00+00:00,493.44000244140625,548.6199951171875,493.04998779296875,548.6199951171875,241867300
2025-04-10 00:00:00+00:00,532.1699829101562,533.5,509.32000732421875,524.5800170898438,162331200
2025-04-11 00:00:00+00:00,523.010009765625,536.4299926757812,520.0700073242188,533.9400024414062,97866300
2025-04-14 00:00:00+00:00,544.0499877929688,544.280029296875,533.8599853515625,539.1199951171875,68034000
2025-04-15 00:00:00+00:00,539.6699829101562,543.22998046875,536.8099975585938,537.6099853515625,56892900
2025-04-16 00:00:00+00:00,531.6799926757812,537.8900146484375,520.2899780273438,525.6599731445312,83484800
2025-04-17 00:00:00+00:00,527.6400146484375,531.1699829101562,523.9099731445312,526.4099731445312,79868100
2025-04-21 00:00:00+00:00,521.1599731445312,521.7000122070312,508.4599914550781,513.8800048828125,69368100
2025-04-22 00:00:00+00:00,520.1400146484375,529.2999877929688,519.1900024414062,527.25,75948100
2025-04-23 00:00:00+00:00,540.4299926757812,545.4299926757812,533.8800048828125,535.4199829101562,90590700
2025-04-24 00:00:00+00:00,536.719970703125,547.4299926757812,535.4500122070312,546.6900024414062,64150400
2025-04-25 00:00:00+00:00,546.6500244140625,551.0499877929688,543.6900024414062,550.6400146484375,61119600
2025-04-28 00:00:00+00:00,551.3900146484375,553.5499877929688,545.02001953125,550.8499755859375,47613800
2025-04-29 00:00:00+00:00,548.9099731445312,555.4500122070312,548.5499877929688,554.3200073242188,47775100
2025-04-30 00:00:00+00:00,547.5700073242188,556.52001953125,541.52001953125,554.5399780273438,93101500
2025-05-01 00:00:00+00:00,560.3699951171875,564.0700073242188,557.8599853515625,558.469970703125,63186100
2025-05-02 00:00:00+00:00,564.72998046875,568.3800048828125,562.3800048828125,566.760009765625,60717300
2025-05-05 00:00:00+00:00,562.5700073242188,566.6500244140625,561.7000122070312,563.510009765625,38659200
2025-05-06 00:00:00+00:00,557.9299926757812,563.3499755859375,556.9600219726562,558.7999877929688,48264700
2025-05-07 00:00:00+00:00,560.1500244140625,563.8200073242188,556.0399780273438,561.1500244140625,55588000
2025-05-08 00:00:00+00:00,565.239990234375,570.3099975585938,561.7000122070312,565.0599975585938,65130800
2025-05-09 00:00:00+00:00,566.47998046875,567.5,562.760009765625,564.3400268554688,37603400
2025-05-12 00:00:00+00:00,581.469970703125,583.0,577.0399780273438,582.989990234375,78993600
2025-05-13 00:00:00+00:00,583.4099731445312,589.0800170898438,582.8400268554688,586.8400268554688,67947200
2025-05-14 00:00:00+00:00,587.8099975585938,588.97998046875,585.5399780273438,587.5900268554688,66283500
2025-05-15 00:00:00+00:00,585.5599975585938,590.969970703125,585.0999755859375,590.4600219726562,71268100
2025-05-16 00:00:00+00:00,591.25,594.5,589.280029296875,594.2000122070312,76052100
2025-05-19 00:00:00+00:00,588.0999755859375,595.5399780273438,588.0999755859375,594.8499755859375,68168500
2025-05-20 00:00:00+00:00,593.0900268554688,594.0499877929688,589.5999755859375,592.8499755859375,60614500
2025-05-21 00:00:00+00:00,588.4400024414062,592.5800170898438,581.8200073242188,582.8599853515625,95197700
2025-05-22 00:00:00+00:00,582.6599731445312,586.6199951171875,581.4099731445312,583.0900268554688,70860400
2025-05-23 00:00:00+00:00,575.97998046875,581.8099975585938,575.5999755859375,579.1099853515625,76029000
2025-05-27 00:00:00+00:00,586.0700073242188,591.3099975585938,578.4299926757812,591.1500244140625,72588500
2025-05-28 00:00:00+00:00,591.5599975585938,592.77001953125,586.989990234375,587.72998046875,68445500
2025-05-29 00:00:00+00:00,593.0599975585938,593.2000122070312,586.0700073242188,590.0499877929688,69973300
2025-05-30 00:00:00+00:00,588.9299926757812,591.1300048828125,583.239990234375,589.3900146484375,90601200
2025-06-02 00:00:00+00:00,587.760009765625,592.7899780273438,585.0599975585938,592.7100219726562,61630500
2025-06-03 00:00:00+00:00,592.3400268554688,597.0800170898438,591.8499755859375,596.0900268554688,63606200
2025-06-04 00:00:00+00:00,596.9600219726562,597.9500122070312,595.489990234375,595.9299926757812,57314200
2025-06-05 00:00:00+00:00,597.6300048828125,599.0,591.0499877929688,593.0499877929688,92278700
2025-06-06 00:00:00+00:00,598.6599731445312,600.8300170898438,596.8599853515625,599.1400146484375,66588700
2025-06-09 00:00:00+00:00,599.719970703125,601.25,598.489990234375,599.6799926757812,53016400
2025-06-10 00:00:00+00:00,600.219970703125,603.469970703125,599.0900268554688,603.0800170898438,66247000
2025-06-11 00:00:00+00:00,604.1900024414062,605.0599975585938,599.27001953125,601.3599853515625,73658200
2025-06-12 00:00:00+00:00,600.010009765625,603.75,599.52001953125,603.75,64129000
2025-06-13 00:00:00+00:00,598.5,601.8499755859375,595.47998046875,597.0,89506000
2025-06-16 00:00:00+00:00,600.4000244140625,604.4500122070312,600.219970703125,602.6799926757812,79984100
2025-06-17 00:00:00+00:00,600.2100219726562,601.75,596.760009765625,597.530029296875,82209400
2025-06-18 00:00:00+00:00,598.4400024414062,601.219970703125,596.469970703125,597.4400024414062,76605000
2025-06-20 00:00:00+00:00,598.3800048828125,599.4600219726562,592.8599853515625,594.280029296875,94051400
2025-06-23 00:00:00+00:00,595.0399780273438,600.5399780273438,591.8900146484375,600.1500244140625,87426000
2025-06-24 00:00:00+00:00,604.3300170898438,607.8499755859375,603.4099731445312,606.780029296875,67735300
2025-06-25 00:00:00+00:00,607.9099731445312,608.6099853515625,605.5399780273438,607.1199951171875,62114800
2025-06-26 00:00:00+00:00,608.989990234375,612.3099975585938,608.3699951171875,611.8699951171875,78548400
2025-06-27 00:00:00+00:00,612.8800048828125,616.3900146484375,610.8300170898438,614.9099731445312,86258400
2025-06-30 00:00:00+00:00,617.3800048828125,619.219970703125,615.0399780273438,617.8499755859375,92502500
2025-07-01 00:00:00+00:00,616.3599853515625,618.8300170898438,615.52001953125,617.6500244140625,70030100
2025-07-02 00:00:00+00:00,617.239990234375,620.489990234375,616.6099853515625,620.4500122070312,66510400
2025-07-03 00:00:00+00:00,622.4500122070312,626.280029296875,622.4299926757812,625.3400268554688,51065800
2025-07-07 00:00:00+00:00,623.3599853515625,624.030029296875,617.8699951171875,620.6799926757812,74814500
2025-07-08 00:00:00+00:00,621.3499755859375,622.1099853515625,619.52001953125,620.3400268554688,59024600
2025-07-09 00:00:00+00:00,622.77001953125,624.719970703125,620.9099731445312,624.0599975585938,66113300
2025-07-10 00:00:00+00:00,624.2000122070312,626.8699951171875,623.010009765625,625.8200073242188,57529000
2025-07-11 00:00:00+00:00,622.739990234375,624.8599853515625,621.530029296875,623.6199951171875,63670200
2025-07-14 00:00:00+00:00,623.1599731445312,625.1599731445312,621.7999877929688,624.8099975585938,51898500
2025-07-15 00:00:00+00:00,627.52001953125,627.8599853515625,622.0599975585938,622.1400146484375,74317300
2025-07-16 00:00:00+00:00,623.739990234375,624.72998046875,618.0499877929688,624.219970703125,88987500
2025-07-17 00:00:00+00:00,624.4000244140625,628.4000244140625,624.1799926757812,628.0399780273438,68885700
2025-07-18 00:00:00+00:00,629.2999877929688,629.469970703125,626.4600219726562,627.5800170898438,65621600
2025-07-21 00:00:00+00:00,628.77001953125,631.5399780273438,628.3400268554688,628.77001953125,63375000
2025-07-22 00:00:00+00:00,629.0999755859375,629.72998046875,626.1900024414062,628.8599853515625,60046300
2025-07-23 00:00:00+00:00,631.5499877929688,634.2100219726562,629.72998046875,634.2100219726562,70511000
2025-07-24 00:00:00+00:00,634.5999755859375,636.1500244140625,633.989990234375,634.4199829101562,71307100
2025-07-25 00:00:00+00:00,635.0900268554688,637.5800170898438,634.8400268554688,637.0999755859375,56865400
2025-07-28 00:00:00+00:00,637.47998046875,638.0399780273438,635.5399780273438,636.9400024414062,54917100
2025-07-29 00:00:00+00:00,638.3499755859375,638.6699829101562,634.3400268554688,635.260009765625,60556300
2025-07-30 00:00:00+00:00,635.9199829101562,637.6799926757812,631.5399780273438,634.4600219726562,80418900
2025-07-31 00:00:00+00:00,639.4600219726562,639.8499755859375,630.77001953125,632.0800170898438,103385200
2025-08-01 00:00:00+00:00,626.2999877929688,626.3400268554688,619.2899780273438,621.719970703125,140103600
2025-08-04 00:00:00+00:00,625.6699829101562,631.219970703125,625.5800170898438,631.1699829101562,73218000
2025-08-05 00:00:00+00:00,631.7899780273438,632.6099853515625,627.0399780273438,627.969970703125,68051400
2025-08-06 00:00:00+00:00,629.0499877929688,633.4400024414062,628.1300048828125,632.780029296875,64357500
2025-08-07 00:00:00+00:00,636.239990234375,636.97998046875,629.1099853515625,632.25,74205800
2025-08-08 00:00:00+00:00,634.0599975585938,637.6500244140625,633.739990234375,637.1799926757812,64051600
2025-08-11 00:00:00+00:00,637.4600219726562,638.9500122070312,634.6599731445312,635.9199829101562,58742300
2025-08-12 00:00:00+00:00,638.2899780273438,642.8499755859375,636.7899780273438,642.6900024414062,64730800
2025-08-13 00:00:00+00:00,644.9099731445312,646.1900024414062,642.6799926757812,644.8900146484375,60092800
2025-08-14 00:00:00+00:00,642.7899780273438,645.6199951171875,642.3400268554688,644.9500122070312,59327500
2025-08-15 00:00:00+00:00,645.989990234375,646.0900268554688,642.52001953125,643.4400024414062,68592500
2025-08-18 00:00:00+00:00,642.8599853515625,644.0,642.1799926757812,643.2999877929688,43804900
2025-08-19 00:00:00+00:00,643.1199951171875,644.1099853515625,638.47998046875,639.8099975585938,69750700
2025-08-20 00:00:00+00:00,639.4000244140625,639.6599731445312,632.9500122070312,638.1099853515625,88890300
2025-08-21 00:00:00+00:00,636.280029296875,637.969970703125,633.8099975585938,635.5499877929688,54805800
2025-08-22 00:00:00+00:00,637.760009765625,646.5,637.25,645.3099975585938,84083200
2025-08-25 00:00:00+00:00,644.0399780273438,645.2899780273438,642.3499755859375,642.469970703125,51274300
2025-08-26 00:00:00+00:00,642.2000122070312,645.510009765625,641.5700073242188,645.1599731445312,51581600
2025-08-27 00:00:00+00:00,644.5700073242188,647.3699951171875,644.4199829101562,646.6300048828125,48341100
2025-08-28 00:00:00+00:00,647.239990234375,649.47998046875,645.3400268554688,648.9199829101562,61519500
2025-08-29 00:00:00+00:00,647.469970703125,647.8400268554688,643.1400146484375,645.0499877929688,74522200
2025-09-02 00:00:00+00:00,637.5,640.489990234375,634.9199829101562,640.27001953125,81983500
2025-09-03 00:00:00+00:00,642.6699829101562,644.2100219726562,640.4600219726562,643.739990234375,70820900
2025-09-04 00:00:00+00:00,644.4199829101562,649.1500244140625,643.510009765625,649.1199951171875,65219200
2025-09-05 00:00:00+00:00,651.47998046875,652.2100219726562,643.3300170898438,647.239990234375,85178900
2025-09-08 00:00:00+00:00,648.6199951171875,649.8400268554688,647.22998046875,648.8300170898438,63133100
2025-09-09 00:00:00+00:00,648.969970703125,650.8599853515625,647.219970703125,650.3300170898438,66133900
2025-09-10 00:00:00+00:00,653.6199951171875,654.5499877929688,650.6300048828125,652.2100219726562,78034500
2025-09-11 00:00:00+00:00,654.1799926757812,658.3300170898438,653.5900268554688,657.6300048828125,69934400
2025-09-12 00:00:00+00:00,657.5999755859375,659.1099853515625,656.9000244140625,657.4099731445312,72780100
2025-09-15 00:00:00+00:00,659.6400146484375,661.0399780273438,659.3400268554688,660.9099731445312,63772400
2025-09-16 00:00:00+00:00,661.469970703125,661.780029296875,659.2100219726562,660.0,61169000
2025-09-17 00:00:00+00:00,660.010009765625,661.719970703125,654.2999877929688,659.1799926757812,101952200
2025-09-18 00:00:00+00:00,661.8900146484375,664.8900146484375,660.27001953125,662.260009765625,90459200
2025-09-19 00:00:00+00:00,662.3300170898438,664.5499877929688,660.3699951171875,663.7000122070312,97945600
2025-09-22 00:00:00+00:00,662.2000122070312,667.2899780273438,662.1699829101562,666.8400268554688,69452200
2025-09-23 00:00:00+00:00,666.719970703125,667.3400268554688,661.97998046875,663.2100219726562,81708900
2025-09-24 00:00:00+00:00,664.510009765625,664.6099853515625,659.6699829101562,661.0999755859375,68082200
2025-09-25 00:00:00+00:00,657.9400024414062,659.4099731445312,654.4099731445312,658.0499877929688,89622100
2025-09-26 00:00:00+00:00,659.510009765625,662.3699951171875,657.8800048828125,661.8200073242188,69179200
2025-09-29 00:00:00+00:00,664.3599853515625,665.280029296875,661.8599853515625,663.6799926757812,73499000
2025-09-30 00:00:00+00:00,662.9299926757812,666.6500244140625,661.6099853515625,666.1799926757812,86288000
2025-10-01 00:00:00+00:00,663.1699829101562,669.3699951171875,663.0599975585938,668.4500122070312,72545400
2025-10-02 00:00:00+00:00,670.4500122070312,670.5700073242188,666.780029296875,669.219970703125,56896000
2025-10-03 00:00:00+00:00,669.989990234375,672.6799926757812,668.1599731445312,669.2100219726562,70494400
2025-10-06 00:00:00+00:00,671.6199951171875,672.510009765625,669.4600219726562,671.6099853515625,54623300
2025-10-07 00:00:00+00:00,672.5399780273438,672.989990234375,667.6699829101562,669.1199951171875,72020100
2025-10-08 00:00:00+00:00,670.25,673.2100219726562,669.4199829101562,673.1099853515625,60702200
2025-10-09 00:00:00+00:00,673.530029296875,673.9400024414062,669.2100219726562,671.1599731445312,66501900
2025-10-10 00:00:00+00:00,672.1300048828125,673.9500122070312,652.8400268554688,653.02001953125,159422600
2025-10-13 00:00:00+00:00,660.6500244140625,665.1300048828125,659.77001953125,663.0399780273438,79560500
2025-10-14 00:00:00+00:00,657.1699829101562,665.8300170898438,653.1699829101562,662.22998046875,88779600
2025-10-15 00:00:00+00:00,666.8200073242188,670.22998046875,658.9299926757812,665.1699829101562,81702600
2025-10-16 00:00:00+00:00,666.8200073242188,668.7100219726562,657.1099853515625,660.6400146484375,110563300
2025-10-17 00:00:00+00:00,659.5,665.760009765625,658.1400146484375,664.3900146484375,96500900
2025-10-20 00:00:00+00:00,667.3200073242188,672.2100219726562,667.27001953125,671.2999877929688,60493400
2025-10-21 00:00:00+00:00,671.4400024414062,672.989990234375,669.97998046875,671.2899780273438,56249000
2025-10-22 00:00:00+00:00,672.0,672.0,663.2999877929688,667.7999877929688,80564000
2025-10-23 00:00:00+00:00,668.1199951171875,672.7100219726562,667.7999877929688,671.760009765625,65604500
2025-10-24 00:00:00+00:00,676.4600219726562,678.469970703125,675.6500244140625,677.25,74356500
2025-10-27 00:00:00+00:00,682.72998046875,685.5399780273438,682.1199951171875,685.239990234375,63339800
2025-10-28 00:00:00+00:00,687.0499877929688,688.9099731445312,684.8300170898438,687.0599975585938,61738100
2025-10-29 00:00:00+00:00,688.719970703125,689.7000122070312,682.8699951171875,687.3900146484375,85657100
2025-10-30 00:00:00+00:00,683.9000244140625,685.9400024414062,679.8300170898438,679.8300170898438,76335800
2025-10-31 00:00:00+00:00,685.0399780273438,685.0800170898438,679.239990234375,682.0599975585938,87164100
2025-11-03 00:00:00+00:00,685.6699829101562,685.7999877929688,679.9400024414062,683.3400268554688,57315000
2025-11-04 00:00:00+00:00,676.1099853515625,679.9600219726562,674.5800170898438,675.239990234375,78427000
2025-11-05 00:00:00+00:00,674.97998046875,680.8599853515625,674.1699829101562,677.5800170898438,74402400
2025-11-06 00:00:00+00:00,676.469970703125,677.3800048828125,668.719970703125,670.3099975585938,85035300
2025-11-07 00:00:00+00:00,667.9099731445312,671.0800170898438,661.2100219726562,670.969970703125,100592400
2025-11-10 00:00:00+00:00,677.239990234375,682.1799926757812,675.030029296875,681.4400024414062,75842900
2025-11-11 00:00:00+00:00,679.9500122070312,683.5700073242188,678.72998046875,683.0,58953400
2025-11-12 00:00:00+00:00,684.7899780273438,684.9600219726562,680.9500122070312,683.3800048828125,62312500
2025-11-13 00:00:00+00:00,680.5,680.8599853515625,670.52001953125,672.0399780273438,103457800
2025-11-14 00:00:00+00:00,665.3800048828125,675.6599731445312,663.27001953125,671.9299926757812,96846700
2025-11-17 00:00:00+00:00,669.7000122070312,673.7100219726562,662.1699829101562,665.6699829101562,90456100
2025-11-18 00:00:00+00:00,662.0999755859375,665.1199951171875,655.8599853515625,660.0800170898438,114467500
2025-11-19 00:00:00+00:00,660.780029296875,667.3400268554688,658.75,662.6300048828125,94703000
2025-11-20 00:00:00+00:00,672.9099731445312,675.5599975585938,651.8900146484375,652.530029296875,165293500
2025-11-21 00:00:00+00:00,655.0499877929688,664.5499877929688,650.8499755859375,659.030029296875,123956200
2025-11-24 00:00:00+00:00,662.6900024414062,670.0599975585938,661.5900268554688,668.72998046875,80437900
2025-11-25 00:00:00+00:00,668.6300048828125,676.2100219726562,664.47998046875,675.02001953125,81077100
2025-11-26 00:00:00+00:00,677.6300048828125,681.7000122070312,676.719970703125,679.6799926757812,71879600
2025-11-28 00:00:00+00:00,680.8599853515625,683.6699829101562,680.5,683.3900146484375,49212000
2025-12-01 00:00:00+00:00,678.8099975585938,682.989990234375,678.739990234375,680.27001953125,61201200
2025-12-02 00:00:00+00:00,681.9199829101562,683.8200073242188,679.3300170898438,681.530029296875,62953800
2025-12-03 00:00:00+00:00,680.5700073242188,684.9099731445312,679.6900024414062,683.8900146484375,57238500
2025-12-04 00:00:00+00:00,685.2999877929688,685.3699951171875,681.3400268554688,684.3900146484375,61970300
2025-12-05 00:00:00+00:00,685.469970703125,688.3900146484375,684.5800170898438,685.6900024414062,79241000
2025-12-08 00:00:00+00:00,686.5900268554688,686.6400146484375,681.5700073242188,683.6300048828125,55231500
2025-12-09 00:00:00+00:00,683.1500244140625,685.3900146484375,682.5900268554688,683.0399780273438,58310100
2025-12-10 00:00:00+00:00,682.5599975585938,688.969970703125,681.3099975585938,687.5700073242188,85671300
2025-12-11 00:00:00+00:00,685.1400146484375,689.25,682.1699829101562,689.1699829101562,86173700
2025-12-12 00:00:00+00:00,688.1699829101562,688.8800048828125,679.1699829101562,681.760009765625,113160300
2025-12-15 00:00:00+00:00,685.739990234375,685.760009765625,679.25,680.72998046875,90811000
2025-12-16 00:00:00+00:00,679.22998046875,681.0800170898438,674.97998046875,678.8699951171875,122030600
2025-12-17 00:00:00+00:00,679.8900146484375,680.4400024414062,671.2000122070312,671.4000244140625,110625200
2025-12-18 00:00:00+00:00,677.5999755859375,680.739990234375,674.9000244140625,676.469970703125,108650100
2025-12-19 00:00:00+00:00,676.5900268554688,681.0900268554688,676.469970703125,680.5900268554688,103599500
2025-12-22 00:00:00+00:00,683.9400024414062,685.3599853515625,680.5900268554688,684.8300170898438,69556700
2025-12-23 00:00:00+00:00,683.9199829101562,688.2000122070312,683.8699951171875,687.9600219726562,64840000
2025-12-24 00:00:00+00:00,687.9500122070312,690.8300170898438,687.7999877929688,690.3800048828125,39445600
2025-12-26 00:00:00+00:00,690.6400146484375,691.6599731445312,689.27001953125,690.3099975585938,41613300
2025-12-29 00:00:00+00:00,687.5399780273438,689.2000122070312,686.0700073242188,687.8499755859375,62559500
2025-12-30 00:00:00+00:00,687.4500122070312,688.5599975585938,686.5800170898438,687.010009765625,47160700
2025-12-31 00:00:00+00:00,687.1400146484375,687.3599853515625,681.7100219726562,681.9199829101562,74144800
2026-01-02 00:00:00+00:00,685.7100219726562,686.8699951171875,679.8200073242188,683.1699829101562,89377200
2026-01-05 00:00:00+00:00,686.5399780273438,689.4299926757812,686.3800048828125,687.719970703125,71927200
2026-01-06 00:00:00+00:00,687.9299926757812,692.3200073242188,687.780029296875,691.8099975585938,69273800
2026-01-07 00:00:00+00:00,692.1900024414062,693.9600219726562,689.3200073242188,689.5800170898438,75588300
2026-01-08 00:00:00+00:00,688.8200073242188,690.6199951171875,687.489990234375,689.510009765625,64019200
2026-01-09 00:00:00+00:00,690.6300048828125,695.3099975585938,689.1799926757812,694.0700073242188,80125500
2026-01-12 00:00:00+00:00,690.6799926757812,696.0900268554688,690.6300048828125,695.1599731445312,63863300
2026-01-13 00:00:00+00:00,695.489990234375,696.0900268554688,692.0900268554688,694.47998046875,34076826
